2025-09-07 11:19:14,175 - DEBUG - 1 change detected: {(<Change.modified: 2>, 'E:\\Next JS\\researchbot\\backend\\logs')}
2025-09-07 11:19:31,263 - DEBUG - 1 change detected: {(<Change.added: 1>, 'E:\\Next JS\\researchbot\\backend\\logs\\research_assistant_20250907_111930.log')}
2025-09-07 11:19:32,549 - DEBUG - 2 changes detected: {(<Change.added: 1>, 'E:\\Next JS\\researchbot\\backend\\logs\\research_assistant_20250907_111932.log'), (<Change.modified: 2>, 'E:\\Next JS\\researchbot\\backend\\logs')}
2025-09-07 11:19:33,705 - DEBUG - 1 change detected: {(<Change.modified: 2>, 'E:\\Next JS\\researchbot\\backend\\logs')}
2025-09-07 11:19:37,016 - DEBUG - 1 change detected: {(<Change.modified: 2>, 'E:\\Next JS\\researchbot\\backend\\logs\\research_assistant_20250907_111930.log')}
2025-09-07 11:19:39,843 - DEBUG - 1 change detected: {(<Change.modified: 2>, 'E:\\Next JS\\researchbot\\backend\\logs\\research_assistant_20250907_111902.log')}
2025-09-07 11:19:40,690 - DEBUG - 1 change detected: {(<Change.modified: 2>, 'E:\\Next JS\\researchbot\\backend\\logs\\research_assistant_20250907_111902.log')}
2025-09-07 11:19:41,704 - DEBUG - 1 change detected: {(<Change.modified: 2>, 'E:\\Next JS\\researchbot\\backend\\logs\\research_assistant_20250907_111902.log')}
2025-09-07 11:19:42,706 - DEBUG - 1 change detected: {(<Change.modified: 2>, 'E:\\Next JS\\researchbot\\backend\\logs\\research_assistant_20250907_111902.log')}
2025-09-07 11:19:55,816 - DEBUG - 1 change detected: {(<Change.modified: 2>, 'E:\\Next JS\\researchbot\\backend\\logs\\research_assistant_20250907_111902.log')}
2025-09-07 11:19:56,620 - DEBUG - 1 change detected: {(<Change.modified: 2>, 'E:\\Next JS\\researchbot\\backend\\logs\\research_assistant_20250907_111902.log')}
2025-09-07 11:19:57,463 - DEBUG - 1 change detected: {(<Change.modified: 2>, 'E:\\Next JS\\researchbot\\backend\\logs\\research_assistant_20250907_111902.log')}
2025-09-07 11:24:50,581 - DEBUG - 1 change detected: {(<Change.modified: 2>, 'E:\\Next JS\\researchbot\\backend\\logs\\research_assistant_20250907_111902.log')}
2025-09-07 11:24:50,973 - DEBUG - 1 change detected: {(<Change.modified: 2>, 'E:\\Next JS\\researchbot\\backend\\logs\\research_assistant_20250907_111902.log')}
2025-09-07 11:24:51,348 - DEBUG - 1 change detected: {(<Change.modified: 2>, 'E:\\Next JS\\researchbot\\backend\\logs\\research_assistant_20250907_111902.log')}
2025-09-07 11:24:51,717 - DEBUG - 1 change detected: {(<Change.modified: 2>, 'E:\\Next JS\\researchbot\\backend\\logs\\research_assistant_20250907_111902.log')}
2025-09-07 11:24:52,086 - DEBUG - 1 change detected: {(<Change.modified: 2>, 'E:\\Next JS\\researchbot\\backend\\logs\\research_assistant_20250907_111902.log')}
2025-09-07 11:24:52,632 - DEBUG - 1 change detected: {(<Change.modified: 2>, 'E:\\Next JS\\researchbot\\backend\\logs\\research_assistant_20250907_111902.log')}
2025-09-07 11:24:53,033 - DEBUG - 1 change detected: {(<Change.modified: 2>, 'E:\\Next JS\\researchbot\\backend\\logs\\research_assistant_20250907_111902.log')}
2025-09-07 11:24:53,400 - DEBUG - 1 change detected: {(<Change.modified: 2>, 'E:\\Next JS\\researchbot\\backend\\logs\\research_assistant_20250907_111902.log')}
2025-09-07 11:24:53,791 - DEBUG - 1 change detected: {(<Change.modified: 2>, 'E:\\Next JS\\researchbot\\backend\\logs\\research_assistant_20250907_111902.log')}
2025-09-07 11:24:54,209 - DEBUG - 1 change detected: {(<Change.modified: 2>, 'E:\\Next JS\\researchbot\\backend\\logs\\research_assistant_20250907_111902.log')}
2025-09-07 11:24:54,645 - DEBUG - 1 change detected: {(<Change.modified: 2>, 'E:\\Next JS\\researchbot\\backend\\logs\\research_assistant_20250907_111902.log')}
2025-09-07 11:24:55,068 - DEBUG - 1 change detected: {(<Change.modified: 2>, 'E:\\Next JS\\researchbot\\backend\\logs\\research_assistant_20250907_111902.log')}
2025-09-07 11:24:55,433 - DEBUG - 1 change detected: {(<Change.modified: 2>, 'E:\\Next JS\\researchbot\\backend\\logs\\research_assistant_20250907_111902.log')}
2025-09-07 11:24:55,907 - DEBUG - 1 change detected: {(<Change.modified: 2>, 'E:\\Next JS\\researchbot\\backend\\logs\\research_assistant_20250907_111902.log')}
2025-09-07 11:24:56,287 - DEBUG - 1 change detected: {(<Change.modified: 2>, 'E:\\Next JS\\researchbot\\backend\\logs\\research_assistant_20250907_111902.log')}
2025-09-07 11:24:56,659 - DEBUG - 1 change detected: {(<Change.modified: 2>, 'E:\\Next JS\\researchbot\\backend\\logs\\research_assistant_20250907_111902.log')}
2025-09-07 11:24:57,071 - DEBUG - 1 change detected: {(<Change.modified: 2>, 'E:\\Next JS\\researchbot\\backend\\logs\\research_assistant_20250907_111902.log')}
2025-09-07 11:24:57,504 - DEBUG - 1 change detected: {(<Change.modified: 2>, 'E:\\Next JS\\researchbot\\backend\\logs\\research_assistant_20250907_111902.log')}
2025-09-07 11:24:57,870 - DEBUG - 1 change detected: {(<Change.modified: 2>, 'E:\\Next JS\\researchbot\\backend\\logs\\research_assistant_20250907_111902.log')}
2025-09-07 11:24:58,331 - DEBUG - 1 change detected: {(<Change.modified: 2>, 'E:\\Next JS\\researchbot\\backend\\logs\\research_assistant_20250907_111902.log')}
2025-09-07 11:24:58,708 - DEBUG - 1 change detected: {(<Change.modified: 2>, 'E:\\Next JS\\researchbot\\backend\\logs\\research_assistant_20250907_111902.log')}
2025-09-07 11:24:59,309 - DEBUG - 1 change detected: {(<Change.modified: 2>, 'E:\\Next JS\\researchbot\\backend\\logs\\research_assistant_20250907_111902.log')}
2025-09-07 11:24:59,930 - DEBUG - 1 change detected: {(<Change.modified: 2>, 'E:\\Next JS\\researchbot\\backend\\logs\\research_assistant_20250907_111902.log')}
2025-09-07 11:25:00,368 - DEBUG - 1 change detected: {(<Change.modified: 2>, 'E:\\Next JS\\researchbot\\backend\\logs\\research_assistant_20250907_111902.log')}
2025-09-07 11:25:00,809 - DEBUG - 1 change detected: {(<Change.modified: 2>, 'E:\\Next JS\\researchbot\\backend\\logs\\research_assistant_20250907_111902.log')}
2025-09-07 11:25:01,254 - DEBUG - 1 change detected: {(<Change.modified: 2>, 'E:\\Next JS\\researchbot\\backend\\logs\\research_assistant_20250907_111902.log')}
2025-09-07 11:25:01,653 - DEBUG - 1 change detected: {(<Change.modified: 2>, 'E:\\Next JS\\researchbot\\backend\\logs\\research_assistant_20250907_111902.log')}
2025-09-07 11:25:02,015 - DEBUG - 1 change detected: {(<Change.modified: 2>, 'E:\\Next JS\\researchbot\\backend\\logs\\research_assistant_20250907_111902.log')}
2025-09-07 11:25:02,436 - DEBUG - 1 change detected: {(<Change.modified: 2>, 'E:\\Next JS\\researchbot\\backend\\logs\\research_assistant_20250907_111902.log')}
2025-09-07 11:25:02,818 - DEBUG - 1 change detected: {(<Change.modified: 2>, 'E:\\Next JS\\researchbot\\backend\\logs\\research_assistant_20250907_111902.log')}
2025-09-07 11:25:03,237 - DEBUG - 1 change detected: {(<Change.modified: 2>, 'E:\\Next JS\\researchbot\\backend\\logs\\research_assistant_20250907_111902.log')}
2025-09-07 11:25:03,640 - DEBUG - 1 change detected: {(<Change.modified: 2>, 'E:\\Next JS\\researchbot\\backend\\logs\\research_assistant_20250907_111902.log')}
2025-09-07 11:25:04,046 - DEBUG - 1 change detected: {(<Change.modified: 2>, 'E:\\Next JS\\researchbot\\backend\\logs\\research_assistant_20250907_111902.log')}
2025-09-07 11:25:04,820 - DEBUG - 1 change detected: {(<Change.modified: 2>, 'E:\\Next JS\\researchbot\\backend\\logs\\research_assistant_20250907_111902.log')}
2025-09-07 11:25:05,220 - DEBUG - 1 change detected: {(<Change.modified: 2>, 'E:\\Next JS\\researchbot\\backend\\logs\\research_assistant_20250907_111902.log')}
2025-09-07 11:25:05,632 - DEBUG - 1 change detected: {(<Change.modified: 2>, 'E:\\Next JS\\researchbot\\backend\\logs\\research_assistant_20250907_111902.log')}
2025-09-07 11:25:06,066 - DEBUG - 1 change detected: {(<Change.modified: 2>, 'E:\\Next JS\\researchbot\\backend\\logs\\research_assistant_20250907_111902.log')}
2025-09-07 11:25:06,450 - DEBUG - 1 change detected: {(<Change.modified: 2>, 'E:\\Next JS\\researchbot\\backend\\logs\\research_assistant_20250907_111902.log')}
2025-09-07 11:25:06,894 - DEBUG - 1 change detected: {(<Change.modified: 2>, 'E:\\Next JS\\researchbot\\backend\\logs\\research_assistant_20250907_111902.log')}
2025-09-07 11:25:07,412 - DEBUG - 1 change detected: {(<Change.modified: 2>, 'E:\\Next JS\\researchbot\\backend\\logs\\research_assistant_20250907_111902.log')}
2025-09-07 11:25:08,114 - DEBUG - 1 change detected: {(<Change.modified: 2>, 'E:\\Next JS\\researchbot\\backend\\logs\\research_assistant_20250907_111902.log')}
2025-09-07 11:25:08,780 - DEBUG - 1 change detected: {(<Change.modified: 2>, 'E:\\Next JS\\researchbot\\backend\\logs\\research_assistant_20250907_111902.log')}
2025-09-07 11:25:09,396 - DEBUG - 1 change detected: {(<Change.modified: 2>, 'E:\\Next JS\\researchbot\\backend\\logs\\research_assistant_20250907_111902.log')}
2025-09-07 11:25:10,047 - DEBUG - 1 change detected: {(<Change.modified: 2>, 'E:\\Next JS\\researchbot\\backend\\logs\\research_assistant_20250907_111902.log')}
2025-09-07 11:25:10,549 - DEBUG - 1 change detected: {(<Change.modified: 2>, 'E:\\Next JS\\researchbot\\backend\\logs\\research_assistant_20250907_111902.log')}
2025-09-07 11:25:10,998 - DEBUG - 1 change detected: {(<Change.modified: 2>, 'E:\\Next JS\\researchbot\\backend\\logs\\research_assistant_20250907_111902.log')}
2025-09-07 11:25:11,366 - DEBUG - 1 change detected: {(<Change.modified: 2>, 'E:\\Next JS\\researchbot\\backend\\logs\\research_assistant_20250907_111902.log')}
2025-09-07 11:25:12,067 - DEBUG - 1 change detected: {(<Change.modified: 2>, 'E:\\Next JS\\researchbot\\backend\\logs\\research_assistant_20250907_111902.log')}
2025-09-07 11:25:12,787 - DEBUG - 1 change detected: {(<Change.modified: 2>, 'E:\\Next JS\\researchbot\\backend\\logs\\research_assistant_20250907_111902.log')}
2025-09-07 11:25:13,219 - DEBUG - 1 change detected: {(<Change.modified: 2>, 'E:\\Next JS\\researchbot\\backend\\logs\\research_assistant_20250907_111902.log')}
2025-09-07 11:25:13,661 - DEBUG - 1 change detected: {(<Change.modified: 2>, 'E:\\Next JS\\researchbot\\backend\\logs\\research_assistant_20250907_111902.log')}
2025-09-07 11:25:14,392 - DEBUG - 1 change detected: {(<Change.modified: 2>, 'E:\\Next JS\\researchbot\\backend\\logs\\research_assistant_20250907_111902.log')}
2025-09-07 11:25:14,962 - DEBUG - 1 change detected: {(<Change.modified: 2>, 'E:\\Next JS\\researchbot\\backend\\logs\\research_assistant_20250907_111902.log')}
2025-09-07 11:25:15,517 - DEBUG - 1 change detected: {(<Change.modified: 2>, 'E:\\Next JS\\researchbot\\backend\\logs\\research_assistant_20250907_111902.log')}
2025-09-07 11:30:02,566 - DEBUG - 1 change detected: {(<Change.modified: 2>, 'E:\\Next JS\\researchbot\\backend\\logs\\research_assistant_20250907_111902.log')}
2025-09-07 11:30:02,984 - DEBUG - 1 change detected: {(<Change.modified: 2>, 'E:\\Next JS\\researchbot\\backend\\logs\\research_assistant_20250907_111902.log')}
2025-09-07 11:30:03,346 - DEBUG - 1 change detected: {(<Change.modified: 2>, 'E:\\Next JS\\researchbot\\backend\\logs\\research_assistant_20250907_111902.log')}
2025-09-07 11:30:03,715 - DEBUG - 1 change detected: {(<Change.modified: 2>, 'E:\\Next JS\\researchbot\\backend\\logs\\research_assistant_20250907_111902.log')}
2025-09-07 11:30:04,126 - DEBUG - 1 change detected: {(<Change.modified: 2>, 'E:\\Next JS\\researchbot\\backend\\logs\\research_assistant_20250907_111902.log')}
2025-09-07 11:30:04,642 - DEBUG - 1 change detected: {(<Change.modified: 2>, 'E:\\Next JS\\researchbot\\backend\\logs\\research_assistant_20250907_111902.log')}
2025-09-07 11:30:05,027 - DEBUG - 1 change detected: {(<Change.modified: 2>, 'E:\\Next JS\\researchbot\\backend\\logs\\research_assistant_20250907_111902.log')}
2025-09-07 11:30:05,377 - DEBUG - 1 change detected: {(<Change.modified: 2>, 'E:\\Next JS\\researchbot\\backend\\logs\\research_assistant_20250907_111902.log')}
2025-09-07 11:30:05,753 - DEBUG - 1 change detected: {(<Change.modified: 2>, 'E:\\Next JS\\researchbot\\backend\\logs\\research_assistant_20250907_111902.log')}
2025-09-07 11:30:06,116 - DEBUG - 1 change detected: {(<Change.modified: 2>, 'E:\\Next JS\\researchbot\\backend\\logs\\research_assistant_20250907_111902.log')}
2025-09-07 11:30:06,490 - DEBUG - 1 change detected: {(<Change.modified: 2>, 'E:\\Next JS\\researchbot\\backend\\logs\\research_assistant_20250907_111902.log')}
2025-09-07 11:30:06,871 - DEBUG - 1 change detected: {(<Change.modified: 2>, 'E:\\Next JS\\researchbot\\backend\\logs\\research_assistant_20250907_111902.log')}
2025-09-07 11:30:07,224 - DEBUG - 1 change detected: {(<Change.modified: 2>, 'E:\\Next JS\\researchbot\\backend\\logs\\research_assistant_20250907_111902.log')}
2025-09-07 11:30:07,606 - DEBUG - 1 change detected: {(<Change.modified: 2>, 'E:\\Next JS\\researchbot\\backend\\logs\\research_assistant_20250907_111902.log')}
2025-09-07 11:30:07,987 - DEBUG - 1 change detected: {(<Change.modified: 2>, 'E:\\Next JS\\researchbot\\backend\\logs\\research_assistant_20250907_111902.log')}
2025-09-07 11:30:08,348 - DEBUG - 1 change detected: {(<Change.modified: 2>, 'E:\\Next JS\\researchbot\\backend\\logs\\research_assistant_20250907_111902.log')}
2025-09-07 11:30:08,769 - DEBUG - 1 change detected: {(<Change.modified: 2>, 'E:\\Next JS\\researchbot\\backend\\logs\\research_assistant_20250907_111902.log')}
2025-09-07 11:30:09,132 - DEBUG - 1 change detected: {(<Change.modified: 2>, 'E:\\Next JS\\researchbot\\backend\\logs\\research_assistant_20250907_111902.log')}
2025-09-07 11:30:09,547 - DEBUG - 1 change detected: {(<Change.modified: 2>, 'E:\\Next JS\\researchbot\\backend\\logs\\research_assistant_20250907_111902.log')}
2025-09-07 11:30:10,011 - DEBUG - 1 change detected: {(<Change.modified: 2>, 'E:\\Next JS\\researchbot\\backend\\logs\\research_assistant_20250907_111902.log')}
2025-09-07 11:30:10,426 - DEBUG - 1 change detected: {(<Change.modified: 2>, 'E:\\Next JS\\researchbot\\backend\\logs\\research_assistant_20250907_111902.log')}
2025-09-07 11:30:10,798 - DEBUG - 1 change detected: {(<Change.modified: 2>, 'E:\\Next JS\\researchbot\\backend\\logs\\research_assistant_20250907_111902.log')}
2025-09-07 11:30:11,163 - DEBUG - 1 change detected: {(<Change.modified: 2>, 'E:\\Next JS\\researchbot\\backend\\logs\\research_assistant_20250907_111902.log')}
2025-09-07 11:30:11,582 - DEBUG - 1 change detected: {(<Change.modified: 2>, 'E:\\Next JS\\researchbot\\backend\\logs\\research_assistant_20250907_111902.log')}
2025-09-07 11:30:12,000 - DEBUG - 1 change detected: {(<Change.modified: 2>, 'E:\\Next JS\\researchbot\\backend\\logs\\research_assistant_20250907_111902.log')}
2025-09-07 11:30:12,407 - DEBUG - 1 change detected: {(<Change.modified: 2>, 'E:\\Next JS\\researchbot\\backend\\logs\\research_assistant_20250907_111902.log')}
2025-09-07 11:30:12,824 - DEBUG - 1 change detected: {(<Change.modified: 2>, 'E:\\Next JS\\researchbot\\backend\\logs\\research_assistant_20250907_111902.log')}
2025-09-07 11:30:13,193 - DEBUG - 1 change detected: {(<Change.modified: 2>, 'E:\\Next JS\\researchbot\\backend\\logs\\research_assistant_20250907_111902.log')}
2025-09-07 11:30:13,871 - DEBUG - 1 change detected: {(<Change.modified: 2>, 'E:\\Next JS\\researchbot\\backend\\logs\\research_assistant_20250907_111902.log')}
2025-09-07 11:30:14,557 - DEBUG - 1 change detected: {(<Change.modified: 2>, 'E:\\Next JS\\researchbot\\backend\\logs\\research_assistant_20250907_111902.log')}
2025-09-07 11:30:15,006 - DEBUG - 1 change detected: {(<Change.modified: 2>, 'E:\\Next JS\\researchbot\\backend\\logs\\research_assistant_20250907_111902.log')}
2025-09-07 11:30:15,366 - DEBUG - 1 change detected: {(<Change.modified: 2>, 'E:\\Next JS\\researchbot\\backend\\logs\\research_assistant_20250907_111902.log')}
2025-09-07 11:30:15,727 - DEBUG - 1 change detected: {(<Change.modified: 2>, 'E:\\Next JS\\researchbot\\backend\\logs\\research_assistant_20250907_111902.log')}
2025-09-07 11:30:16,153 - DEBUG - 1 change detected: {(<Change.modified: 2>, 'E:\\Next JS\\researchbot\\backend\\logs\\research_assistant_20250907_111902.log')}
2025-09-07 11:30:16,520 - DEBUG - 1 change detected: {(<Change.modified: 2>, 'E:\\Next JS\\researchbot\\backend\\logs\\research_assistant_20250907_111902.log')}
2025-09-07 11:30:16,949 - DEBUG - 1 change detected: {(<Change.modified: 2>, 'E:\\Next JS\\researchbot\\backend\\logs\\research_assistant_20250907_111902.log')}
2025-09-07 11:30:17,360 - DEBUG - 1 change detected: {(<Change.modified: 2>, 'E:\\Next JS\\researchbot\\backend\\logs\\research_assistant_20250907_111902.log')}
2025-09-07 11:30:17,729 - DEBUG - 1 change detected: {(<Change.modified: 2>, 'E:\\Next JS\\researchbot\\backend\\logs\\research_assistant_20250907_111902.log')}
2025-09-07 11:30:18,152 - DEBUG - 1 change detected: {(<Change.modified: 2>, 'E:\\Next JS\\researchbot\\backend\\logs\\research_assistant_20250907_111902.log')}
2025-09-07 11:30:18,561 - DEBUG - 1 change detected: {(<Change.modified: 2>, 'E:\\Next JS\\researchbot\\backend\\logs\\research_assistant_20250907_111902.log')}
2025-09-07 11:30:18,967 - DEBUG - 1 change detected: {(<Change.modified: 2>, 'E:\\Next JS\\researchbot\\backend\\logs\\research_assistant_20250907_111902.log')}
2025-09-07 11:30:19,392 - DEBUG - 1 change detected: {(<Change.modified: 2>, 'E:\\Next JS\\researchbot\\backend\\logs\\research_assistant_20250907_111902.log')}
2025-09-07 11:30:19,758 - DEBUG - 1 change detected: {(<Change.modified: 2>, 'E:\\Next JS\\researchbot\\backend\\logs\\research_assistant_20250907_111902.log')}
2025-09-07 11:30:20,129 - DEBUG - 1 change detected: {(<Change.modified: 2>, 'E:\\Next JS\\researchbot\\backend\\logs\\research_assistant_20250907_111902.log')}
2025-09-07 11:30:20,548 - DEBUG - 1 change detected: {(<Change.modified: 2>, 'E:\\Next JS\\researchbot\\backend\\logs\\research_assistant_20250907_111902.log')}
2025-09-07 11:30:20,963 - DEBUG - 1 change detected: {(<Change.modified: 2>, 'E:\\Next JS\\researchbot\\backend\\logs\\research_assistant_20250907_111902.log')}
2025-09-07 11:30:21,378 - DEBUG - 1 change detected: {(<Change.modified: 2>, 'E:\\Next JS\\researchbot\\backend\\logs\\research_assistant_20250907_111902.log')}
2025-09-07 11:30:21,733 - DEBUG - 1 change detected: {(<Change.modified: 2>, 'E:\\Next JS\\researchbot\\backend\\logs\\research_assistant_20250907_111902.log')}
2025-09-07 11:30:22,138 - DEBUG - 1 change detected: {(<Change.modified: 2>, 'E:\\Next JS\\researchbot\\backend\\logs\\research_assistant_20250907_111902.log')}
2025-09-07 11:30:22,554 - DEBUG - 1 change detected: {(<Change.modified: 2>, 'E:\\Next JS\\researchbot\\backend\\logs\\research_assistant_20250907_111902.log')}
2025-09-07 11:30:22,973 - DEBUG - 1 change detected: {(<Change.modified: 2>, 'E:\\Next JS\\researchbot\\backend\\logs\\research_assistant_20250907_111902.log')}
2025-09-07 11:30:23,341 - DEBUG - 1 change detected: {(<Change.modified: 2>, 'E:\\Next JS\\researchbot\\backend\\logs\\research_assistant_20250907_111902.log')}
2025-09-07 11:30:23,747 - DEBUG - 1 change detected: {(<Change.modified: 2>, 'E:\\Next JS\\researchbot\\backend\\logs\\research_assistant_20250907_111902.log')}
2025-09-07 11:30:24,174 - DEBUG - 1 change detected: {(<Change.modified: 2>, 'E:\\Next JS\\researchbot\\backend\\logs\\research_assistant_20250907_111902.log')}
2025-09-07 11:30:24,539 - DEBUG - 1 change detected: {(<Change.modified: 2>, 'E:\\Next JS\\researchbot\\backend\\logs\\research_assistant_20250907_111902.log')}
2025-09-07 11:30:24,954 - DEBUG - 1 change detected: {(<Change.modified: 2>, 'E:\\Next JS\\researchbot\\backend\\logs\\research_assistant_20250907_111902.log')}
2025-09-07 11:30:25,373 - DEBUG - 1 change detected: {(<Change.modified: 2>, 'E:\\Next JS\\researchbot\\backend\\logs\\research_assistant_20250907_111902.log')}
2025-09-07 11:30:25,741 - DEBUG - 1 change detected: {(<Change.modified: 2>, 'E:\\Next JS\\researchbot\\backend\\logs\\research_assistant_20250907_111902.log')}
2025-09-07 11:30:26,180 - DEBUG - 1 change detected: {(<Change.modified: 2>, 'E:\\Next JS\\researchbot\\backend\\logs\\research_assistant_20250907_111902.log')}
2025-09-07 11:30:26,548 - DEBUG - 1 change detected: {(<Change.modified: 2>, 'E:\\Next JS\\researchbot\\backend\\logs\\research_assistant_20250907_111902.log')}
2025-09-07 11:30:26,961 - DEBUG - 1 change detected: {(<Change.modified: 2>, 'E:\\Next JS\\researchbot\\backend\\logs\\research_assistant_20250907_111902.log')}
2025-09-07 11:30:27,382 - DEBUG - 1 change detected: {(<Change.modified: 2>, 'E:\\Next JS\\researchbot\\backend\\logs\\research_assistant_20250907_111902.log')}
2025-09-07 11:30:27,792 - DEBUG - 1 change detected: {(<Change.modified: 2>, 'E:\\Next JS\\researchbot\\backend\\logs\\research_assistant_20250907_111902.log')}
2025-09-07 11:30:28,212 - DEBUG - 1 change detected: {(<Change.modified: 2>, 'E:\\Next JS\\researchbot\\backend\\logs\\research_assistant_20250907_111902.log')}
2025-09-07 11:30:28,569 - DEBUG - 1 change detected: {(<Change.modified: 2>, 'E:\\Next JS\\researchbot\\backend\\logs\\research_assistant_20250907_111902.log')}
2025-09-07 11:30:28,994 - DEBUG - 1 change detected: {(<Change.modified: 2>, 'E:\\Next JS\\researchbot\\backend\\logs\\research_assistant_20250907_111902.log')}
2025-09-07 11:30:29,418 - DEBUG - 1 change detected: {(<Change.modified: 2>, 'E:\\Next JS\\researchbot\\backend\\logs\\research_assistant_20250907_111902.log')}
2025-09-07 11:30:29,775 - DEBUG - 1 change detected: {(<Change.modified: 2>, 'E:\\Next JS\\researchbot\\backend\\logs\\research_assistant_20250907_111902.log')}
2025-09-07 11:30:30,185 - DEBUG - 1 change detected: {(<Change.modified: 2>, 'E:\\Next JS\\researchbot\\backend\\logs\\research_assistant_20250907_111902.log')}
2025-09-07 11:30:30,601 - DEBUG - 1 change detected: {(<Change.modified: 2>, 'E:\\Next JS\\researchbot\\backend\\logs\\research_assistant_20250907_111902.log')}
2025-09-07 11:30:30,967 - DEBUG - 1 change detected: {(<Change.modified: 2>, 'E:\\Next JS\\researchbot\\backend\\logs\\research_assistant_20250907_111902.log')}
2025-09-07 11:30:31,448 - DEBUG - 1 change detected: {(<Change.modified: 2>, 'E:\\Next JS\\researchbot\\backend\\logs\\research_assistant_20250907_111902.log')}
2025-09-07 11:30:31,819 - DEBUG - 1 change detected: {(<Change.modified: 2>, 'E:\\Next JS\\researchbot\\backend\\logs\\research_assistant_20250907_111902.log')}
2025-09-07 11:30:32,190 - DEBUG - 1 change detected: {(<Change.modified: 2>, 'E:\\Next JS\\researchbot\\backend\\logs\\research_assistant_20250907_111902.log')}
2025-09-07 11:30:32,609 - DEBUG - 1 change detected: {(<Change.modified: 2>, 'E:\\Next JS\\researchbot\\backend\\logs\\research_assistant_20250907_111902.log')}
2025-09-07 11:30:32,977 - DEBUG - 1 change detected: {(<Change.modified: 2>, 'E:\\Next JS\\researchbot\\backend\\logs\\research_assistant_20250907_111902.log')}
2025-09-07 11:30:33,381 - DEBUG - 1 change detected: {(<Change.modified: 2>, 'E:\\Next JS\\researchbot\\backend\\logs\\research_assistant_20250907_111902.log')}
2025-09-07 11:30:33,834 - DEBUG - 1 change detected: {(<Change.modified: 2>, 'E:\\Next JS\\researchbot\\backend\\logs\\research_assistant_20250907_111902.log')}
2025-09-07 11:30:34,205 - DEBUG - 1 change detected: {(<Change.modified: 2>, 'E:\\Next JS\\researchbot\\backend\\logs\\research_assistant_20250907_111902.log')}
2025-09-07 11:30:34,630 - DEBUG - 1 change detected: {(<Change.modified: 2>, 'E:\\Next JS\\researchbot\\backend\\logs\\research_assistant_20250907_111902.log')}
2025-09-07 11:30:35,046 - DEBUG - 1 change detected: {(<Change.modified: 2>, 'E:\\Next JS\\researchbot\\backend\\logs\\research_assistant_20250907_111902.log')}
2025-09-07 11:30:35,468 - DEBUG - 1 change detected: {(<Change.modified: 2>, 'E:\\Next JS\\researchbot\\backend\\logs\\research_assistant_20250907_111902.log')}
2025-09-07 11:30:35,834 - DEBUG - 1 change detected: {(<Change.modified: 2>, 'E:\\Next JS\\researchbot\\backend\\logs\\research_assistant_20250907_111902.log')}
2025-09-07 11:30:36,252 - DEBUG - 1 change detected: {(<Change.modified: 2>, 'E:\\Next JS\\researchbot\\backend\\logs\\research_assistant_20250907_111902.log')}
2025-09-07 11:30:36,661 - DEBUG - 1 change detected: {(<Change.modified: 2>, 'E:\\Next JS\\researchbot\\backend\\logs\\research_assistant_20250907_111902.log')}
2025-09-07 11:30:37,023 - DEBUG - 1 change detected: {(<Change.modified: 2>, 'E:\\Next JS\\researchbot\\backend\\logs\\research_assistant_20250907_111902.log')}
2025-09-07 11:30:37,459 - DEBUG - 1 change detected: {(<Change.modified: 2>, 'E:\\Next JS\\researchbot\\backend\\logs\\research_assistant_20250907_111902.log')}
2025-09-07 11:30:37,828 - DEBUG - 1 change detected: {(<Change.modified: 2>, 'E:\\Next JS\\researchbot\\backend\\logs\\research_assistant_20250907_111902.log')}
2025-09-07 11:30:38,251 - DEBUG - 1 change detected: {(<Change.modified: 2>, 'E:\\Next JS\\researchbot\\backend\\logs\\research_assistant_20250907_111902.log')}
2025-09-07 11:30:38,625 - DEBUG - 1 change detected: {(<Change.modified: 2>, 'E:\\Next JS\\researchbot\\backend\\logs\\research_assistant_20250907_111902.log')}
2025-09-07 11:30:39,034 - DEBUG - 1 change detected: {(<Change.modified: 2>, 'E:\\Next JS\\researchbot\\backend\\logs\\research_assistant_20250907_111902.log')}
2025-09-07 11:30:39,445 - DEBUG - 1 change detected: {(<Change.modified: 2>, 'E:\\Next JS\\researchbot\\backend\\logs\\research_assistant_20250907_111902.log')}
2025-09-07 11:30:39,870 - DEBUG - 1 change detected: {(<Change.modified: 2>, 'E:\\Next JS\\researchbot\\backend\\logs\\research_assistant_20250907_111902.log')}
2025-09-07 11:30:40,225 - DEBUG - 1 change detected: {(<Change.modified: 2>, 'E:\\Next JS\\researchbot\\backend\\logs\\research_assistant_20250907_111902.log')}
2025-09-07 11:30:40,631 - DEBUG - 1 change detected: {(<Change.modified: 2>, 'E:\\Next JS\\researchbot\\backend\\logs\\research_assistant_20250907_111902.log')}
2025-09-07 11:30:41,053 - DEBUG - 1 change detected: {(<Change.modified: 2>, 'E:\\Next JS\\researchbot\\backend\\logs\\research_assistant_20250907_111902.log')}
2025-09-07 11:30:41,462 - DEBUG - 1 change detected: {(<Change.modified: 2>, 'E:\\Next JS\\researchbot\\backend\\logs\\research_assistant_20250907_111902.log')}
2025-09-07 11:30:41,819 - DEBUG - 1 change detected: {(<Change.modified: 2>, 'E:\\Next JS\\researchbot\\backend\\logs\\research_assistant_20250907_111902.log')}
2025-09-07 11:30:42,245 - DEBUG - 1 change detected: {(<Change.modified: 2>, 'E:\\Next JS\\researchbot\\backend\\logs\\research_assistant_20250907_111902.log')}
2025-09-07 11:30:42,666 - DEBUG - 1 change detected: {(<Change.modified: 2>, 'E:\\Next JS\\researchbot\\backend\\logs\\research_assistant_20250907_111902.log')}
2025-09-07 11:30:43,031 - DEBUG - 1 change detected: {(<Change.modified: 2>, 'E:\\Next JS\\researchbot\\backend\\logs\\research_assistant_20250907_111902.log')}
2025-09-07 11:30:43,451 - DEBUG - 1 change detected: {(<Change.modified: 2>, 'E:\\Next JS\\researchbot\\backend\\logs\\research_assistant_20250907_111902.log')}
2025-09-07 11:30:43,869 - DEBUG - 1 change detected: {(<Change.modified: 2>, 'E:\\Next JS\\researchbot\\backend\\logs\\research_assistant_20250907_111902.log')}
2025-09-07 11:30:44,282 - DEBUG - 1 change detected: {(<Change.modified: 2>, 'E:\\Next JS\\researchbot\\backend\\logs\\research_assistant_20250907_111902.log')}
2025-09-07 11:30:44,692 - DEBUG - 1 change detected: {(<Change.modified: 2>, 'E:\\Next JS\\researchbot\\backend\\logs\\research_assistant_20250907_111902.log')}
2025-09-07 11:30:45,109 - DEBUG - 1 change detected: {(<Change.modified: 2>, 'E:\\Next JS\\researchbot\\backend\\logs\\research_assistant_20250907_111902.log')}
2025-09-07 11:30:45,531 - DEBUG - 1 change detected: {(<Change.modified: 2>, 'E:\\Next JS\\researchbot\\backend\\logs\\research_assistant_20250907_111902.log')}
2025-09-07 11:30:45,932 - DEBUG - 1 change detected: {(<Change.modified: 2>, 'E:\\Next JS\\researchbot\\backend\\logs\\research_assistant_20250907_111902.log')}
2025-09-07 11:30:46,294 - DEBUG - 1 change detected: {(<Change.modified: 2>, 'E:\\Next JS\\researchbot\\backend\\logs\\research_assistant_20250907_111902.log')}
2025-09-07 11:30:46,705 - DEBUG - 1 change detected: {(<Change.modified: 2>, 'E:\\Next JS\\researchbot\\backend\\logs\\research_assistant_20250907_111902.log')}
2025-09-07 11:30:47,117 - DEBUG - 1 change detected: {(<Change.modified: 2>, 'E:\\Next JS\\researchbot\\backend\\logs\\research_assistant_20250907_111902.log')}
2025-09-07 11:30:47,501 - DEBUG - 1 change detected: {(<Change.modified: 2>, 'E:\\Next JS\\researchbot\\backend\\logs\\research_assistant_20250907_111902.log')}
2025-09-07 11:30:47,965 - DEBUG - 1 change detected: {(<Change.modified: 2>, 'E:\\Next JS\\researchbot\\backend\\logs\\research_assistant_20250907_111902.log')}
2025-09-07 11:30:48,379 - DEBUG - 1 change detected: {(<Change.modified: 2>, 'E:\\Next JS\\researchbot\\backend\\logs\\research_assistant_20250907_111902.log')}
2025-09-07 11:30:48,824 - DEBUG - 1 change detected: {(<Change.modified: 2>, 'E:\\Next JS\\researchbot\\backend\\logs\\research_assistant_20250907_111902.log')}
2025-09-07 11:30:49,213 - DEBUG - 1 change detected: {(<Change.modified: 2>, 'E:\\Next JS\\researchbot\\backend\\logs\\research_assistant_20250907_111902.log')}
2025-09-07 11:30:49,608 - DEBUG - 1 change detected: {(<Change.modified: 2>, 'E:\\Next JS\\researchbot\\backend\\logs\\research_assistant_20250907_111902.log')}
2025-09-07 11:30:50,028 - DEBUG - 1 change detected: {(<Change.modified: 2>, 'E:\\Next JS\\researchbot\\backend\\logs\\research_assistant_20250907_111902.log')}
2025-09-07 11:30:50,389 - DEBUG - 1 change detected: {(<Change.modified: 2>, 'E:\\Next JS\\researchbot\\backend\\logs\\research_assistant_20250907_111902.log')}
2025-09-07 11:30:50,824 - DEBUG - 1 change detected: {(<Change.modified: 2>, 'E:\\Next JS\\researchbot\\backend\\logs\\research_assistant_20250907_111902.log')}
2025-09-07 11:30:51,178 - DEBUG - 1 change detected: {(<Change.modified: 2>, 'E:\\Next JS\\researchbot\\backend\\logs\\research_assistant_20250907_111902.log')}
2025-09-07 11:30:51,590 - DEBUG - 1 change detected: {(<Change.modified: 2>, 'E:\\Next JS\\researchbot\\backend\\logs\\research_assistant_20250907_111902.log')}
2025-09-07 11:30:52,055 - DEBUG - 1 change detected: {(<Change.modified: 2>, 'E:\\Next JS\\researchbot\\backend\\logs\\research_assistant_20250907_111902.log')}
2025-09-07 11:30:52,422 - DEBUG - 1 change detected: {(<Change.modified: 2>, 'E:\\Next JS\\researchbot\\backend\\logs\\research_assistant_20250907_111902.log')}
2025-09-07 11:30:52,841 - DEBUG - 1 change detected: {(<Change.modified: 2>, 'E:\\Next JS\\researchbot\\backend\\logs\\research_assistant_20250907_111902.log')}
2025-09-07 11:30:53,213 - DEBUG - 1 change detected: {(<Change.modified: 2>, 'E:\\Next JS\\researchbot\\backend\\logs\\research_assistant_20250907_111902.log')}
2025-09-07 11:30:53,623 - DEBUG - 1 change detected: {(<Change.modified: 2>, 'E:\\Next JS\\researchbot\\backend\\logs\\research_assistant_20250907_111902.log')}
2025-09-07 11:30:54,046 - DEBUG - 1 change detected: {(<Change.modified: 2>, 'E:\\Next JS\\researchbot\\backend\\logs\\research_assistant_20250907_111902.log')}
2025-09-07 11:30:54,404 - DEBUG - 1 change detected: {(<Change.modified: 2>, 'E:\\Next JS\\researchbot\\backend\\logs\\research_assistant_20250907_111902.log')}
2025-09-07 11:30:54,813 - DEBUG - 1 change detected: {(<Change.modified: 2>, 'E:\\Next JS\\researchbot\\backend\\logs\\research_assistant_20250907_111902.log')}
2025-09-07 11:30:55,189 - DEBUG - 1 change detected: {(<Change.modified: 2>, 'E:\\Next JS\\researchbot\\backend\\logs\\research_assistant_20250907_111902.log')}
2025-09-07 11:30:55,601 - DEBUG - 1 change detected: {(<Change.modified: 2>, 'E:\\Next JS\\researchbot\\backend\\logs\\research_assistant_20250907_111902.log')}
2025-09-07 11:30:56,020 - DEBUG - 1 change detected: {(<Change.modified: 2>, 'E:\\Next JS\\researchbot\\backend\\logs\\research_assistant_20250907_111902.log')}
2025-09-07 11:30:56,384 - DEBUG - 1 change detected: {(<Change.modified: 2>, 'E:\\Next JS\\researchbot\\backend\\logs\\research_assistant_20250907_111902.log')}
2025-09-07 11:30:56,800 - DEBUG - 1 change detected: {(<Change.modified: 2>, 'E:\\Next JS\\researchbot\\backend\\logs\\research_assistant_20250907_111902.log')}
2025-09-07 11:30:57,222 - DEBUG - 1 change detected: {(<Change.modified: 2>, 'E:\\Next JS\\researchbot\\backend\\logs\\research_assistant_20250907_111902.log')}
2025-09-07 11:30:57,642 - DEBUG - 1 change detected: {(<Change.modified: 2>, 'E:\\Next JS\\researchbot\\backend\\logs\\research_assistant_20250907_111902.log')}
2025-09-07 11:30:58,019 - DEBUG - 1 change detected: {(<Change.modified: 2>, 'E:\\Next JS\\researchbot\\backend\\logs\\research_assistant_20250907_111902.log')}
2025-09-07 11:30:58,431 - DEBUG - 1 change detected: {(<Change.modified: 2>, 'E:\\Next JS\\researchbot\\backend\\logs\\research_assistant_20250907_111902.log')}
2025-09-07 11:30:58,952 - DEBUG - 1 change detected: {(<Change.modified: 2>, 'E:\\Next JS\\researchbot\\backend\\logs\\research_assistant_20250907_111902.log')}
2025-09-07 11:30:59,357 - DEBUG - 1 change detected: {(<Change.modified: 2>, 'E:\\Next JS\\researchbot\\backend\\logs\\research_assistant_20250907_111902.log')}
2025-09-07 11:30:59,811 - DEBUG - 1 change detected: {(<Change.modified: 2>, 'E:\\Next JS\\researchbot\\backend\\logs\\research_assistant_20250907_111902.log')}
2025-09-07 11:31:00,285 - DEBUG - 1 change detected: {(<Change.modified: 2>, 'E:\\Next JS\\researchbot\\backend\\logs\\research_assistant_20250907_111902.log')}
2025-09-07 11:31:00,676 - DEBUG - 1 change detected: {(<Change.modified: 2>, 'E:\\Next JS\\researchbot\\backend\\logs\\research_assistant_20250907_111902.log')}
2025-09-07 11:31:01,088 - DEBUG - 1 change detected: {(<Change.modified: 2>, 'E:\\Next JS\\researchbot\\backend\\logs\\research_assistant_20250907_111902.log')}
2025-09-07 11:31:01,517 - DEBUG - 1 change detected: {(<Change.modified: 2>, 'E:\\Next JS\\researchbot\\backend\\logs\\research_assistant_20250907_111902.log')}
2025-09-07 11:31:01,938 - DEBUG - 1 change detected: {(<Change.modified: 2>, 'E:\\Next JS\\researchbot\\backend\\logs\\research_assistant_20250907_111902.log')}
2025-09-07 11:31:02,403 - DEBUG - 1 change detected: {(<Change.modified: 2>, 'E:\\Next JS\\researchbot\\backend\\logs\\research_assistant_20250907_111902.log')}
2025-09-07 11:31:03,166 - DEBUG - 1 change detected: {(<Change.modified: 2>, 'E:\\Next JS\\researchbot\\backend\\logs\\research_assistant_20250907_111902.log')}
2025-09-07 11:31:03,784 - DEBUG - 1 change detected: {(<Change.modified: 2>, 'E:\\Next JS\\researchbot\\backend\\logs\\research_assistant_20250907_111902.log')}
2025-09-07 11:31:04,348 - DEBUG - 1 change detected: {(<Change.modified: 2>, 'E:\\Next JS\\researchbot\\backend\\logs\\research_assistant_20250907_111902.log')}
2025-09-07 11:31:04,965 - DEBUG - 1 change detected: {(<Change.modified: 2>, 'E:\\Next JS\\researchbot\\backend\\logs\\research_assistant_20250907_111902.log')}
2025-09-07 11:31:05,569 - DEBUG - 1 change detected: {(<Change.modified: 2>, 'E:\\Next JS\\researchbot\\backend\\logs\\research_assistant_20250907_111902.log')}
2025-09-07 11:31:06,551 - DEBUG - 1 change detected: {(<Change.modified: 2>, 'E:\\Next JS\\researchbot\\backend\\logs\\research_assistant_20250907_111902.log')}
2025-09-07 11:31:08,540 - DEBUG - 1 change detected: {(<Change.modified: 2>, 'E:\\Next JS\\researchbot\\backend\\logs\\research_assistant_20250907_111902.log')}
2025-09-07 11:31:11,441 - DEBUG - 1 change detected: {(<Change.modified: 2>, 'E:\\Next JS\\researchbot\\backend\\logs\\research_assistant_20250907_111902.log')}
2025-09-07 11:31:11,798 - DEBUG - 1 change detected: {(<Change.modified: 2>, 'E:\\Next JS\\researchbot\\backend\\logs\\research_assistant_20250907_111902.log')}
2025-09-07 11:31:12,168 - DEBUG - 1 change detected: {(<Change.modified: 2>, 'E:\\Next JS\\researchbot\\backend\\logs\\research_assistant_20250907_111902.log')}
2025-09-07 11:31:12,687 - DEBUG - 1 change detected: {(<Change.modified: 2>, 'E:\\Next JS\\researchbot\\backend\\logs\\research_assistant_20250907_111902.log')}
2025-09-07 11:31:13,098 - DEBUG - 1 change detected: {(<Change.modified: 2>, 'E:\\Next JS\\researchbot\\backend\\logs\\research_assistant_20250907_111902.log')}
2025-09-07 11:31:13,512 - DEBUG - 1 change detected: {(<Change.modified: 2>, 'E:\\Next JS\\researchbot\\backend\\logs\\research_assistant_20250907_111902.log')}
2025-09-07 11:31:13,970 - DEBUG - 1 change detected: {(<Change.modified: 2>, 'E:\\Next JS\\researchbot\\backend\\logs\\research_assistant_20250907_111902.log')}
2025-09-07 11:31:14,360 - DEBUG - 1 change detected: {(<Change.modified: 2>, 'E:\\Next JS\\researchbot\\backend\\logs\\research_assistant_20250907_111902.log')}
2025-09-07 11:31:14,828 - DEBUG - 1 change detected: {(<Change.modified: 2>, 'E:\\Next JS\\researchbot\\backend\\logs\\research_assistant_20250907_111902.log')}
2025-09-07 11:31:15,235 - DEBUG - 1 change detected: {(<Change.modified: 2>, 'E:\\Next JS\\researchbot\\backend\\logs\\research_assistant_20250907_111902.log')}
2025-09-07 11:31:15,621 - DEBUG - 1 change detected: {(<Change.modified: 2>, 'E:\\Next JS\\researchbot\\backend\\logs\\research_assistant_20250907_111902.log')}
2025-09-07 11:31:16,098 - DEBUG - 1 change detected: {(<Change.modified: 2>, 'E:\\Next JS\\researchbot\\backend\\logs\\research_assistant_20250907_111902.log')}
2025-09-07 11:31:16,464 - DEBUG - 1 change detected: {(<Change.modified: 2>, 'E:\\Next JS\\researchbot\\backend\\logs\\research_assistant_20250907_111902.log')}
2025-09-07 11:31:16,988 - DEBUG - 1 change detected: {(<Change.modified: 2>, 'E:\\Next JS\\researchbot\\backend\\logs\\research_assistant_20250907_111902.log')}
2025-09-07 11:31:17,409 - DEBUG - 1 change detected: {(<Change.modified: 2>, 'E:\\Next JS\\researchbot\\backend\\logs\\research_assistant_20250907_111902.log')}
2025-09-07 11:31:17,875 - DEBUG - 1 change detected: {(<Change.modified: 2>, 'E:\\Next JS\\researchbot\\backend\\logs\\research_assistant_20250907_111902.log')}
2025-09-07 11:31:18,289 - DEBUG - 1 change detected: {(<Change.modified: 2>, 'E:\\Next JS\\researchbot\\backend\\logs\\research_assistant_20250907_111902.log')}
2025-09-07 11:31:18,714 - DEBUG - 1 change detected: {(<Change.modified: 2>, 'E:\\Next JS\\researchbot\\backend\\logs\\research_assistant_20250907_111902.log')}
2025-09-07 11:31:19,131 - DEBUG - 1 change detected: {(<Change.modified: 2>, 'E:\\Next JS\\researchbot\\backend\\logs\\research_assistant_20250907_111902.log')}
2025-09-07 11:31:19,503 - DEBUG - 1 change detected: {(<Change.modified: 2>, 'E:\\Next JS\\researchbot\\backend\\logs\\research_assistant_20250907_111902.log')}
2025-09-07 11:31:19,929 - DEBUG - 1 change detected: {(<Change.modified: 2>, 'E:\\Next JS\\researchbot\\backend\\logs\\research_assistant_20250907_111902.log')}
2025-09-07 11:31:20,290 - DEBUG - 1 change detected: {(<Change.modified: 2>, 'E:\\Next JS\\researchbot\\backend\\logs\\research_assistant_20250907_111902.log')}
2025-09-07 11:31:20,702 - DEBUG - 1 change detected: {(<Change.modified: 2>, 'E:\\Next JS\\researchbot\\backend\\logs\\research_assistant_20250907_111902.log')}
2025-09-07 11:31:21,119 - DEBUG - 1 change detected: {(<Change.modified: 2>, 'E:\\Next JS\\researchbot\\backend\\logs\\research_assistant_20250907_111902.log')}
2025-09-07 11:31:21,666 - DEBUG - 1 change detected: {(<Change.modified: 2>, 'E:\\Next JS\\researchbot\\backend\\logs\\research_assistant_20250907_111902.log')}
2025-09-07 11:31:22,412 - DEBUG - 1 change detected: {(<Change.modified: 2>, 'E:\\Next JS\\researchbot\\backend\\logs\\research_assistant_20250907_111902.log')}
2025-09-07 11:31:22,776 - DEBUG - 1 change detected: {(<Change.modified: 2>, 'E:\\Next JS\\researchbot\\backend\\logs\\research_assistant_20250907_111902.log')}
2025-09-07 11:31:23,249 - DEBUG - 1 change detected: {(<Change.modified: 2>, 'E:\\Next JS\\researchbot\\backend\\logs\\research_assistant_20250907_111902.log')}
2025-09-07 11:31:23,790 - DEBUG - 1 change detected: {(<Change.modified: 2>, 'E:\\Next JS\\researchbot\\backend\\logs\\research_assistant_20250907_111902.log')}
2025-09-07 11:31:24,314 - DEBUG - 1 change detected: {(<Change.modified: 2>, 'E:\\Next JS\\researchbot\\backend\\logs\\research_assistant_20250907_111902.log')}
2025-09-07 11:31:24,733 - DEBUG - 1 change detected: {(<Change.modified: 2>, 'E:\\Next JS\\researchbot\\backend\\logs\\research_assistant_20250907_111902.log')}
2025-09-07 11:31:25,143 - DEBUG - 1 change detected: {(<Change.modified: 2>, 'E:\\Next JS\\researchbot\\backend\\logs\\research_assistant_20250907_111902.log')}
2025-09-07 11:31:25,568 - DEBUG - 1 change detected: {(<Change.modified: 2>, 'E:\\Next JS\\researchbot\\backend\\logs\\research_assistant_20250907_111902.log')}
2025-09-07 11:31:25,988 - DEBUG - 1 change detected: {(<Change.modified: 2>, 'E:\\Next JS\\researchbot\\backend\\logs\\research_assistant_20250907_111902.log')}
2025-09-07 11:31:26,350 - DEBUG - 1 change detected: {(<Change.modified: 2>, 'E:\\Next JS\\researchbot\\backend\\logs\\research_assistant_20250907_111902.log')}
2025-09-07 11:31:26,778 - DEBUG - 1 change detected: {(<Change.modified: 2>, 'E:\\Next JS\\researchbot\\backend\\logs\\research_assistant_20250907_111902.log')}
2025-09-07 11:31:27,589 - DEBUG - 1 change detected: {(<Change.modified: 2>, 'E:\\Next JS\\researchbot\\backend\\logs\\research_assistant_20250907_111902.log')}
2025-09-07 11:31:28,040 - DEBUG - 1 change detected: {(<Change.modified: 2>, 'E:\\Next JS\\researchbot\\backend\\logs\\research_assistant_20250907_111902.log')}
2025-09-07 11:31:28,510 - DEBUG - 1 change detected: {(<Change.modified: 2>, 'E:\\Next JS\\researchbot\\backend\\logs\\research_assistant_20250907_111902.log')}
2025-09-07 11:31:29,216 - DEBUG - 1 change detected: {(<Change.modified: 2>, 'E:\\Next JS\\researchbot\\backend\\logs\\research_assistant_20250907_111902.log')}
2025-09-07 11:31:29,749 - DEBUG - 1 change detected: {(<Change.modified: 2>, 'E:\\Next JS\\researchbot\\backend\\logs\\research_assistant_20250907_111902.log')}
2025-09-07 11:31:30,691 - DEBUG - 1 change detected: {(<Change.modified: 2>, 'E:\\Next JS\\researchbot\\backend\\logs\\research_assistant_20250907_111902.log')}
2025-09-07 11:31:31,819 - DEBUG - 1 change detected: {(<Change.modified: 2>, 'E:\\Next JS\\researchbot\\backend\\logs\\research_assistant_20250907_111902.log')}
2025-09-07 11:31:34,878 - DEBUG - 1 change detected: {(<Change.modified: 2>, 'E:\\Next JS\\researchbot\\backend\\logs\\research_assistant_20250907_111902.log')}
2025-09-07 11:31:35,410 - DEBUG - 1 change detected: {(<Change.modified: 2>, 'E:\\Next JS\\researchbot\\backend\\logs\\research_assistant_20250907_111902.log')}
2025-09-07 11:31:35,780 - DEBUG - 1 change detected: {(<Change.modified: 2>, 'E:\\Next JS\\researchbot\\backend\\logs\\research_assistant_20250907_111902.log')}
2025-09-07 11:31:36,156 - DEBUG - 1 change detected: {(<Change.modified: 2>, 'E:\\Next JS\\researchbot\\backend\\logs\\research_assistant_20250907_111902.log')}
2025-09-07 11:31:36,528 - DEBUG - 1 change detected: {(<Change.modified: 2>, 'E:\\Next JS\\researchbot\\backend\\logs\\research_assistant_20250907_111902.log')}
2025-09-07 11:31:36,952 - DEBUG - 1 change detected: {(<Change.modified: 2>, 'E:\\Next JS\\researchbot\\backend\\logs\\research_assistant_20250907_111902.log')}
2025-09-07 11:31:37,412 - DEBUG - 1 change detected: {(<Change.modified: 2>, 'E:\\Next JS\\researchbot\\backend\\logs\\research_assistant_20250907_111902.log')}
2025-09-07 11:31:37,851 - DEBUG - 1 change detected: {(<Change.modified: 2>, 'E:\\Next JS\\researchbot\\backend\\logs\\research_assistant_20250907_111902.log')}
2025-09-07 11:31:38,269 - DEBUG - 1 change detected: {(<Change.modified: 2>, 'E:\\Next JS\\researchbot\\backend\\logs\\research_assistant_20250907_111902.log')}
2025-09-07 11:31:38,677 - DEBUG - 1 change detected: {(<Change.modified: 2>, 'E:\\Next JS\\researchbot\\backend\\logs\\research_assistant_20250907_111902.log')}
2025-09-07 11:31:39,078 - DEBUG - 1 change detected: {(<Change.modified: 2>, 'E:\\Next JS\\researchbot\\backend\\logs\\research_assistant_20250907_111902.log')}
2025-09-07 11:31:39,443 - DEBUG - 1 change detected: {(<Change.modified: 2>, 'E:\\Next JS\\researchbot\\backend\\logs\\research_assistant_20250907_111902.log')}
2025-09-07 11:31:39,861 - DEBUG - 1 change detected: {(<Change.modified: 2>, 'E:\\Next JS\\researchbot\\backend\\logs\\research_assistant_20250907_111902.log')}
2025-09-07 11:31:40,277 - DEBUG - 1 change detected: {(<Change.modified: 2>, 'E:\\Next JS\\researchbot\\backend\\logs\\research_assistant_20250907_111902.log')}
2025-09-07 11:31:40,701 - DEBUG - 1 change detected: {(<Change.modified: 2>, 'E:\\Next JS\\researchbot\\backend\\logs\\research_assistant_20250907_111902.log')}
2025-09-07 11:31:41,063 - DEBUG - 1 change detected: {(<Change.modified: 2>, 'E:\\Next JS\\researchbot\\backend\\logs\\research_assistant_20250907_111902.log')}
2025-09-07 11:31:41,583 - DEBUG - 1 change detected: {(<Change.modified: 2>, 'E:\\Next JS\\researchbot\\backend\\logs\\research_assistant_20250907_111902.log')}
2025-09-07 11:31:41,996 - DEBUG - 1 change detected: {(<Change.modified: 2>, 'E:\\Next JS\\researchbot\\backend\\logs\\research_assistant_20250907_111902.log')}
2025-09-07 11:31:42,429 - DEBUG - 1 change detected: {(<Change.modified: 2>, 'E:\\Next JS\\researchbot\\backend\\logs\\research_assistant_20250907_111902.log')}
2025-09-07 11:31:42,863 - DEBUG - 1 change detected: {(<Change.modified: 2>, 'E:\\Next JS\\researchbot\\backend\\logs\\research_assistant_20250907_111902.log')}
2025-09-07 11:31:43,238 - DEBUG - 1 change detected: {(<Change.modified: 2>, 'E:\\Next JS\\researchbot\\backend\\logs\\research_assistant_20250907_111902.log')}
2025-09-07 11:31:43,674 - DEBUG - 1 change detected: {(<Change.modified: 2>, 'E:\\Next JS\\researchbot\\backend\\logs\\research_assistant_20250907_111902.log')}
2025-09-07 11:31:44,056 - DEBUG - 1 change detected: {(<Change.modified: 2>, 'E:\\Next JS\\researchbot\\backend\\logs\\research_assistant_20250907_111902.log')}
2025-09-07 11:31:44,421 - DEBUG - 1 change detected: {(<Change.modified: 2>, 'E:\\Next JS\\researchbot\\backend\\logs\\research_assistant_20250907_111902.log')}
2025-09-07 11:31:44,846 - DEBUG - 1 change detected: {(<Change.modified: 2>, 'E:\\Next JS\\researchbot\\backend\\logs\\research_assistant_20250907_111902.log')}
2025-09-07 11:31:45,269 - DEBUG - 1 change detected: {(<Change.modified: 2>, 'E:\\Next JS\\researchbot\\backend\\logs\\research_assistant_20250907_111902.log')}
2025-09-07 11:31:45,631 - DEBUG - 1 change detected: {(<Change.modified: 2>, 'E:\\Next JS\\researchbot\\backend\\logs\\research_assistant_20250907_111902.log')}
2025-09-07 11:31:46,053 - DEBUG - 1 change detected: {(<Change.modified: 2>, 'E:\\Next JS\\researchbot\\backend\\logs\\research_assistant_20250907_111902.log')}
2025-09-07 11:31:46,471 - DEBUG - 1 change detected: {(<Change.modified: 2>, 'E:\\Next JS\\researchbot\\backend\\logs\\research_assistant_20250907_111902.log')}
2025-09-07 11:31:46,878 - DEBUG - 1 change detected: {(<Change.modified: 2>, 'E:\\Next JS\\researchbot\\backend\\logs\\research_assistant_20250907_111902.log')}
2025-09-07 11:31:47,312 - DEBUG - 1 change detected: {(<Change.modified: 2>, 'E:\\Next JS\\researchbot\\backend\\logs\\research_assistant_20250907_111902.log')}
2025-09-07 11:31:47,684 - DEBUG - 1 change detected: {(<Change.modified: 2>, 'E:\\Next JS\\researchbot\\backend\\logs\\research_assistant_20250907_111902.log')}
2025-09-07 11:31:48,050 - DEBUG - 1 change detected: {(<Change.modified: 2>, 'E:\\Next JS\\researchbot\\backend\\logs\\research_assistant_20250907_111902.log')}
2025-09-07 11:31:48,472 - DEBUG - 1 change detected: {(<Change.modified: 2>, 'E:\\Next JS\\researchbot\\backend\\logs\\research_assistant_20250907_111902.log')}
2025-09-07 11:31:48,907 - DEBUG - 1 change detected: {(<Change.modified: 2>, 'E:\\Next JS\\researchbot\\backend\\logs\\research_assistant_20250907_111902.log')}
2025-09-07 11:31:49,265 - DEBUG - 1 change detected: {(<Change.modified: 2>, 'E:\\Next JS\\researchbot\\backend\\logs\\research_assistant_20250907_111902.log')}
2025-09-07 11:31:49,681 - DEBUG - 1 change detected: {(<Change.modified: 2>, 'E:\\Next JS\\researchbot\\backend\\logs\\research_assistant_20250907_111902.log')}
2025-09-07 11:31:50,205 - DEBUG - 1 change detected: {(<Change.modified: 2>, 'E:\\Next JS\\researchbot\\backend\\logs\\research_assistant_20250907_111902.log')}
2025-09-07 11:31:50,641 - DEBUG - 1 change detected: {(<Change.modified: 2>, 'E:\\Next JS\\researchbot\\backend\\logs\\research_assistant_20250907_111902.log')}
2025-09-07 11:31:50,996 - DEBUG - 1 change detected: {(<Change.modified: 2>, 'E:\\Next JS\\researchbot\\backend\\logs\\research_assistant_20250907_111902.log')}
2025-09-07 11:31:51,362 - DEBUG - 1 change detected: {(<Change.modified: 2>, 'E:\\Next JS\\researchbot\\backend\\logs\\research_assistant_20250907_111902.log')}
2025-09-07 11:31:51,782 - DEBUG - 1 change detected: {(<Change.modified: 2>, 'E:\\Next JS\\researchbot\\backend\\logs\\research_assistant_20250907_111902.log')}
2025-09-07 11:31:52,223 - DEBUG - 1 change detected: {(<Change.modified: 2>, 'E:\\Next JS\\researchbot\\backend\\logs\\research_assistant_20250907_111902.log')}
2025-09-07 11:31:52,648 - DEBUG - 1 change detected: {(<Change.modified: 2>, 'E:\\Next JS\\researchbot\\backend\\logs\\research_assistant_20250907_111902.log')}
2025-09-07 11:31:53,075 - DEBUG - 1 change detected: {(<Change.modified: 2>, 'E:\\Next JS\\researchbot\\backend\\logs\\research_assistant_20250907_111902.log')}
2025-09-07 11:31:53,519 - DEBUG - 1 change detected: {(<Change.modified: 2>, 'E:\\Next JS\\researchbot\\backend\\logs\\research_assistant_20250907_111902.log')}
2025-09-07 11:31:53,949 - DEBUG - 1 change detected: {(<Change.modified: 2>, 'E:\\Next JS\\researchbot\\backend\\logs\\research_assistant_20250907_111902.log')}
2025-09-07 11:31:54,308 - DEBUG - 1 change detected: {(<Change.modified: 2>, 'E:\\Next JS\\researchbot\\backend\\logs\\research_assistant_20250907_111902.log')}
2025-09-07 11:31:54,747 - DEBUG - 1 change detected: {(<Change.modified: 2>, 'E:\\Next JS\\researchbot\\backend\\logs\\research_assistant_20250907_111902.log')}
2025-09-07 11:31:55,173 - DEBUG - 1 change detected: {(<Change.modified: 2>, 'E:\\Next JS\\researchbot\\backend\\logs\\research_assistant_20250907_111902.log')}
2025-09-07 11:31:55,533 - DEBUG - 1 change detected: {(<Change.modified: 2>, 'E:\\Next JS\\researchbot\\backend\\logs\\research_assistant_20250907_111902.log')}
2025-09-07 11:31:55,946 - DEBUG - 1 change detected: {(<Change.modified: 2>, 'E:\\Next JS\\researchbot\\backend\\logs\\research_assistant_20250907_111902.log')}
2025-09-07 11:31:56,370 - DEBUG - 1 change detected: {(<Change.modified: 2>, 'E:\\Next JS\\researchbot\\backend\\logs\\research_assistant_20250907_111902.log')}
2025-09-07 11:31:56,792 - DEBUG - 1 change detected: {(<Change.modified: 2>, 'E:\\Next JS\\researchbot\\backend\\logs\\research_assistant_20250907_111902.log')}
2025-09-07 11:31:57,205 - DEBUG - 1 change detected: {(<Change.modified: 2>, 'E:\\Next JS\\researchbot\\backend\\logs\\research_assistant_20250907_111902.log')}
2025-09-07 11:31:57,570 - DEBUG - 1 change detected: {(<Change.modified: 2>, 'E:\\Next JS\\researchbot\\backend\\logs\\research_assistant_20250907_111902.log')}
2025-09-07 11:31:58,008 - DEBUG - 1 change detected: {(<Change.modified: 2>, 'E:\\Next JS\\researchbot\\backend\\logs\\research_assistant_20250907_111902.log')}
2025-09-07 11:31:58,421 - DEBUG - 1 change detected: {(<Change.modified: 2>, 'E:\\Next JS\\researchbot\\backend\\logs\\research_assistant_20250907_111902.log')}
2025-09-07 11:31:58,783 - DEBUG - 1 change detected: {(<Change.modified: 2>, 'E:\\Next JS\\researchbot\\backend\\logs\\research_assistant_20250907_111902.log')}
2025-09-07 11:31:59,221 - DEBUG - 1 change detected: {(<Change.modified: 2>, 'E:\\Next JS\\researchbot\\backend\\logs\\research_assistant_20250907_111902.log')}
2025-09-07 11:31:59,596 - DEBUG - 1 change detected: {(<Change.modified: 2>, 'E:\\Next JS\\researchbot\\backend\\logs\\research_assistant_20250907_111902.log')}
2025-09-07 11:32:00,005 - DEBUG - 1 change detected: {(<Change.modified: 2>, 'E:\\Next JS\\researchbot\\backend\\logs\\research_assistant_20250907_111902.log')}
2025-09-07 11:32:00,420 - DEBUG - 1 change detected: {(<Change.modified: 2>, 'E:\\Next JS\\researchbot\\backend\\logs\\research_assistant_20250907_111902.log')}
2025-09-07 11:32:00,781 - DEBUG - 1 change detected: {(<Change.modified: 2>, 'E:\\Next JS\\researchbot\\backend\\logs\\research_assistant_20250907_111902.log')}
2025-09-07 11:32:01,203 - DEBUG - 1 change detected: {(<Change.modified: 2>, 'E:\\Next JS\\researchbot\\backend\\logs\\research_assistant_20250907_111902.log')}
2025-09-07 11:32:01,655 - DEBUG - 1 change detected: {(<Change.modified: 2>, 'E:\\Next JS\\researchbot\\backend\\logs\\research_assistant_20250907_111902.log')}
2025-09-07 11:32:02,145 - DEBUG - 1 change detected: {(<Change.modified: 2>, 'E:\\Next JS\\researchbot\\backend\\logs\\research_assistant_20250907_111902.log')}
2025-09-07 11:32:02,571 - DEBUG - 1 change detected: {(<Change.modified: 2>, 'E:\\Next JS\\researchbot\\backend\\logs\\research_assistant_20250907_111902.log')}
2025-09-07 11:32:02,938 - DEBUG - 1 change detected: {(<Change.modified: 2>, 'E:\\Next JS\\researchbot\\backend\\logs\\research_assistant_20250907_111902.log')}
2025-09-07 11:32:03,349 - DEBUG - 1 change detected: {(<Change.modified: 2>, 'E:\\Next JS\\researchbot\\backend\\logs\\research_assistant_20250907_111902.log')}
2025-09-07 11:32:03,721 - DEBUG - 1 change detected: {(<Change.modified: 2>, 'E:\\Next JS\\researchbot\\backend\\logs\\research_assistant_20250907_111902.log')}
2025-09-07 11:32:04,134 - DEBUG - 1 change detected: {(<Change.modified: 2>, 'E:\\Next JS\\researchbot\\backend\\logs\\research_assistant_20250907_111902.log')}
2025-09-07 11:32:04,536 - DEBUG - 1 change detected: {(<Change.modified: 2>, 'E:\\Next JS\\researchbot\\backend\\logs\\research_assistant_20250907_111902.log')}
2025-09-07 11:32:05,035 - DEBUG - 1 change detected: {(<Change.modified: 2>, 'E:\\Next JS\\researchbot\\backend\\logs\\research_assistant_20250907_111902.log')}
2025-09-07 11:32:05,453 - DEBUG - 1 change detected: {(<Change.modified: 2>, 'E:\\Next JS\\researchbot\\backend\\logs\\research_assistant_20250907_111902.log')}
2025-09-07 11:32:05,815 - DEBUG - 1 change detected: {(<Change.modified: 2>, 'E:\\Next JS\\researchbot\\backend\\logs\\research_assistant_20250907_111902.log')}
2025-09-07 11:32:06,238 - DEBUG - 1 change detected: {(<Change.modified: 2>, 'E:\\Next JS\\researchbot\\backend\\logs\\research_assistant_20250907_111902.log')}
2025-09-07 11:32:06,659 - DEBUG - 1 change detected: {(<Change.modified: 2>, 'E:\\Next JS\\researchbot\\backend\\logs\\research_assistant_20250907_111902.log')}
2025-09-07 11:32:07,016 - DEBUG - 1 change detected: {(<Change.modified: 2>, 'E:\\Next JS\\researchbot\\backend\\logs\\research_assistant_20250907_111902.log')}
2025-09-07 11:32:07,451 - DEBUG - 1 change detected: {(<Change.modified: 2>, 'E:\\Next JS\\researchbot\\backend\\logs\\research_assistant_20250907_111902.log')}
2025-09-07 11:32:07,862 - DEBUG - 1 change detected: {(<Change.modified: 2>, 'E:\\Next JS\\researchbot\\backend\\logs\\research_assistant_20250907_111902.log')}
2025-09-07 11:32:08,227 - DEBUG - 1 change detected: {(<Change.modified: 2>, 'E:\\Next JS\\researchbot\\backend\\logs\\research_assistant_20250907_111902.log')}
2025-09-07 11:32:08,646 - DEBUG - 1 change detected: {(<Change.modified: 2>, 'E:\\Next JS\\researchbot\\backend\\logs\\research_assistant_20250907_111902.log')}
2025-09-07 11:32:09,056 - DEBUG - 1 change detected: {(<Change.modified: 2>, 'E:\\Next JS\\researchbot\\backend\\logs\\research_assistant_20250907_111902.log')}
2025-09-07 11:32:09,464 - DEBUG - 1 change detected: {(<Change.modified: 2>, 'E:\\Next JS\\researchbot\\backend\\logs\\research_assistant_20250907_111902.log')}
2025-09-07 11:32:09,872 - DEBUG - 1 change detected: {(<Change.modified: 2>, 'E:\\Next JS\\researchbot\\backend\\logs\\research_assistant_20250907_111902.log')}
2025-09-07 11:32:10,283 - DEBUG - 1 change detected: {(<Change.modified: 2>, 'E:\\Next JS\\researchbot\\backend\\logs\\research_assistant_20250907_111902.log')}
2025-09-07 11:32:10,700 - DEBUG - 1 change detected: {(<Change.modified: 2>, 'E:\\Next JS\\researchbot\\backend\\logs\\research_assistant_20250907_111902.log')}
2025-09-07 11:32:11,076 - DEBUG - 1 change detected: {(<Change.modified: 2>, 'E:\\Next JS\\researchbot\\backend\\logs\\research_assistant_20250907_111902.log')}
2025-09-07 11:32:11,577 - DEBUG - 1 change detected: {(<Change.modified: 2>, 'E:\\Next JS\\researchbot\\backend\\logs\\research_assistant_20250907_111902.log')}
2025-09-07 11:32:11,987 - DEBUG - 1 change detected: {(<Change.modified: 2>, 'E:\\Next JS\\researchbot\\backend\\logs\\research_assistant_20250907_111902.log')}
2025-09-07 11:32:12,404 - DEBUG - 1 change detected: {(<Change.modified: 2>, 'E:\\Next JS\\researchbot\\backend\\logs\\research_assistant_20250907_111902.log')}
2025-09-07 11:32:12,818 - DEBUG - 1 change detected: {(<Change.modified: 2>, 'E:\\Next JS\\researchbot\\backend\\logs\\research_assistant_20250907_111902.log')}
2025-09-07 11:32:13,236 - DEBUG - 1 change detected: {(<Change.modified: 2>, 'E:\\Next JS\\researchbot\\backend\\logs\\research_assistant_20250907_111902.log')}
2025-09-07 11:32:13,600 - DEBUG - 1 change detected: {(<Change.modified: 2>, 'E:\\Next JS\\researchbot\\backend\\logs\\research_assistant_20250907_111902.log')}
2025-09-07 11:32:14,016 - DEBUG - 1 change detected: {(<Change.modified: 2>, 'E:\\Next JS\\researchbot\\backend\\logs\\research_assistant_20250907_111902.log')}
2025-09-07 11:32:14,434 - DEBUG - 1 change detected: {(<Change.modified: 2>, 'E:\\Next JS\\researchbot\\backend\\logs\\research_assistant_20250907_111902.log')}
2025-09-07 11:32:14,790 - DEBUG - 1 change detected: {(<Change.modified: 2>, 'E:\\Next JS\\researchbot\\backend\\logs\\research_assistant_20250907_111902.log')}
2025-09-07 11:32:15,197 - DEBUG - 1 change detected: {(<Change.modified: 2>, 'E:\\Next JS\\researchbot\\backend\\logs\\research_assistant_20250907_111902.log')}
2025-09-07 11:32:15,606 - DEBUG - 1 change detected: {(<Change.modified: 2>, 'E:\\Next JS\\researchbot\\backend\\logs\\research_assistant_20250907_111902.log')}
2025-09-07 11:32:15,965 - DEBUG - 1 change detected: {(<Change.modified: 2>, 'E:\\Next JS\\researchbot\\backend\\logs\\research_assistant_20250907_111902.log')}
2025-09-07 11:32:16,449 - DEBUG - 1 change detected: {(<Change.modified: 2>, 'E:\\Next JS\\researchbot\\backend\\logs\\research_assistant_20250907_111902.log')}
2025-09-07 11:32:16,873 - DEBUG - 1 change detected: {(<Change.modified: 2>, 'E:\\Next JS\\researchbot\\backend\\logs\\research_assistant_20250907_111902.log')}
2025-09-07 11:32:17,335 - DEBUG - 1 change detected: {(<Change.modified: 2>, 'E:\\Next JS\\researchbot\\backend\\logs\\research_assistant_20250907_111902.log')}
2025-09-07 11:32:17,706 - DEBUG - 1 change detected: {(<Change.modified: 2>, 'E:\\Next JS\\researchbot\\backend\\logs\\research_assistant_20250907_111902.log')}
2025-09-07 11:32:18,134 - DEBUG - 1 change detected: {(<Change.modified: 2>, 'E:\\Next JS\\researchbot\\backend\\logs\\research_assistant_20250907_111902.log')}
2025-09-07 11:32:18,545 - DEBUG - 1 change detected: {(<Change.modified: 2>, 'E:\\Next JS\\researchbot\\backend\\logs\\research_assistant_20250907_111902.log')}
2025-09-07 11:32:18,951 - DEBUG - 1 change detected: {(<Change.modified: 2>, 'E:\\Next JS\\researchbot\\backend\\logs\\research_assistant_20250907_111902.log')}
2025-09-07 11:32:19,360 - DEBUG - 1 change detected: {(<Change.modified: 2>, 'E:\\Next JS\\researchbot\\backend\\logs\\research_assistant_20250907_111902.log')}
2025-09-07 11:32:19,792 - DEBUG - 1 change detected: {(<Change.modified: 2>, 'E:\\Next JS\\researchbot\\backend\\logs\\research_assistant_20250907_111902.log')}
2025-09-07 11:32:20,199 - DEBUG - 1 change detected: {(<Change.modified: 2>, 'E:\\Next JS\\researchbot\\backend\\logs\\research_assistant_20250907_111902.log')}
2025-09-07 11:32:20,578 - DEBUG - 1 change detected: {(<Change.modified: 2>, 'E:\\Next JS\\researchbot\\backend\\logs\\research_assistant_20250907_111902.log')}
2025-09-07 11:32:20,950 - DEBUG - 1 change detected: {(<Change.modified: 2>, 'E:\\Next JS\\researchbot\\backend\\logs\\research_assistant_20250907_111902.log')}
2025-09-07 11:32:21,368 - DEBUG - 1 change detected: {(<Change.modified: 2>, 'E:\\Next JS\\researchbot\\backend\\logs\\research_assistant_20250907_111902.log')}
2025-09-07 11:32:21,773 - DEBUG - 1 change detected: {(<Change.modified: 2>, 'E:\\Next JS\\researchbot\\backend\\logs\\research_assistant_20250907_111902.log')}
2025-09-07 11:32:22,202 - DEBUG - 1 change detected: {(<Change.modified: 2>, 'E:\\Next JS\\researchbot\\backend\\logs\\research_assistant_20250907_111902.log')}
2025-09-07 11:32:22,564 - DEBUG - 1 change detected: {(<Change.modified: 2>, 'E:\\Next JS\\researchbot\\backend\\logs\\research_assistant_20250907_111902.log')}
2025-09-07 11:32:23,049 - DEBUG - 1 change detected: {(<Change.modified: 2>, 'E:\\Next JS\\researchbot\\backend\\logs\\research_assistant_20250907_111902.log')}
2025-09-07 11:32:23,512 - DEBUG - 1 change detected: {(<Change.modified: 2>, 'E:\\Next JS\\researchbot\\backend\\logs\\research_assistant_20250907_111902.log')}
2025-09-07 11:32:23,934 - DEBUG - 1 change detected: {(<Change.modified: 2>, 'E:\\Next JS\\researchbot\\backend\\logs\\research_assistant_20250907_111902.log')}
2025-09-07 11:32:24,350 - DEBUG - 1 change detected: {(<Change.modified: 2>, 'E:\\Next JS\\researchbot\\backend\\logs\\research_assistant_20250907_111902.log')}
2025-09-07 11:32:24,713 - DEBUG - 1 change detected: {(<Change.modified: 2>, 'E:\\Next JS\\researchbot\\backend\\logs\\research_assistant_20250907_111902.log')}
2025-09-07 11:32:25,137 - DEBUG - 1 change detected: {(<Change.modified: 2>, 'E:\\Next JS\\researchbot\\backend\\logs\\research_assistant_20250907_111902.log')}
2025-09-07 11:32:25,556 - DEBUG - 1 change detected: {(<Change.modified: 2>, 'E:\\Next JS\\researchbot\\backend\\logs\\research_assistant_20250907_111902.log')}
2025-09-07 11:32:25,920 - DEBUG - 1 change detected: {(<Change.modified: 2>, 'E:\\Next JS\\researchbot\\backend\\logs\\research_assistant_20250907_111902.log')}
2025-09-07 11:32:26,397 - DEBUG - 1 change detected: {(<Change.modified: 2>, 'E:\\Next JS\\researchbot\\backend\\logs\\research_assistant_20250907_111902.log')}
2025-09-07 11:32:26,796 - DEBUG - 1 change detected: {(<Change.modified: 2>, 'E:\\Next JS\\researchbot\\backend\\logs\\research_assistant_20250907_111902.log')}
2025-09-07 11:32:27,224 - DEBUG - 1 change detected: {(<Change.modified: 2>, 'E:\\Next JS\\researchbot\\backend\\logs\\research_assistant_20250907_111902.log')}
2025-09-07 11:32:27,582 - DEBUG - 1 change detected: {(<Change.modified: 2>, 'E:\\Next JS\\researchbot\\backend\\logs\\research_assistant_20250907_111902.log')}
2025-09-07 11:32:28,000 - DEBUG - 1 change detected: {(<Change.modified: 2>, 'E:\\Next JS\\researchbot\\backend\\logs\\research_assistant_20250907_111902.log')}
2025-09-07 11:32:28,417 - DEBUG - 1 change detected: {(<Change.modified: 2>, 'E:\\Next JS\\researchbot\\backend\\logs\\research_assistant_20250907_111902.log')}
2025-09-07 11:32:28,880 - DEBUG - 1 change detected: {(<Change.modified: 2>, 'E:\\Next JS\\researchbot\\backend\\logs\\research_assistant_20250907_111902.log')}
2025-09-07 11:32:29,298 - DEBUG - 1 change detected: {(<Change.modified: 2>, 'E:\\Next JS\\researchbot\\backend\\logs\\research_assistant_20250907_111902.log')}
2025-09-07 11:32:29,671 - DEBUG - 1 change detected: {(<Change.modified: 2>, 'E:\\Next JS\\researchbot\\backend\\logs\\research_assistant_20250907_111902.log')}
2025-09-07 11:32:30,100 - DEBUG - 1 change detected: {(<Change.modified: 2>, 'E:\\Next JS\\researchbot\\backend\\logs\\research_assistant_20250907_111902.log')}
2025-09-07 11:32:30,461 - DEBUG - 1 change detected: {(<Change.modified: 2>, 'E:\\Next JS\\researchbot\\backend\\logs\\research_assistant_20250907_111902.log')}
2025-09-07 11:32:30,891 - DEBUG - 1 change detected: {(<Change.modified: 2>, 'E:\\Next JS\\researchbot\\backend\\logs\\research_assistant_20250907_111902.log')}
2025-09-07 11:32:31,302 - DEBUG - 1 change detected: {(<Change.modified: 2>, 'E:\\Next JS\\researchbot\\backend\\logs\\research_assistant_20250907_111902.log')}
2025-09-07 11:32:31,663 - DEBUG - 1 change detected: {(<Change.modified: 2>, 'E:\\Next JS\\researchbot\\backend\\logs\\research_assistant_20250907_111902.log')}
2025-09-07 11:32:32,080 - DEBUG - 1 change detected: {(<Change.modified: 2>, 'E:\\Next JS\\researchbot\\backend\\logs\\research_assistant_20250907_111902.log')}
2025-09-07 11:32:32,461 - DEBUG - 1 change detected: {(<Change.modified: 2>, 'E:\\Next JS\\researchbot\\backend\\logs\\research_assistant_20250907_111902.log')}
2025-09-07 11:32:32,944 - DEBUG - 1 change detected: {(<Change.modified: 2>, 'E:\\Next JS\\researchbot\\backend\\logs\\research_assistant_20250907_111902.log')}
2025-09-07 11:32:33,299 - DEBUG - 1 change detected: {(<Change.modified: 2>, 'E:\\Next JS\\researchbot\\backend\\logs\\research_assistant_20250907_111902.log')}
2025-09-07 11:32:33,721 - DEBUG - 1 change detected: {(<Change.modified: 2>, 'E:\\Next JS\\researchbot\\backend\\logs\\research_assistant_20250907_111902.log')}
2025-09-07 11:32:34,156 - DEBUG - 1 change detected: {(<Change.modified: 2>, 'E:\\Next JS\\researchbot\\backend\\logs\\research_assistant_20250907_111902.log')}
2025-09-07 11:32:34,566 - DEBUG - 1 change detected: {(<Change.modified: 2>, 'E:\\Next JS\\researchbot\\backend\\logs\\research_assistant_20250907_111902.log')}
2025-09-07 11:32:34,977 - DEBUG - 1 change detected: {(<Change.modified: 2>, 'E:\\Next JS\\researchbot\\backend\\logs\\research_assistant_20250907_111902.log')}
2025-09-07 11:32:35,389 - DEBUG - 1 change detected: {(<Change.modified: 2>, 'E:\\Next JS\\researchbot\\backend\\logs\\research_assistant_20250907_111902.log')}
2025-09-07 11:32:35,809 - DEBUG - 1 change detected: {(<Change.modified: 2>, 'E:\\Next JS\\researchbot\\backend\\logs\\research_assistant_20250907_111902.log')}
2025-09-07 11:32:36,185 - DEBUG - 1 change detected: {(<Change.modified: 2>, 'E:\\Next JS\\researchbot\\backend\\logs\\research_assistant_20250907_111902.log')}
2025-09-07 11:32:36,592 - DEBUG - 1 change detected: {(<Change.modified: 2>, 'E:\\Next JS\\researchbot\\backend\\logs\\research_assistant_20250907_111902.log')}
2025-09-07 11:32:37,072 - DEBUG - 1 change detected: {(<Change.modified: 2>, 'E:\\Next JS\\researchbot\\backend\\logs\\research_assistant_20250907_111902.log')}
2025-09-07 11:32:37,499 - DEBUG - 1 change detected: {(<Change.modified: 2>, 'E:\\Next JS\\researchbot\\backend\\logs\\research_assistant_20250907_111902.log')}
2025-09-07 11:32:37,919 - DEBUG - 1 change detected: {(<Change.modified: 2>, 'E:\\Next JS\\researchbot\\backend\\logs\\research_assistant_20250907_111902.log')}
2025-09-07 11:32:38,351 - DEBUG - 1 change detected: {(<Change.modified: 2>, 'E:\\Next JS\\researchbot\\backend\\logs\\research_assistant_20250907_111902.log')}
2025-09-07 11:32:38,719 - DEBUG - 1 change detected: {(<Change.modified: 2>, 'E:\\Next JS\\researchbot\\backend\\logs\\research_assistant_20250907_111902.log')}
2025-09-07 11:32:39,154 - DEBUG - 1 change detected: {(<Change.modified: 2>, 'E:\\Next JS\\researchbot\\backend\\logs\\research_assistant_20250907_111902.log')}
2025-09-07 11:32:39,570 - DEBUG - 1 change detected: {(<Change.modified: 2>, 'E:\\Next JS\\researchbot\\backend\\logs\\research_assistant_20250907_111902.log')}
2025-09-07 11:32:39,941 - DEBUG - 1 change detected: {(<Change.modified: 2>, 'E:\\Next JS\\researchbot\\backend\\logs\\research_assistant_20250907_111902.log')}
2025-09-07 11:32:40,359 - DEBUG - 1 change detected: {(<Change.modified: 2>, 'E:\\Next JS\\researchbot\\backend\\logs\\research_assistant_20250907_111902.log')}
2025-09-07 11:32:40,721 - DEBUG - 1 change detected: {(<Change.modified: 2>, 'E:\\Next JS\\researchbot\\backend\\logs\\research_assistant_20250907_111902.log')}
2025-09-07 11:32:41,134 - DEBUG - 1 change detected: {(<Change.modified: 2>, 'E:\\Next JS\\researchbot\\backend\\logs\\research_assistant_20250907_111902.log')}
2025-09-07 11:32:41,551 - DEBUG - 1 change detected: {(<Change.modified: 2>, 'E:\\Next JS\\researchbot\\backend\\logs\\research_assistant_20250907_111902.log')}
2025-09-07 11:32:41,972 - DEBUG - 1 change detected: {(<Change.modified: 2>, 'E:\\Next JS\\researchbot\\backend\\logs\\research_assistant_20250907_111902.log')}
2025-09-07 11:32:42,335 - DEBUG - 1 change detected: {(<Change.modified: 2>, 'E:\\Next JS\\researchbot\\backend\\logs\\research_assistant_20250907_111902.log')}
2025-09-07 11:32:42,722 - DEBUG - 1 change detected: {(<Change.modified: 2>, 'E:\\Next JS\\researchbot\\backend\\logs\\research_assistant_20250907_111902.log')}
2025-09-07 11:32:43,219 - DEBUG - 1 change detected: {(<Change.modified: 2>, 'E:\\Next JS\\researchbot\\backend\\logs\\research_assistant_20250907_111902.log')}
2025-09-07 11:32:43,591 - DEBUG - 1 change detected: {(<Change.modified: 2>, 'E:\\Next JS\\researchbot\\backend\\logs\\research_assistant_20250907_111902.log')}
2025-09-07 11:32:43,987 - DEBUG - 1 change detected: {(<Change.modified: 2>, 'E:\\Next JS\\researchbot\\backend\\logs\\research_assistant_20250907_111902.log')}
2025-09-07 11:32:44,414 - DEBUG - 1 change detected: {(<Change.modified: 2>, 'E:\\Next JS\\researchbot\\backend\\logs\\research_assistant_20250907_111902.log')}
2025-09-07 11:32:44,789 - DEBUG - 1 change detected: {(<Change.modified: 2>, 'E:\\Next JS\\researchbot\\backend\\logs\\research_assistant_20250907_111902.log')}
2025-09-07 11:32:45,212 - DEBUG - 1 change detected: {(<Change.modified: 2>, 'E:\\Next JS\\researchbot\\backend\\logs\\research_assistant_20250907_111902.log')}
2025-09-07 11:32:46,400 - DEBUG - 1 change detected: {(<Change.modified: 2>, 'E:\\Next JS\\researchbot\\backend\\logs\\research_assistant_20250907_111902.log')}
2025-09-07 11:32:46,786 - DEBUG - 1 change detected: {(<Change.modified: 2>, 'E:\\Next JS\\researchbot\\backend\\logs\\research_assistant_20250907_111902.log')}
2025-09-07 11:32:47,395 - DEBUG - 1 change detected: {(<Change.modified: 2>, 'E:\\Next JS\\researchbot\\backend\\logs\\research_assistant_20250907_111902.log')}
2025-09-07 11:32:48,186 - DEBUG - 1 change detected: {(<Change.modified: 2>, 'E:\\Next JS\\researchbot\\backend\\logs\\research_assistant_20250907_111902.log')}
2025-09-07 11:32:48,808 - DEBUG - 1 change detected: {(<Change.modified: 2>, 'E:\\Next JS\\researchbot\\backend\\logs\\research_assistant_20250907_111902.log')}
2025-09-07 11:32:50,707 - DEBUG - 1 change detected: {(<Change.modified: 2>, 'E:\\Next JS\\researchbot\\backend\\logs\\research_assistant_20250907_111902.log')}
2025-09-07 11:32:53,320 - DEBUG - 1 change detected: {(<Change.modified: 2>, 'E:\\Next JS\\researchbot\\backend\\logs\\research_assistant_20250907_111902.log')}
2025-09-07 11:32:53,681 - DEBUG - 1 change detected: {(<Change.modified: 2>, 'E:\\Next JS\\researchbot\\backend\\logs\\research_assistant_20250907_111902.log')}
2025-09-07 11:32:54,075 - DEBUG - 1 change detected: {(<Change.modified: 2>, 'E:\\Next JS\\researchbot\\backend\\logs\\research_assistant_20250907_111902.log')}
2025-09-07 11:32:54,552 - DEBUG - 1 change detected: {(<Change.modified: 2>, 'E:\\Next JS\\researchbot\\backend\\logs\\research_assistant_20250907_111902.log')}
2025-09-07 11:32:54,962 - DEBUG - 1 change detected: {(<Change.modified: 2>, 'E:\\Next JS\\researchbot\\backend\\logs\\research_assistant_20250907_111902.log')}
2025-09-07 11:32:55,383 - DEBUG - 1 change detected: {(<Change.modified: 2>, 'E:\\Next JS\\researchbot\\backend\\logs\\research_assistant_20250907_111902.log')}
2025-09-07 11:32:55,795 - DEBUG - 1 change detected: {(<Change.modified: 2>, 'E:\\Next JS\\researchbot\\backend\\logs\\research_assistant_20250907_111902.log')}
2025-09-07 11:32:56,164 - DEBUG - 1 change detected: {(<Change.modified: 2>, 'E:\\Next JS\\researchbot\\backend\\logs\\research_assistant_20250907_111902.log')}
2025-09-07 11:32:56,576 - DEBUG - 1 change detected: {(<Change.modified: 2>, 'E:\\Next JS\\researchbot\\backend\\logs\\research_assistant_20250907_111902.log')}
2025-09-07 11:32:57,044 - DEBUG - 1 change detected: {(<Change.modified: 2>, 'E:\\Next JS\\researchbot\\backend\\logs\\research_assistant_20250907_111902.log')}
2025-09-07 11:32:57,508 - DEBUG - 1 change detected: {(<Change.modified: 2>, 'E:\\Next JS\\researchbot\\backend\\logs\\research_assistant_20250907_111902.log')}
2025-09-07 11:32:57,879 - DEBUG - 1 change detected: {(<Change.modified: 2>, 'E:\\Next JS\\researchbot\\backend\\logs\\research_assistant_20250907_111902.log')}
2025-09-07 11:32:58,291 - DEBUG - 1 change detected: {(<Change.modified: 2>, 'E:\\Next JS\\researchbot\\backend\\logs\\research_assistant_20250907_111902.log')}
2025-09-07 11:32:58,728 - DEBUG - 1 change detected: {(<Change.modified: 2>, 'E:\\Next JS\\researchbot\\backend\\logs\\research_assistant_20250907_111902.log')}
2025-09-07 11:32:59,218 - DEBUG - 1 change detected: {(<Change.modified: 2>, 'E:\\Next JS\\researchbot\\backend\\logs\\research_assistant_20250907_111902.log')}
2025-09-07 11:32:59,590 - DEBUG - 1 change detected: {(<Change.modified: 2>, 'E:\\Next JS\\researchbot\\backend\\logs\\research_assistant_20250907_111902.log')}
2025-09-07 11:33:00,045 - DEBUG - 1 change detected: {(<Change.modified: 2>, 'E:\\Next JS\\researchbot\\backend\\logs\\research_assistant_20250907_111902.log')}
2025-09-07 11:33:00,456 - DEBUG - 1 change detected: {(<Change.modified: 2>, 'E:\\Next JS\\researchbot\\backend\\logs\\research_assistant_20250907_111902.log')}
2025-09-07 11:33:00,823 - DEBUG - 1 change detected: {(<Change.modified: 2>, 'E:\\Next JS\\researchbot\\backend\\logs\\research_assistant_20250907_111902.log')}
2025-09-07 11:33:01,234 - DEBUG - 1 change detected: {(<Change.modified: 2>, 'E:\\Next JS\\researchbot\\backend\\logs\\research_assistant_20250907_111902.log')}
2025-09-07 11:33:01,642 - DEBUG - 1 change detected: {(<Change.modified: 2>, 'E:\\Next JS\\researchbot\\backend\\logs\\research_assistant_20250907_111902.log')}
2025-09-07 11:33:02,618 - DEBUG - 1 change detected: {(<Change.modified: 2>, 'E:\\Next JS\\researchbot\\backend\\logs\\research_assistant_20250907_111902.log')}
2025-09-07 11:33:03,431 - DEBUG - 1 change detected: {(<Change.modified: 2>, 'E:\\Next JS\\researchbot\\backend\\logs\\research_assistant_20250907_111902.log')}
2025-09-07 11:33:04,021 - DEBUG - 1 change detected: {(<Change.modified: 2>, 'E:\\Next JS\\researchbot\\backend\\logs\\research_assistant_20250907_111902.log')}
2025-09-07 11:33:04,864 - DEBUG - 1 change detected: {(<Change.modified: 2>, 'E:\\Next JS\\researchbot\\backend\\logs\\research_assistant_20250907_111902.log')}
2025-09-07 11:33:05,951 - DEBUG - 1 change detected: {(<Change.modified: 2>, 'E:\\Next JS\\researchbot\\backend\\logs\\research_assistant_20250907_111902.log')}
2025-09-07 11:33:07,015 - DEBUG - 1 change detected: {(<Change.modified: 2>, 'E:\\Next JS\\researchbot\\backend\\logs\\research_assistant_20250907_111902.log')}
2025-09-07 11:33:09,633 - DEBUG - 1 change detected: {(<Change.modified: 2>, 'E:\\Next JS\\researchbot\\backend\\logs\\research_assistant_20250907_111902.log')}
2025-09-07 11:33:09,993 - DEBUG - 1 change detected: {(<Change.modified: 2>, 'E:\\Next JS\\researchbot\\backend\\logs\\research_assistant_20250907_111902.log')}
2025-09-07 11:33:10,408 - DEBUG - 1 change detected: {(<Change.modified: 2>, 'E:\\Next JS\\researchbot\\backend\\logs\\research_assistant_20250907_111902.log')}
2025-09-07 11:33:10,823 - DEBUG - 1 change detected: {(<Change.modified: 2>, 'E:\\Next JS\\researchbot\\backend\\logs\\research_assistant_20250907_111902.log')}
2025-09-07 11:33:11,189 - DEBUG - 1 change detected: {(<Change.modified: 2>, 'E:\\Next JS\\researchbot\\backend\\logs\\research_assistant_20250907_111902.log')}
2025-09-07 11:33:11,600 - DEBUG - 1 change detected: {(<Change.modified: 2>, 'E:\\Next JS\\researchbot\\backend\\logs\\research_assistant_20250907_111902.log')}
2025-09-07 11:33:12,013 - DEBUG - 1 change detected: {(<Change.modified: 2>, 'E:\\Next JS\\researchbot\\backend\\logs\\research_assistant_20250907_111902.log')}
2025-09-07 11:33:12,419 - DEBUG - 1 change detected: {(<Change.modified: 2>, 'E:\\Next JS\\researchbot\\backend\\logs\\research_assistant_20250907_111902.log')}
2025-09-07 11:33:12,840 - DEBUG - 1 change detected: {(<Change.modified: 2>, 'E:\\Next JS\\researchbot\\backend\\logs\\research_assistant_20250907_111902.log')}
2025-09-07 11:33:13,250 - DEBUG - 1 change detected: {(<Change.modified: 2>, 'E:\\Next JS\\researchbot\\backend\\logs\\research_assistant_20250907_111902.log')}
2025-09-07 11:33:13,656 - DEBUG - 1 change detected: {(<Change.modified: 2>, 'E:\\Next JS\\researchbot\\backend\\logs\\research_assistant_20250907_111902.log')}
2025-09-07 11:33:14,063 - DEBUG - 1 change detected: {(<Change.modified: 2>, 'E:\\Next JS\\researchbot\\backend\\logs\\research_assistant_20250907_111902.log')}
2025-09-07 11:33:14,431 - DEBUG - 1 change detected: {(<Change.modified: 2>, 'E:\\Next JS\\researchbot\\backend\\logs\\research_assistant_20250907_111902.log')}
2025-09-07 11:33:14,844 - DEBUG - 1 change detected: {(<Change.modified: 2>, 'E:\\Next JS\\researchbot\\backend\\logs\\research_assistant_20250907_111902.log')}
2025-09-07 11:33:15,264 - DEBUG - 1 change detected: {(<Change.modified: 2>, 'E:\\Next JS\\researchbot\\backend\\logs\\research_assistant_20250907_111902.log')}
2025-09-07 11:33:15,632 - DEBUG - 1 change detected: {(<Change.modified: 2>, 'E:\\Next JS\\researchbot\\backend\\logs\\research_assistant_20250907_111902.log')}
2025-09-07 11:33:16,102 - DEBUG - 1 change detected: {(<Change.modified: 2>, 'E:\\Next JS\\researchbot\\backend\\logs\\research_assistant_20250907_111902.log')}
2025-09-07 11:33:16,527 - DEBUG - 1 change detected: {(<Change.modified: 2>, 'E:\\Next JS\\researchbot\\backend\\logs\\research_assistant_20250907_111902.log')}
2025-09-07 11:33:16,888 - DEBUG - 1 change detected: {(<Change.modified: 2>, 'E:\\Next JS\\researchbot\\backend\\logs\\research_assistant_20250907_111902.log')}
2025-09-07 11:33:17,314 - DEBUG - 1 change detected: {(<Change.modified: 2>, 'E:\\Next JS\\researchbot\\backend\\logs\\research_assistant_20250907_111902.log')}
2025-09-07 11:33:17,725 - DEBUG - 1 change detected: {(<Change.modified: 2>, 'E:\\Next JS\\researchbot\\backend\\logs\\research_assistant_20250907_111902.log')}
2025-09-07 11:33:18,148 - DEBUG - 1 change detected: {(<Change.modified: 2>, 'E:\\Next JS\\researchbot\\backend\\logs\\research_assistant_20250907_111902.log')}
2025-09-07 11:33:18,501 - DEBUG - 1 change detected: {(<Change.modified: 2>, 'E:\\Next JS\\researchbot\\backend\\logs\\research_assistant_20250907_111902.log')}
2025-09-07 11:33:18,931 - DEBUG - 1 change detected: {(<Change.modified: 2>, 'E:\\Next JS\\researchbot\\backend\\logs\\research_assistant_20250907_111902.log')}
2025-09-07 11:33:19,304 - DEBUG - 1 change detected: {(<Change.modified: 2>, 'E:\\Next JS\\researchbot\\backend\\logs\\research_assistant_20250907_111902.log')}
2025-09-07 11:33:19,808 - DEBUG - 1 change detected: {(<Change.modified: 2>, 'E:\\Next JS\\researchbot\\backend\\logs\\research_assistant_20250907_111902.log')}
2025-09-07 11:33:20,271 - DEBUG - 1 change detected: {(<Change.modified: 2>, 'E:\\Next JS\\researchbot\\backend\\logs\\research_assistant_20250907_111902.log')}
2025-09-07 11:33:20,694 - DEBUG - 1 change detected: {(<Change.modified: 2>, 'E:\\Next JS\\researchbot\\backend\\logs\\research_assistant_20250907_111902.log')}
2025-09-07 11:33:21,116 - DEBUG - 1 change detected: {(<Change.modified: 2>, 'E:\\Next JS\\researchbot\\backend\\logs\\research_assistant_20250907_111902.log')}
2025-09-07 11:33:21,528 - DEBUG - 1 change detected: {(<Change.modified: 2>, 'E:\\Next JS\\researchbot\\backend\\logs\\research_assistant_20250907_111902.log')}
2025-09-07 11:33:21,946 - DEBUG - 1 change detected: {(<Change.modified: 2>, 'E:\\Next JS\\researchbot\\backend\\logs\\research_assistant_20250907_111902.log')}
2025-09-07 11:33:22,359 - DEBUG - 1 change detected: {(<Change.modified: 2>, 'E:\\Next JS\\researchbot\\backend\\logs\\research_assistant_20250907_111902.log')}
2025-09-07 11:33:22,763 - DEBUG - 1 change detected: {(<Change.modified: 2>, 'E:\\Next JS\\researchbot\\backend\\logs\\research_assistant_20250907_111902.log')}
2025-09-07 11:33:23,176 - DEBUG - 1 change detected: {(<Change.modified: 2>, 'E:\\Next JS\\researchbot\\backend\\logs\\research_assistant_20250907_111902.log')}
2025-09-07 11:33:23,546 - DEBUG - 1 change detected: {(<Change.modified: 2>, 'E:\\Next JS\\researchbot\\backend\\logs\\research_assistant_20250907_111902.log')}
2025-09-07 11:33:23,967 - DEBUG - 1 change detected: {(<Change.modified: 2>, 'E:\\Next JS\\researchbot\\backend\\logs\\research_assistant_20250907_111902.log')}
2025-09-07 11:33:24,503 - DEBUG - 1 change detected: {(<Change.modified: 2>, 'E:\\Next JS\\researchbot\\backend\\logs\\research_assistant_20250907_111902.log')}
2025-09-07 11:33:24,930 - DEBUG - 1 change detected: {(<Change.modified: 2>, 'E:\\Next JS\\researchbot\\backend\\logs\\research_assistant_20250907_111902.log')}
2025-09-07 11:33:25,305 - DEBUG - 1 change detected: {(<Change.modified: 2>, 'E:\\Next JS\\researchbot\\backend\\logs\\research_assistant_20250907_111902.log')}
2025-09-07 11:33:25,725 - DEBUG - 1 change detected: {(<Change.modified: 2>, 'E:\\Next JS\\researchbot\\backend\\logs\\research_assistant_20250907_111902.log')}
2025-09-07 11:33:26,162 - DEBUG - 1 change detected: {(<Change.modified: 2>, 'E:\\Next JS\\researchbot\\backend\\logs\\research_assistant_20250907_111902.log')}
2025-09-07 11:33:26,577 - DEBUG - 1 change detected: {(<Change.modified: 2>, 'E:\\Next JS\\researchbot\\backend\\logs\\research_assistant_20250907_111902.log')}
2025-09-07 11:33:27,077 - DEBUG - 1 change detected: {(<Change.modified: 2>, 'E:\\Next JS\\researchbot\\backend\\logs\\research_assistant_20250907_111902.log')}
2025-09-07 11:33:27,745 - DEBUG - 1 change detected: {(<Change.modified: 2>, 'E:\\Next JS\\researchbot\\backend\\logs\\research_assistant_20250907_111902.log')}
2025-09-07 11:33:28,226 - DEBUG - 1 change detected: {(<Change.modified: 2>, 'E:\\Next JS\\researchbot\\backend\\logs\\research_assistant_20250907_111902.log')}
2025-09-07 11:33:28,673 - DEBUG - 1 change detected: {(<Change.modified: 2>, 'E:\\Next JS\\researchbot\\backend\\logs\\research_assistant_20250907_111902.log')}
2025-09-07 11:33:29,288 - DEBUG - 1 change detected: {(<Change.modified: 2>, 'E:\\Next JS\\researchbot\\backend\\logs\\research_assistant_20250907_111902.log')}
2025-09-07 11:33:29,804 - DEBUG - 1 change detected: {(<Change.modified: 2>, 'E:\\Next JS\\researchbot\\backend\\logs\\research_assistant_20250907_111902.log')}
2025-09-07 11:33:30,941 - DEBUG - 1 change detected: {(<Change.modified: 2>, 'E:\\Next JS\\researchbot\\backend\\logs\\research_assistant_20250907_111902.log')}
2025-09-07 11:33:31,865 - DEBUG - 1 change detected: {(<Change.modified: 2>, 'E:\\Next JS\\researchbot\\backend\\logs\\research_assistant_20250907_111902.log')}
2025-09-07 11:33:34,219 - DEBUG - 1 change detected: {(<Change.modified: 2>, 'E:\\Next JS\\researchbot\\backend\\logs\\research_assistant_20250907_111902.log')}
2025-09-07 11:33:34,592 - DEBUG - 1 change detected: {(<Change.modified: 2>, 'E:\\Next JS\\researchbot\\backend\\logs\\research_assistant_20250907_111902.log')}
2025-09-07 11:33:34,954 - DEBUG - 1 change detected: {(<Change.modified: 2>, 'E:\\Next JS\\researchbot\\backend\\logs\\research_assistant_20250907_111902.log')}
2025-09-07 11:33:35,362 - DEBUG - 1 change detected: {(<Change.modified: 2>, 'E:\\Next JS\\researchbot\\backend\\logs\\research_assistant_20250907_111902.log')}
2025-09-07 11:33:35,803 - DEBUG - 1 change detected: {(<Change.modified: 2>, 'E:\\Next JS\\researchbot\\backend\\logs\\research_assistant_20250907_111902.log')}
2025-09-07 11:33:36,211 - DEBUG - 1 change detected: {(<Change.modified: 2>, 'E:\\Next JS\\researchbot\\backend\\logs\\research_assistant_20250907_111902.log')}
2025-09-07 11:33:36,770 - DEBUG - 1 change detected: {(<Change.modified: 2>, 'E:\\Next JS\\researchbot\\backend\\logs\\research_assistant_20250907_111902.log')}
2025-09-07 11:33:37,209 - DEBUG - 1 change detected: {(<Change.modified: 2>, 'E:\\Next JS\\researchbot\\backend\\logs\\research_assistant_20250907_111902.log')}
2025-09-07 11:33:37,574 - DEBUG - 1 change detected: {(<Change.modified: 2>, 'E:\\Next JS\\researchbot\\backend\\logs\\research_assistant_20250907_111902.log')}
2025-09-07 11:33:38,032 - DEBUG - 1 change detected: {(<Change.modified: 2>, 'E:\\Next JS\\researchbot\\backend\\logs\\research_assistant_20250907_111902.log')}
2025-09-07 11:33:38,449 - DEBUG - 1 change detected: {(<Change.modified: 2>, 'E:\\Next JS\\researchbot\\backend\\logs\\research_assistant_20250907_111902.log')}
2025-09-07 11:33:38,857 - DEBUG - 1 change detected: {(<Change.modified: 2>, 'E:\\Next JS\\researchbot\\backend\\logs\\research_assistant_20250907_111902.log')}
2025-09-07 11:33:39,276 - DEBUG - 1 change detected: {(<Change.modified: 2>, 'E:\\Next JS\\researchbot\\backend\\logs\\research_assistant_20250907_111902.log')}
2025-09-07 11:33:39,777 - DEBUG - 1 change detected: {(<Change.modified: 2>, 'E:\\Next JS\\researchbot\\backend\\logs\\research_assistant_20250907_111902.log')}
2025-09-07 11:33:40,196 - DEBUG - 1 change detected: {(<Change.modified: 2>, 'E:\\Next JS\\researchbot\\backend\\logs\\research_assistant_20250907_111902.log')}
2025-09-07 11:33:40,614 - DEBUG - 1 change detected: {(<Change.modified: 2>, 'E:\\Next JS\\researchbot\\backend\\logs\\research_assistant_20250907_111902.log')}
2025-09-07 11:33:41,032 - DEBUG - 1 change detected: {(<Change.modified: 2>, 'E:\\Next JS\\researchbot\\backend\\logs\\research_assistant_20250907_111902.log')}
2025-09-07 11:33:41,399 - DEBUG - 1 change detected: {(<Change.modified: 2>, 'E:\\Next JS\\researchbot\\backend\\logs\\research_assistant_20250907_111902.log')}
2025-09-07 11:33:41,815 - DEBUG - 1 change detected: {(<Change.modified: 2>, 'E:\\Next JS\\researchbot\\backend\\logs\\research_assistant_20250907_111902.log')}
2025-09-07 11:33:42,286 - DEBUG - 1 change detected: {(<Change.modified: 2>, 'E:\\Next JS\\researchbot\\backend\\logs\\research_assistant_20250907_111902.log')}
2025-09-07 11:33:52,133 - DEBUG - 1 change detected: {(<Change.modified: 2>, 'E:\\Next JS\\researchbot\\backend\\logs\\research_assistant_20250907_111902.log')}
2025-09-07 11:33:52,546 - DEBUG - 1 change detected: {(<Change.modified: 2>, 'E:\\Next JS\\researchbot\\backend\\logs\\research_assistant_20250907_111902.log')}
2025-09-07 11:33:52,904 - DEBUG - 1 change detected: {(<Change.modified: 2>, 'E:\\Next JS\\researchbot\\backend\\logs\\research_assistant_20250907_111902.log')}
2025-09-07 11:33:53,315 - DEBUG - 1 change detected: {(<Change.modified: 2>, 'E:\\Next JS\\researchbot\\backend\\logs\\research_assistant_20250907_111902.log')}
2025-09-07 11:33:54,012 - DEBUG - 1 change detected: {(<Change.modified: 2>, 'E:\\Next JS\\researchbot\\backend\\logs\\research_assistant_20250907_111902.log')}
2025-09-07 11:33:54,449 - DEBUG - 1 change detected: {(<Change.modified: 2>, 'E:\\Next JS\\researchbot\\backend\\logs\\research_assistant_20250907_111902.log')}
2025-09-07 11:33:54,828 - DEBUG - 1 change detected: {(<Change.modified: 2>, 'E:\\Next JS\\researchbot\\backend\\logs\\research_assistant_20250907_111902.log')}
2025-09-07 11:33:55,197 - DEBUG - 1 change detected: {(<Change.modified: 2>, 'E:\\Next JS\\researchbot\\backend\\logs\\research_assistant_20250907_111902.log')}
2025-09-07 11:33:57,414 - DEBUG - 1 change detected: {(<Change.modified: 2>, 'E:\\Next JS\\researchbot\\backend\\logs\\research_assistant_20250907_111902.log')}
2025-09-07 11:33:57,828 - DEBUG - 1 change detected: {(<Change.modified: 2>, 'E:\\Next JS\\researchbot\\backend\\logs\\research_assistant_20250907_111902.log')}
2025-09-07 11:33:58,248 - DEBUG - 1 change detected: {(<Change.modified: 2>, 'E:\\Next JS\\researchbot\\backend\\logs\\research_assistant_20250907_111902.log')}
2025-09-07 11:33:58,663 - DEBUG - 1 change detected: {(<Change.modified: 2>, 'E:\\Next JS\\researchbot\\backend\\logs\\research_assistant_20250907_111902.log')}
2025-09-07 11:33:59,081 - DEBUG - 1 change detected: {(<Change.modified: 2>, 'E:\\Next JS\\researchbot\\backend\\logs\\research_assistant_20250907_111902.log')}
2025-09-07 11:33:59,495 - DEBUG - 1 change detected: {(<Change.modified: 2>, 'E:\\Next JS\\researchbot\\backend\\logs\\research_assistant_20250907_111902.log')}
2025-09-07 11:33:59,962 - DEBUG - 1 change detected: {(<Change.modified: 2>, 'E:\\Next JS\\researchbot\\backend\\logs\\research_assistant_20250907_111902.log')}
2025-09-07 11:34:00,377 - DEBUG - 1 change detected: {(<Change.modified: 2>, 'E:\\Next JS\\researchbot\\backend\\logs\\research_assistant_20250907_111902.log')}
2025-09-07 11:34:00,776 - DEBUG - 1 change detected: {(<Change.modified: 2>, 'E:\\Next JS\\researchbot\\backend\\logs\\research_assistant_20250907_111902.log')}
2025-09-07 11:34:01,189 - DEBUG - 1 change detected: {(<Change.modified: 2>, 'E:\\Next JS\\researchbot\\backend\\logs\\research_assistant_20250907_111902.log')}
2025-09-07 11:34:01,602 - DEBUG - 1 change detected: {(<Change.modified: 2>, 'E:\\Next JS\\researchbot\\backend\\logs\\research_assistant_20250907_111902.log')}
2025-09-07 11:34:02,012 - DEBUG - 1 change detected: {(<Change.modified: 2>, 'E:\\Next JS\\researchbot\\backend\\logs\\research_assistant_20250907_111902.log')}
2025-09-07 11:34:02,415 - DEBUG - 1 change detected: {(<Change.modified: 2>, 'E:\\Next JS\\researchbot\\backend\\logs\\research_assistant_20250907_111902.log')}
2025-09-07 11:34:02,779 - DEBUG - 1 change detected: {(<Change.modified: 2>, 'E:\\Next JS\\researchbot\\backend\\logs\\research_assistant_20250907_111902.log')}
2025-09-07 11:34:03,212 - DEBUG - 1 change detected: {(<Change.modified: 2>, 'E:\\Next JS\\researchbot\\backend\\logs\\research_assistant_20250907_111902.log')}
2025-09-07 11:34:03,679 - DEBUG - 1 change detected: {(<Change.modified: 2>, 'E:\\Next JS\\researchbot\\backend\\logs\\research_assistant_20250907_111902.log')}
2025-09-07 11:34:04,046 - DEBUG - 1 change detected: {(<Change.modified: 2>, 'E:\\Next JS\\researchbot\\backend\\logs\\research_assistant_20250907_111902.log')}
2025-09-07 11:34:04,463 - DEBUG - 1 change detected: {(<Change.modified: 2>, 'E:\\Next JS\\researchbot\\backend\\logs\\research_assistant_20250907_111902.log')}
2025-09-07 11:34:04,823 - DEBUG - 1 change detected: {(<Change.modified: 2>, 'E:\\Next JS\\researchbot\\backend\\logs\\research_assistant_20250907_111902.log')}
2025-09-07 11:34:05,240 - DEBUG - 1 change detected: {(<Change.modified: 2>, 'E:\\Next JS\\researchbot\\backend\\logs\\research_assistant_20250907_111902.log')}
2025-09-07 11:34:05,700 - DEBUG - 1 change detected: {(<Change.modified: 2>, 'E:\\Next JS\\researchbot\\backend\\logs\\research_assistant_20250907_111902.log')}
2025-09-07 11:34:06,065 - DEBUG - 1 change detected: {(<Change.modified: 2>, 'E:\\Next JS\\researchbot\\backend\\logs\\research_assistant_20250907_111902.log')}
2025-09-07 11:34:06,883 - DEBUG - 1 change detected: {(<Change.modified: 2>, 'E:\\Next JS\\researchbot\\backend\\logs\\research_assistant_20250907_111902.log')}
2025-09-07 11:34:07,410 - DEBUG - 1 change detected: {(<Change.modified: 2>, 'E:\\Next JS\\researchbot\\backend\\logs\\research_assistant_20250907_111902.log')}
2025-09-07 11:34:08,140 - DEBUG - 1 change detected: {(<Change.modified: 2>, 'E:\\Next JS\\researchbot\\backend\\logs\\research_assistant_20250907_111902.log')}
2025-09-07 11:34:08,962 - DEBUG - 1 change detected: {(<Change.modified: 2>, 'E:\\Next JS\\researchbot\\backend\\logs\\research_assistant_20250907_111902.log')}
2025-09-07 11:34:09,603 - DEBUG - 1 change detected: {(<Change.modified: 2>, 'E:\\Next JS\\researchbot\\backend\\logs\\research_assistant_20250907_111902.log')}
2025-09-07 11:34:10,556 - DEBUG - 1 change detected: {(<Change.modified: 2>, 'E:\\Next JS\\researchbot\\backend\\logs\\research_assistant_20250907_111902.log')}
2025-09-07 11:34:13,491 - DEBUG - 1 change detected: {(<Change.modified: 2>, 'E:\\Next JS\\researchbot\\backend\\logs\\research_assistant_20250907_111902.log')}
2025-09-07 11:34:17,382 - DEBUG - 1 change detected: {(<Change.modified: 2>, 'E:\\Next JS\\researchbot\\backend\\logs\\research_assistant_20250907_111902.log')}
2025-09-07 11:34:18,500 - DEBUG - 1 change detected: {(<Change.modified: 2>, 'E:\\Next JS\\researchbot\\backend\\logs\\research_assistant_20250907_111902.log')}
2025-09-07 11:34:23,027 - DEBUG - 1 change detected: {(<Change.modified: 2>, 'E:\\Next JS\\researchbot\\backend\\logs\\research_assistant_20250907_111902.log')}
2025-09-07 11:34:26,482 - DEBUG - 1 change detected: {(<Change.modified: 2>, 'E:\\Next JS\\researchbot\\backend\\logs\\research_assistant_20250907_111902.log')}
2025-09-07 11:34:26,850 - DEBUG - 1 change detected: {(<Change.modified: 2>, 'E:\\Next JS\\researchbot\\backend\\logs\\research_assistant_20250907_111902.log')}
2025-09-07 11:34:27,210 - DEBUG - 1 change detected: {(<Change.modified: 2>, 'E:\\Next JS\\researchbot\\backend\\logs\\research_assistant_20250907_111902.log')}
2025-09-07 11:34:27,653 - DEBUG - 1 change detected: {(<Change.modified: 2>, 'E:\\Next JS\\researchbot\\backend\\logs\\research_assistant_20250907_111902.log')}
2025-09-07 11:34:28,019 - DEBUG - 1 change detected: {(<Change.modified: 2>, 'E:\\Next JS\\researchbot\\backend\\logs\\research_assistant_20250907_111902.log')}
2025-09-07 11:34:28,439 - DEBUG - 1 change detected: {(<Change.modified: 2>, 'E:\\Next JS\\researchbot\\backend\\logs\\research_assistant_20250907_111902.log')}
2025-09-07 11:34:28,850 - DEBUG - 1 change detected: {(<Change.modified: 2>, 'E:\\Next JS\\researchbot\\backend\\logs\\research_assistant_20250907_111902.log')}
2025-09-07 11:34:29,217 - DEBUG - 1 change detected: {(<Change.modified: 2>, 'E:\\Next JS\\researchbot\\backend\\logs\\research_assistant_20250907_111902.log')}
2025-09-07 11:34:29,637 - DEBUG - 1 change detected: {(<Change.modified: 2>, 'E:\\Next JS\\researchbot\\backend\\logs\\research_assistant_20250907_111902.log')}
2025-09-07 11:34:30,051 - DEBUG - 1 change detected: {(<Change.modified: 2>, 'E:\\Next JS\\researchbot\\backend\\logs\\research_assistant_20250907_111902.log')}
2025-09-07 11:34:30,470 - DEBUG - 1 change detected: {(<Change.modified: 2>, 'E:\\Next JS\\researchbot\\backend\\logs\\research_assistant_20250907_111902.log')}
2025-09-07 11:34:30,832 - DEBUG - 1 change detected: {(<Change.modified: 2>, 'E:\\Next JS\\researchbot\\backend\\logs\\research_assistant_20250907_111902.log')}
2025-09-07 11:34:31,270 - DEBUG - 1 change detected: {(<Change.modified: 2>, 'E:\\Next JS\\researchbot\\backend\\logs\\research_assistant_20250907_111902.log')}
2025-09-07 11:34:31,693 - DEBUG - 1 change detected: {(<Change.modified: 2>, 'E:\\Next JS\\researchbot\\backend\\logs\\research_assistant_20250907_111902.log')}
2025-09-07 11:34:32,228 - DEBUG - 1 change detected: {(<Change.modified: 2>, 'E:\\Next JS\\researchbot\\backend\\logs\\research_assistant_20250907_111902.log')}
2025-09-07 11:34:34,227 - DEBUG - 1 change detected: {(<Change.modified: 2>, 'E:\\Next JS\\researchbot\\backend\\logs\\research_assistant_20250907_111902.log')}
2025-09-07 11:34:34,775 - DEBUG - 1 change detected: {(<Change.modified: 2>, 'E:\\Next JS\\researchbot\\backend\\bot.py')}
2025-09-07 11:34:42,414 - DEBUG - 2 changes detected: {(<Change.modified: 2>, 'E:\\Next JS\\researchbot\\backend\\logs\\research_assistant_20250907_111902.log'), (<Change.modified: 2>, 'E:\\Next JS\\researchbot\\backend\\logs\\research_assistant_20250907_111930.log')}
2025-09-07 11:34:50,194 - DEBUG - 5 changes detected: {(<Change.modified: 2>, 'E:\\Next JS\\researchbot\\backend\\__pycache__'), (<Change.deleted: 3>, 'E:\\Next JS\\researchbot\\backend\\__pycache__\\bot.cpython-313.pyc'), (<Change.deleted: 3>, 'E:\\Next JS\\researchbot\\backend\\__pycache__\\bot.cpython-313.pyc.2444008850912'), (<Change.added: 1>, 'E:\\Next JS\\researchbot\\backend\\__pycache__\\bot.cpython-313.pyc'), (<Change.added: 1>, 'E:\\Next JS\\researchbot\\backend\\__pycache__\\bot.cpython-313.pyc.2444008850912')}
2025-09-07 11:34:55,698 - DEBUG - 1 change detected: {(<Change.added: 1>, 'E:\\Next JS\\researchbot\\backend\\logs\\research_assistant_20250907_113455.log')}
2025-09-07 11:34:56,073 - DEBUG - 2 changes detected: {(<Change.modified: 2>, 'E:\\Next JS\\researchbot\\backend\\logs\\research_assistant_20250907_113455.log'), (<Change.modified: 2>, 'E:\\Next JS\\researchbot\\backend\\logs')}
2025-09-07 11:35:29,010 - DEBUG - 1 change detected: {(<Change.modified: 2>, 'E:\\Next JS\\researchbot\\backend\\logs\\research_assistant_20250907_111902.log')}
2025-09-07 11:35:29,419 - DEBUG - 1 change detected: {(<Change.modified: 2>, 'E:\\Next JS\\researchbot\\backend\\logs\\research_assistant_20250907_111902.log')}
2025-09-07 11:35:29,781 - DEBUG - 1 change detected: {(<Change.modified: 2>, 'E:\\Next JS\\researchbot\\backend\\logs\\research_assistant_20250907_111902.log')}
2025-09-07 11:35:30,141 - DEBUG - 1 change detected: {(<Change.modified: 2>, 'E:\\Next JS\\researchbot\\backend\\logs\\research_assistant_20250907_111902.log')}
2025-09-07 11:35:30,572 - DEBUG - 1 change detected: {(<Change.modified: 2>, 'E:\\Next JS\\researchbot\\backend\\logs\\research_assistant_20250907_111902.log')}
2025-09-07 11:35:30,961 - DEBUG - 1 change detected: {(<Change.modified: 2>, 'E:\\Next JS\\researchbot\\backend\\logs\\research_assistant_20250907_111902.log')}
2025-09-07 11:35:31,404 - DEBUG - 1 change detected: {(<Change.modified: 2>, 'E:\\Next JS\\researchbot\\backend\\logs\\research_assistant_20250907_111902.log')}
2025-09-07 11:35:31,827 - DEBUG - 1 change detected: {(<Change.modified: 2>, 'E:\\Next JS\\researchbot\\backend\\logs\\research_assistant_20250907_111902.log')}
2025-09-07 11:35:32,245 - DEBUG - 1 change detected: {(<Change.modified: 2>, 'E:\\Next JS\\researchbot\\backend\\logs\\research_assistant_20250907_111902.log')}
2025-09-07 11:35:32,746 - DEBUG - 1 change detected: {(<Change.modified: 2>, 'E:\\Next JS\\researchbot\\backend\\logs\\research_assistant_20250907_111902.log')}
2025-09-07 11:35:33,105 - DEBUG - 1 change detected: {(<Change.modified: 2>, 'E:\\Next JS\\researchbot\\backend\\logs\\research_assistant_20250907_111902.log')}
2025-09-07 11:35:33,531 - DEBUG - 1 change detected: {(<Change.modified: 2>, 'E:\\Next JS\\researchbot\\backend\\logs\\research_assistant_20250907_111902.log')}
2025-09-07 11:35:33,929 - DEBUG - 1 change detected: {(<Change.modified: 2>, 'E:\\Next JS\\researchbot\\backend\\logs\\research_assistant_20250907_111902.log')}
2025-09-07 11:35:34,283 - DEBUG - 1 change detected: {(<Change.modified: 2>, 'E:\\Next JS\\researchbot\\backend\\logs\\research_assistant_20250907_111902.log')}
2025-09-07 11:35:34,645 - DEBUG - 1 change detected: {(<Change.modified: 2>, 'E:\\Next JS\\researchbot\\backend\\logs\\research_assistant_20250907_111902.log')}
2025-09-07 11:35:35,031 - DEBUG - 1 change detected: {(<Change.modified: 2>, 'E:\\Next JS\\researchbot\\backend\\logs\\research_assistant_20250907_111902.log')}
2025-09-07 11:35:35,451 - DEBUG - 1 change detected: {(<Change.modified: 2>, 'E:\\Next JS\\researchbot\\backend\\logs\\research_assistant_20250907_111902.log')}
2025-09-07 11:35:35,872 - DEBUG - 1 change detected: {(<Change.modified: 2>, 'E:\\Next JS\\researchbot\\backend\\logs\\research_assistant_20250907_111902.log')}
2025-09-07 11:35:36,279 - DEBUG - 1 change detected: {(<Change.modified: 2>, 'E:\\Next JS\\researchbot\\backend\\logs\\research_assistant_20250907_111902.log')}
2025-09-07 11:35:36,705 - DEBUG - 1 change detected: {(<Change.modified: 2>, 'E:\\Next JS\\researchbot\\backend\\logs\\research_assistant_20250907_111902.log')}
2025-09-07 11:35:37,064 - DEBUG - 1 change detected: {(<Change.modified: 2>, 'E:\\Next JS\\researchbot\\backend\\logs\\research_assistant_20250907_111902.log')}
2025-09-07 11:35:37,489 - DEBUG - 1 change detected: {(<Change.modified: 2>, 'E:\\Next JS\\researchbot\\backend\\logs\\research_assistant_20250907_111902.log')}
2025-09-07 11:35:37,856 - DEBUG - 1 change detected: {(<Change.modified: 2>, 'E:\\Next JS\\researchbot\\backend\\logs\\research_assistant_20250907_111902.log')}
2025-09-07 11:35:38,261 - DEBUG - 1 change detected: {(<Change.modified: 2>, 'E:\\Next JS\\researchbot\\backend\\logs\\research_assistant_20250907_111902.log')}
2025-09-07 11:35:38,703 - DEBUG - 1 change detected: {(<Change.modified: 2>, 'E:\\Next JS\\researchbot\\backend\\logs\\research_assistant_20250907_111902.log')}
2025-09-07 11:35:39,105 - DEBUG - 1 change detected: {(<Change.modified: 2>, 'E:\\Next JS\\researchbot\\backend\\logs\\research_assistant_20250907_111902.log')}
2025-09-07 11:35:39,510 - DEBUG - 1 change detected: {(<Change.modified: 2>, 'E:\\Next JS\\researchbot\\backend\\logs\\research_assistant_20250907_111902.log')}
2025-09-07 11:35:39,923 - DEBUG - 1 change detected: {(<Change.modified: 2>, 'E:\\Next JS\\researchbot\\backend\\logs\\research_assistant_20250907_111902.log')}
2025-09-07 11:35:40,402 - DEBUG - 1 change detected: {(<Change.modified: 2>, 'E:\\Next JS\\researchbot\\backend\\logs\\research_assistant_20250907_111902.log')}
2025-09-07 11:35:40,851 - DEBUG - 1 change detected: {(<Change.modified: 2>, 'E:\\Next JS\\researchbot\\backend\\logs\\research_assistant_20250907_111902.log')}
2025-09-07 11:35:41,313 - DEBUG - 1 change detected: {(<Change.modified: 2>, 'E:\\Next JS\\researchbot\\backend\\logs\\research_assistant_20250907_111902.log')}
2025-09-07 11:35:41,789 - DEBUG - 1 change detected: {(<Change.modified: 2>, 'E:\\Next JS\\researchbot\\backend\\logs\\research_assistant_20250907_111902.log')}
2025-09-07 11:35:42,204 - DEBUG - 1 change detected: {(<Change.modified: 2>, 'E:\\Next JS\\researchbot\\backend\\logs\\research_assistant_20250907_111902.log')}
2025-09-07 11:35:42,568 - DEBUG - 1 change detected: {(<Change.modified: 2>, 'E:\\Next JS\\researchbot\\backend\\logs\\research_assistant_20250907_111902.log')}
2025-09-07 11:35:42,941 - DEBUG - 1 change detected: {(<Change.modified: 2>, 'E:\\Next JS\\researchbot\\backend\\logs\\research_assistant_20250907_111902.log')}
2025-09-07 11:35:43,335 - DEBUG - 1 change detected: {(<Change.modified: 2>, 'E:\\Next JS\\researchbot\\backend\\logs\\research_assistant_20250907_111902.log')}
2025-09-07 11:35:44,056 - DEBUG - 1 change detected: {(<Change.modified: 2>, 'E:\\Next JS\\researchbot\\backend\\logs\\research_assistant_20250907_111902.log')}
2025-09-07 11:35:44,470 - DEBUG - 1 change detected: {(<Change.modified: 2>, 'E:\\Next JS\\researchbot\\backend\\logs\\research_assistant_20250907_111902.log')}
2025-09-07 11:35:44,880 - DEBUG - 1 change detected: {(<Change.modified: 2>, 'E:\\Next JS\\researchbot\\backend\\logs\\research_assistant_20250907_111902.log')}
2025-09-07 11:35:45,437 - DEBUG - 1 change detected: {(<Change.modified: 2>, 'E:\\Next JS\\researchbot\\backend\\logs\\research_assistant_20250907_111902.log')}
2025-09-07 11:35:46,505 - DEBUG - 1 change detected: {(<Change.modified: 2>, 'E:\\Next JS\\researchbot\\backend\\logs\\research_assistant_20250907_111902.log')}
2025-09-07 11:35:49,649 - DEBUG - 1 change detected: {(<Change.modified: 2>, 'E:\\Next JS\\researchbot\\backend\\logs\\research_assistant_20250907_111902.log')}
2025-09-07 11:35:52,827 - DEBUG - 1 change detected: {(<Change.modified: 2>, 'E:\\Next JS\\researchbot\\backend\\logs\\research_assistant_20250907_111902.log')}
2025-09-07 11:35:53,288 - DEBUG - 1 change detected: {(<Change.modified: 2>, 'E:\\Next JS\\researchbot\\backend\\logs\\research_assistant_20250907_111902.log')}
2025-09-07 11:35:53,705 - DEBUG - 1 change detected: {(<Change.modified: 2>, 'E:\\Next JS\\researchbot\\backend\\logs\\research_assistant_20250907_111902.log')}
2025-09-07 11:35:54,201 - DEBUG - 1 change detected: {(<Change.modified: 2>, 'E:\\Next JS\\researchbot\\backend\\logs\\research_assistant_20250907_111902.log')}
2025-09-07 11:35:54,619 - DEBUG - 1 change detected: {(<Change.modified: 2>, 'E:\\Next JS\\researchbot\\backend\\logs\\research_assistant_20250907_111902.log')}
2025-09-07 11:35:55,035 - DEBUG - 1 change detected: {(<Change.modified: 2>, 'E:\\Next JS\\researchbot\\backend\\logs\\research_assistant_20250907_111902.log')}
2025-09-07 11:35:55,452 - DEBUG - 1 change detected: {(<Change.modified: 2>, 'E:\\Next JS\\researchbot\\backend\\logs\\research_assistant_20250907_111902.log')}
2025-09-07 11:35:56,072 - DEBUG - 1 change detected: {(<Change.modified: 2>, 'E:\\Next JS\\researchbot\\backend\\logs\\research_assistant_20250907_111902.log')}
2025-09-07 11:35:56,533 - DEBUG - 1 change detected: {(<Change.modified: 2>, 'E:\\Next JS\\researchbot\\backend\\logs\\research_assistant_20250907_111902.log')}
2025-09-07 11:35:57,246 - DEBUG - 1 change detected: {(<Change.modified: 2>, 'E:\\Next JS\\researchbot\\backend\\logs\\research_assistant_20250907_111902.log')}
2025-09-07 11:35:57,602 - DEBUG - 1 change detected: {(<Change.modified: 2>, 'E:\\Next JS\\researchbot\\backend\\logs\\research_assistant_20250907_111902.log')}
2025-09-07 11:35:58,031 - DEBUG - 1 change detected: {(<Change.modified: 2>, 'E:\\Next JS\\researchbot\\backend\\logs\\research_assistant_20250907_111902.log')}
2025-09-07 11:35:58,398 - DEBUG - 1 change detected: {(<Change.modified: 2>, 'E:\\Next JS\\researchbot\\backend\\logs\\research_assistant_20250907_111902.log')}
2025-09-07 11:35:58,819 - DEBUG - 1 change detected: {(<Change.modified: 2>, 'E:\\Next JS\\researchbot\\backend\\logs\\research_assistant_20250907_111902.log')}
2025-09-07 11:35:59,231 - DEBUG - 1 change detected: {(<Change.modified: 2>, 'E:\\Next JS\\researchbot\\backend\\logs\\research_assistant_20250907_111902.log')}
2025-09-07 11:35:59,649 - DEBUG - 1 change detected: {(<Change.modified: 2>, 'E:\\Next JS\\researchbot\\backend\\logs\\research_assistant_20250907_111902.log')}
2025-09-07 11:36:00,033 - DEBUG - 1 change detected: {(<Change.modified: 2>, 'E:\\Next JS\\researchbot\\backend\\logs\\research_assistant_20250907_111902.log')}
2025-09-07 11:36:00,452 - DEBUG - 1 change detected: {(<Change.modified: 2>, 'E:\\Next JS\\researchbot\\backend\\logs\\research_assistant_20250907_111902.log')}
2025-09-07 11:36:00,872 - DEBUG - 1 change detected: {(<Change.modified: 2>, 'E:\\Next JS\\researchbot\\backend\\logs\\research_assistant_20250907_111902.log')}
2025-09-07 11:36:01,285 - DEBUG - 1 change detected: {(<Change.modified: 2>, 'E:\\Next JS\\researchbot\\backend\\logs\\research_assistant_20250907_111902.log')}
2025-09-07 11:36:01,654 - DEBUG - 1 change detected: {(<Change.modified: 2>, 'E:\\Next JS\\researchbot\\backend\\logs\\research_assistant_20250907_111902.log')}
2025-09-07 11:36:02,074 - DEBUG - 1 change detected: {(<Change.modified: 2>, 'E:\\Next JS\\researchbot\\backend\\logs\\research_assistant_20250907_111902.log')}
2025-09-07 11:36:02,489 - DEBUG - 1 change detected: {(<Change.modified: 2>, 'E:\\Next JS\\researchbot\\backend\\logs\\research_assistant_20250907_111902.log')}
2025-09-07 11:36:02,852 - DEBUG - 1 change detected: {(<Change.modified: 2>, 'E:\\Next JS\\researchbot\\backend\\logs\\research_assistant_20250907_111902.log')}
2025-09-07 11:36:03,261 - DEBUG - 1 change detected: {(<Change.modified: 2>, 'E:\\Next JS\\researchbot\\backend\\logs\\research_assistant_20250907_111902.log')}
2025-09-07 11:36:03,758 - DEBUG - 1 change detected: {(<Change.modified: 2>, 'E:\\Next JS\\researchbot\\backend\\logs\\research_assistant_20250907_111902.log')}
2025-09-07 11:36:04,301 - DEBUG - 1 change detected: {(<Change.modified: 2>, 'E:\\Next JS\\researchbot\\backend\\logs\\research_assistant_20250907_111902.log')}
2025-09-07 11:36:04,759 - DEBUG - 1 change detected: {(<Change.modified: 2>, 'E:\\Next JS\\researchbot\\backend\\logs\\research_assistant_20250907_111902.log')}
2025-09-07 11:36:05,312 - DEBUG - 1 change detected: {(<Change.modified: 2>, 'E:\\Next JS\\researchbot\\backend\\logs\\research_assistant_20250907_111902.log')}
2025-09-07 11:36:06,161 - DEBUG - 1 change detected: {(<Change.modified: 2>, 'E:\\Next JS\\researchbot\\backend\\logs\\research_assistant_20250907_111902.log')}
2025-09-07 11:36:06,986 - DEBUG - 1 change detected: {(<Change.modified: 2>, 'E:\\Next JS\\researchbot\\backend\\logs\\research_assistant_20250907_111902.log')}
2025-09-07 11:36:08,081 - DEBUG - 1 change detected: {(<Change.modified: 2>, 'E:\\Next JS\\researchbot\\backend\\logs\\research_assistant_20250907_111902.log')}
2025-09-07 11:36:08,855 - DEBUG - 1 change detected: {(<Change.modified: 2>, 'E:\\Next JS\\researchbot\\backend\\logs\\research_assistant_20250907_111902.log')}
2025-09-07 11:36:10,032 - DEBUG - 1 change detected: {(<Change.modified: 2>, 'E:\\Next JS\\researchbot\\backend\\logs\\research_assistant_20250907_111902.log')}
2025-09-07 11:40:34,840 - DEBUG - 1 change detected: {(<Change.modified: 2>, 'E:\\Next JS\\researchbot\\backend\\logs\\research_assistant_20250907_111902.log')}
2025-09-07 11:40:35,611 - DEBUG - 1 change detected: {(<Change.modified: 2>, 'E:\\Next JS\\researchbot\\backend\\logs\\research_assistant_20250907_111902.log')}
2025-09-07 11:40:39,223 - DEBUG - 1 change detected: {(<Change.modified: 2>, 'E:\\Next JS\\researchbot\\backend\\logs\\research_assistant_20250907_111902.log')}
2025-09-07 11:40:40,471 - DEBUG - 1 change detected: {(<Change.modified: 2>, 'E:\\Next JS\\researchbot\\backend\\logs\\research_assistant_20250907_111902.log')}
2025-09-07 11:45:38,588 - DEBUG - 1 change detected: {(<Change.modified: 2>, 'E:\\Next JS\\researchbot\\backend\\logs\\research_assistant_20250907_111902.log')}
2025-09-07 11:45:38,991 - DEBUG - 1 change detected: {(<Change.modified: 2>, 'E:\\Next JS\\researchbot\\backend\\logs\\research_assistant_20250907_111902.log')}
2025-09-07 11:45:39,534 - DEBUG - 1 change detected: {(<Change.modified: 2>, 'E:\\Next JS\\researchbot\\backend\\logs\\research_assistant_20250907_111902.log')}
2025-09-07 11:45:39,945 - DEBUG - 1 change detected: {(<Change.modified: 2>, 'E:\\Next JS\\researchbot\\backend\\logs\\research_assistant_20250907_111902.log')}
2025-09-07 11:45:40,304 - DEBUG - 1 change detected: {(<Change.modified: 2>, 'E:\\Next JS\\researchbot\\backend\\logs\\research_assistant_20250907_111902.log')}
2025-09-07 11:45:40,724 - DEBUG - 1 change detected: {(<Change.modified: 2>, 'E:\\Next JS\\researchbot\\backend\\logs\\research_assistant_20250907_111902.log')}
2025-09-07 11:45:41,133 - DEBUG - 1 change detected: {(<Change.modified: 2>, 'E:\\Next JS\\researchbot\\backend\\logs\\research_assistant_20250907_111902.log')}
2025-09-07 11:45:41,501 - DEBUG - 1 change detected: {(<Change.modified: 2>, 'E:\\Next JS\\researchbot\\backend\\logs\\research_assistant_20250907_111902.log')}
2025-09-07 11:45:41,865 - DEBUG - 1 change detected: {(<Change.modified: 2>, 'E:\\Next JS\\researchbot\\backend\\logs\\research_assistant_20250907_111902.log')}
2025-09-07 11:45:42,232 - DEBUG - 1 change detected: {(<Change.modified: 2>, 'E:\\Next JS\\researchbot\\backend\\logs\\research_assistant_20250907_111902.log')}
2025-09-07 11:45:42,586 - DEBUG - 1 change detected: {(<Change.modified: 2>, 'E:\\Next JS\\researchbot\\backend\\logs\\research_assistant_20250907_111902.log')}
2025-09-07 11:45:42,989 - DEBUG - 1 change detected: {(<Change.modified: 2>, 'E:\\Next JS\\researchbot\\backend\\logs\\research_assistant_20250907_111902.log')}
2025-09-07 11:45:43,414 - DEBUG - 1 change detected: {(<Change.modified: 2>, 'E:\\Next JS\\researchbot\\backend\\logs\\research_assistant_20250907_111902.log')}
2025-09-07 11:45:43,786 - DEBUG - 1 change detected: {(<Change.modified: 2>, 'E:\\Next JS\\researchbot\\backend\\logs\\research_assistant_20250907_111902.log')}
2025-09-07 11:45:44,213 - DEBUG - 1 change detected: {(<Change.modified: 2>, 'E:\\Next JS\\researchbot\\backend\\logs\\research_assistant_20250907_111902.log')}
2025-09-07 11:45:44,629 - DEBUG - 1 change detected: {(<Change.modified: 2>, 'E:\\Next JS\\researchbot\\backend\\logs\\research_assistant_20250907_111902.log')}
2025-09-07 11:45:45,032 - DEBUG - 1 change detected: {(<Change.modified: 2>, 'E:\\Next JS\\researchbot\\backend\\logs\\research_assistant_20250907_111902.log')}
2025-09-07 11:45:45,444 - DEBUG - 1 change detected: {(<Change.modified: 2>, 'E:\\Next JS\\researchbot\\backend\\logs\\research_assistant_20250907_111902.log')}
2025-09-07 11:45:45,859 - DEBUG - 1 change detected: {(<Change.modified: 2>, 'E:\\Next JS\\researchbot\\backend\\logs\\research_assistant_20250907_111902.log')}
2025-09-07 11:45:46,234 - DEBUG - 1 change detected: {(<Change.modified: 2>, 'E:\\Next JS\\researchbot\\backend\\logs\\research_assistant_20250907_111902.log')}
2025-09-07 11:45:46,643 - DEBUG - 1 change detected: {(<Change.modified: 2>, 'E:\\Next JS\\researchbot\\backend\\logs\\research_assistant_20250907_111902.log')}
2025-09-07 11:45:47,066 - DEBUG - 1 change detected: {(<Change.modified: 2>, 'E:\\Next JS\\researchbot\\backend\\logs\\research_assistant_20250907_111902.log')}
2025-09-07 11:45:47,436 - DEBUG - 1 change detected: {(<Change.modified: 2>, 'E:\\Next JS\\researchbot\\backend\\logs\\research_assistant_20250907_111902.log')}
2025-09-07 11:45:47,857 - DEBUG - 1 change detected: {(<Change.modified: 2>, 'E:\\Next JS\\researchbot\\backend\\logs\\research_assistant_20250907_111902.log')}
2025-09-07 11:45:48,230 - DEBUG - 1 change detected: {(<Change.modified: 2>, 'E:\\Next JS\\researchbot\\backend\\logs\\research_assistant_20250907_111902.log')}
2025-09-07 11:45:48,694 - DEBUG - 1 change detected: {(<Change.modified: 2>, 'E:\\Next JS\\researchbot\\backend\\logs\\research_assistant_20250907_111902.log')}
2025-09-07 11:45:49,603 - DEBUG - 1 change detected: {(<Change.modified: 2>, 'E:\\Next JS\\researchbot\\backend\\logs\\research_assistant_20250907_111902.log')}
2025-09-07 11:45:49,955 - DEBUG - 1 change detected: {(<Change.modified: 2>, 'E:\\Next JS\\researchbot\\backend\\logs\\research_assistant_20250907_111902.log')}
2025-09-07 11:45:50,373 - DEBUG - 1 change detected: {(<Change.modified: 2>, 'E:\\Next JS\\researchbot\\backend\\logs\\research_assistant_20250907_111902.log')}
2025-09-07 11:45:50,802 - DEBUG - 1 change detected: {(<Change.modified: 2>, 'E:\\Next JS\\researchbot\\backend\\logs\\research_assistant_20250907_111902.log')}
2025-09-07 11:45:51,209 - DEBUG - 1 change detected: {(<Change.modified: 2>, 'E:\\Next JS\\researchbot\\backend\\logs\\research_assistant_20250907_111902.log')}
2025-09-07 11:45:51,581 - DEBUG - 1 change detected: {(<Change.modified: 2>, 'E:\\Next JS\\researchbot\\backend\\logs\\research_assistant_20250907_111902.log')}
2025-09-07 11:45:52,002 - DEBUG - 1 change detected: {(<Change.modified: 2>, 'E:\\Next JS\\researchbot\\backend\\logs\\research_assistant_20250907_111902.log')}
2025-09-07 11:45:52,425 - DEBUG - 1 change detected: {(<Change.modified: 2>, 'E:\\Next JS\\researchbot\\backend\\logs\\research_assistant_20250907_111902.log')}
2025-09-07 11:45:52,787 - DEBUG - 1 change detected: {(<Change.modified: 2>, 'E:\\Next JS\\researchbot\\backend\\logs\\research_assistant_20250907_111902.log')}
2025-09-07 11:45:53,209 - DEBUG - 1 change detected: {(<Change.modified: 2>, 'E:\\Next JS\\researchbot\\backend\\logs\\research_assistant_20250907_111902.log')}
2025-09-07 11:45:53,733 - DEBUG - 1 change detected: {(<Change.modified: 2>, 'E:\\Next JS\\researchbot\\backend\\logs\\research_assistant_20250907_111902.log')}
2025-09-07 11:45:54,351 - DEBUG - 1 change detected: {(<Change.modified: 2>, 'E:\\Next JS\\researchbot\\backend\\logs\\research_assistant_20250907_111902.log')}
2025-09-07 11:45:54,710 - DEBUG - 1 change detected: {(<Change.modified: 2>, 'E:\\Next JS\\researchbot\\backend\\logs\\research_assistant_20250907_111902.log')}
2025-09-07 11:45:55,142 - DEBUG - 1 change detected: {(<Change.modified: 2>, 'E:\\Next JS\\researchbot\\backend\\logs\\research_assistant_20250907_111902.log')}
2025-09-07 11:45:55,608 - DEBUG - 1 change detected: {(<Change.modified: 2>, 'E:\\Next JS\\researchbot\\backend\\logs\\research_assistant_20250907_111902.log')}
2025-09-07 11:45:55,977 - DEBUG - 1 change detected: {(<Change.modified: 2>, 'E:\\Next JS\\researchbot\\backend\\logs\\research_assistant_20250907_111902.log')}
2025-09-07 11:45:56,399 - DEBUG - 1 change detected: {(<Change.modified: 2>, 'E:\\Next JS\\researchbot\\backend\\logs\\research_assistant_20250907_111902.log')}
2025-09-07 11:45:56,825 - DEBUG - 1 change detected: {(<Change.modified: 2>, 'E:\\Next JS\\researchbot\\backend\\logs\\research_assistant_20250907_111902.log')}
2025-09-07 11:45:57,318 - DEBUG - 1 change detected: {(<Change.modified: 2>, 'E:\\Next JS\\researchbot\\backend\\logs\\research_assistant_20250907_111902.log')}
2025-09-07 11:45:57,731 - DEBUG - 1 change detected: {(<Change.modified: 2>, 'E:\\Next JS\\researchbot\\backend\\logs\\research_assistant_20250907_111902.log')}
2025-09-07 11:45:58,144 - DEBUG - 1 change detected: {(<Change.modified: 2>, 'E:\\Next JS\\researchbot\\backend\\logs\\research_assistant_20250907_111902.log')}
2025-09-07 11:45:58,512 - DEBUG - 1 change detected: {(<Change.modified: 2>, 'E:\\Next JS\\researchbot\\backend\\logs\\research_assistant_20250907_111902.log')}
2025-09-07 11:45:58,937 - DEBUG - 1 change detected: {(<Change.modified: 2>, 'E:\\Next JS\\researchbot\\backend\\logs\\research_assistant_20250907_111902.log')}
2025-09-07 11:45:59,518 - DEBUG - 1 change detected: {(<Change.modified: 2>, 'E:\\Next JS\\researchbot\\backend\\logs\\research_assistant_20250907_111902.log')}
2025-09-07 11:45:59,940 - DEBUG - 1 change detected: {(<Change.modified: 2>, 'E:\\Next JS\\researchbot\\backend\\logs\\research_assistant_20250907_111902.log')}
2025-09-07 11:46:00,379 - DEBUG - 1 change detected: {(<Change.modified: 2>, 'E:\\Next JS\\researchbot\\backend\\logs\\research_assistant_20250907_111902.log')}
2025-09-07 11:46:00,809 - DEBUG - 1 change detected: {(<Change.modified: 2>, 'E:\\Next JS\\researchbot\\backend\\logs\\research_assistant_20250907_111902.log')}
2025-09-07 11:46:01,227 - DEBUG - 1 change detected: {(<Change.modified: 2>, 'E:\\Next JS\\researchbot\\backend\\logs\\research_assistant_20250907_111902.log')}
2025-09-07 11:46:01,656 - DEBUG - 1 change detected: {(<Change.modified: 2>, 'E:\\Next JS\\researchbot\\backend\\logs\\research_assistant_20250907_111902.log')}
2025-09-07 11:46:02,080 - DEBUG - 1 change detected: {(<Change.modified: 2>, 'E:\\Next JS\\researchbot\\backend\\logs\\research_assistant_20250907_111902.log')}
2025-09-07 11:46:02,463 - DEBUG - 1 change detected: {(<Change.modified: 2>, 'E:\\Next JS\\researchbot\\backend\\logs\\research_assistant_20250907_111902.log')}
2025-09-07 11:46:02,876 - DEBUG - 1 change detected: {(<Change.modified: 2>, 'E:\\Next JS\\researchbot\\backend\\logs\\research_assistant_20250907_111902.log')}
2025-09-07 11:46:03,300 - DEBUG - 1 change detected: {(<Change.modified: 2>, 'E:\\Next JS\\researchbot\\backend\\logs\\research_assistant_20250907_111902.log')}
2025-09-07 11:46:03,659 - DEBUG - 1 change detected: {(<Change.modified: 2>, 'E:\\Next JS\\researchbot\\backend\\logs\\research_assistant_20250907_111902.log')}
2025-09-07 11:46:04,082 - DEBUG - 1 change detected: {(<Change.modified: 2>, 'E:\\Next JS\\researchbot\\backend\\logs\\research_assistant_20250907_111902.log')}
2025-09-07 11:46:04,520 - DEBUG - 1 change detected: {(<Change.modified: 2>, 'E:\\Next JS\\researchbot\\backend\\logs\\research_assistant_20250907_111902.log')}
2025-09-07 11:46:04,895 - DEBUG - 1 change detected: {(<Change.modified: 2>, 'E:\\Next JS\\researchbot\\backend\\logs\\research_assistant_20250907_111902.log')}
2025-09-07 11:46:05,330 - DEBUG - 1 change detected: {(<Change.modified: 2>, 'E:\\Next JS\\researchbot\\backend\\logs\\research_assistant_20250907_111902.log')}
2025-09-07 11:46:05,746 - DEBUG - 1 change detected: {(<Change.modified: 2>, 'E:\\Next JS\\researchbot\\backend\\logs\\research_assistant_20250907_111902.log')}
2025-09-07 11:46:06,101 - DEBUG - 1 change detected: {(<Change.modified: 2>, 'E:\\Next JS\\researchbot\\backend\\logs\\research_assistant_20250907_111902.log')}
2025-09-07 11:46:06,515 - DEBUG - 1 change detected: {(<Change.modified: 2>, 'E:\\Next JS\\researchbot\\backend\\logs\\research_assistant_20250907_111902.log')}
2025-09-07 11:46:07,001 - DEBUG - 1 change detected: {(<Change.modified: 2>, 'E:\\Next JS\\researchbot\\backend\\logs\\research_assistant_20250907_111902.log')}
2025-09-07 11:46:07,417 - DEBUG - 1 change detected: {(<Change.modified: 2>, 'E:\\Next JS\\researchbot\\backend\\logs\\research_assistant_20250907_111902.log')}
2025-09-07 11:46:07,839 - DEBUG - 1 change detected: {(<Change.modified: 2>, 'E:\\Next JS\\researchbot\\backend\\logs\\research_assistant_20250907_111902.log')}
2025-09-07 11:46:08,325 - DEBUG - 1 change detected: {(<Change.modified: 2>, 'E:\\Next JS\\researchbot\\backend\\logs\\research_assistant_20250907_111902.log')}
2025-09-07 11:46:08,794 - DEBUG - 1 change detected: {(<Change.modified: 2>, 'E:\\Next JS\\researchbot\\backend\\logs\\research_assistant_20250907_111902.log')}
2025-09-07 11:46:09,222 - DEBUG - 1 change detected: {(<Change.modified: 2>, 'E:\\Next JS\\researchbot\\backend\\logs\\research_assistant_20250907_111902.log')}
2025-09-07 11:46:09,589 - DEBUG - 1 change detected: {(<Change.modified: 2>, 'E:\\Next JS\\researchbot\\backend\\logs\\research_assistant_20250907_111902.log')}
2025-09-07 11:46:10,019 - DEBUG - 1 change detected: {(<Change.modified: 2>, 'E:\\Next JS\\researchbot\\backend\\logs\\research_assistant_20250907_111902.log')}
2025-09-07 11:46:10,435 - DEBUG - 1 change detected: {(<Change.modified: 2>, 'E:\\Next JS\\researchbot\\backend\\logs\\research_assistant_20250907_111902.log')}
2025-09-07 11:46:10,857 - DEBUG - 1 change detected: {(<Change.modified: 2>, 'E:\\Next JS\\researchbot\\backend\\logs\\research_assistant_20250907_111902.log')}
2025-09-07 11:46:11,280 - DEBUG - 1 change detected: {(<Change.modified: 2>, 'E:\\Next JS\\researchbot\\backend\\logs\\research_assistant_20250907_111902.log')}
2025-09-07 11:46:11,652 - DEBUG - 1 change detected: {(<Change.modified: 2>, 'E:\\Next JS\\researchbot\\backend\\logs\\research_assistant_20250907_111902.log')}
2025-09-07 11:46:12,065 - DEBUG - 1 change detected: {(<Change.modified: 2>, 'E:\\Next JS\\researchbot\\backend\\logs\\research_assistant_20250907_111902.log')}
2025-09-07 11:46:12,426 - DEBUG - 1 change detected: {(<Change.modified: 2>, 'E:\\Next JS\\researchbot\\backend\\logs\\research_assistant_20250907_111902.log')}
2025-09-07 11:46:12,844 - DEBUG - 1 change detected: {(<Change.modified: 2>, 'E:\\Next JS\\researchbot\\backend\\logs\\research_assistant_20250907_111902.log')}
2025-09-07 11:46:13,204 - DEBUG - 1 change detected: {(<Change.modified: 2>, 'E:\\Next JS\\researchbot\\backend\\logs\\research_assistant_20250907_111902.log')}
2025-09-07 11:46:13,611 - DEBUG - 1 change detected: {(<Change.modified: 2>, 'E:\\Next JS\\researchbot\\backend\\logs\\research_assistant_20250907_111902.log')}
2025-09-07 11:46:14,015 - DEBUG - 1 change detected: {(<Change.modified: 2>, 'E:\\Next JS\\researchbot\\backend\\logs\\research_assistant_20250907_111902.log')}
2025-09-07 11:46:14,428 - DEBUG - 1 change detected: {(<Change.modified: 2>, 'E:\\Next JS\\researchbot\\backend\\logs\\research_assistant_20250907_111902.log')}
2025-09-07 11:46:14,845 - DEBUG - 1 change detected: {(<Change.modified: 2>, 'E:\\Next JS\\researchbot\\backend\\logs\\research_assistant_20250907_111902.log')}
2025-09-07 11:46:15,270 - DEBUG - 1 change detected: {(<Change.modified: 2>, 'E:\\Next JS\\researchbot\\backend\\logs\\research_assistant_20250907_111902.log')}
2025-09-07 11:46:15,637 - DEBUG - 1 change detected: {(<Change.modified: 2>, 'E:\\Next JS\\researchbot\\backend\\logs\\research_assistant_20250907_111902.log')}
2025-09-07 11:46:16,052 - DEBUG - 1 change detected: {(<Change.modified: 2>, 'E:\\Next JS\\researchbot\\backend\\logs\\research_assistant_20250907_111902.log')}
2025-09-07 11:46:16,476 - DEBUG - 1 change detected: {(<Change.modified: 2>, 'E:\\Next JS\\researchbot\\backend\\logs\\research_assistant_20250907_111902.log')}
2025-09-07 11:46:16,837 - DEBUG - 1 change detected: {(<Change.modified: 2>, 'E:\\Next JS\\researchbot\\backend\\logs\\research_assistant_20250907_111902.log')}
2025-09-07 11:46:17,286 - DEBUG - 1 change detected: {(<Change.modified: 2>, 'E:\\Next JS\\researchbot\\backend\\logs\\research_assistant_20250907_111902.log')}
2025-09-07 11:46:17,657 - DEBUG - 1 change detected: {(<Change.modified: 2>, 'E:\\Next JS\\researchbot\\backend\\logs\\research_assistant_20250907_111902.log')}
2025-09-07 11:46:18,077 - DEBUG - 1 change detected: {(<Change.modified: 2>, 'E:\\Next JS\\researchbot\\backend\\logs\\research_assistant_20250907_111902.log')}
2025-09-07 11:46:18,440 - DEBUG - 1 change detected: {(<Change.modified: 2>, 'E:\\Next JS\\researchbot\\backend\\logs\\research_assistant_20250907_111902.log')}
2025-09-07 11:46:18,851 - DEBUG - 1 change detected: {(<Change.modified: 2>, 'E:\\Next JS\\researchbot\\backend\\logs\\research_assistant_20250907_111902.log')}
2025-09-07 11:46:19,265 - DEBUG - 1 change detected: {(<Change.modified: 2>, 'E:\\Next JS\\researchbot\\backend\\logs\\research_assistant_20250907_111902.log')}
2025-09-07 11:46:19,626 - DEBUG - 1 change detected: {(<Change.modified: 2>, 'E:\\Next JS\\researchbot\\backend\\logs\\research_assistant_20250907_111902.log')}
2025-09-07 11:46:20,103 - DEBUG - 1 change detected: {(<Change.modified: 2>, 'E:\\Next JS\\researchbot\\backend\\logs\\research_assistant_20250907_111902.log')}
2025-09-07 11:46:20,520 - DEBUG - 1 change detected: {(<Change.modified: 2>, 'E:\\Next JS\\researchbot\\backend\\logs\\research_assistant_20250907_111902.log')}
2025-09-07 11:46:20,938 - DEBUG - 1 change detected: {(<Change.modified: 2>, 'E:\\Next JS\\researchbot\\backend\\logs\\research_assistant_20250907_111902.log')}
2025-09-07 11:46:21,328 - DEBUG - 1 change detected: {(<Change.modified: 2>, 'E:\\Next JS\\researchbot\\backend\\logs\\research_assistant_20250907_111902.log')}
2025-09-07 11:46:21,760 - DEBUG - 1 change detected: {(<Change.modified: 2>, 'E:\\Next JS\\researchbot\\backend\\logs\\research_assistant_20250907_111902.log')}
2025-09-07 11:46:22,113 - DEBUG - 1 change detected: {(<Change.modified: 2>, 'E:\\Next JS\\researchbot\\backend\\logs\\research_assistant_20250907_111902.log')}
2025-09-07 11:46:22,580 - DEBUG - 1 change detected: {(<Change.modified: 2>, 'E:\\Next JS\\researchbot\\backend\\logs\\research_assistant_20250907_111902.log')}
2025-09-07 11:46:23,004 - DEBUG - 1 change detected: {(<Change.modified: 2>, 'E:\\Next JS\\researchbot\\backend\\logs\\research_assistant_20250907_111902.log')}
2025-09-07 11:46:23,371 - DEBUG - 1 change detected: {(<Change.modified: 2>, 'E:\\Next JS\\researchbot\\backend\\logs\\research_assistant_20250907_111902.log')}
2025-09-07 11:46:23,792 - DEBUG - 1 change detected: {(<Change.modified: 2>, 'E:\\Next JS\\researchbot\\backend\\logs\\research_assistant_20250907_111902.log')}
2025-09-07 11:46:24,202 - DEBUG - 1 change detected: {(<Change.modified: 2>, 'E:\\Next JS\\researchbot\\backend\\logs\\research_assistant_20250907_111902.log')}
2025-09-07 11:46:24,565 - DEBUG - 1 change detected: {(<Change.modified: 2>, 'E:\\Next JS\\researchbot\\backend\\logs\\research_assistant_20250907_111902.log')}
2025-09-07 11:46:24,991 - DEBUG - 1 change detected: {(<Change.modified: 2>, 'E:\\Next JS\\researchbot\\backend\\logs\\research_assistant_20250907_111902.log')}
2025-09-07 11:46:25,413 - DEBUG - 1 change detected: {(<Change.modified: 2>, 'E:\\Next JS\\researchbot\\backend\\logs\\research_assistant_20250907_111902.log')}
2025-09-07 11:46:25,785 - DEBUG - 1 change detected: {(<Change.modified: 2>, 'E:\\Next JS\\researchbot\\backend\\logs\\research_assistant_20250907_111902.log')}
2025-09-07 11:46:26,210 - DEBUG - 1 change detected: {(<Change.modified: 2>, 'E:\\Next JS\\researchbot\\backend\\logs\\research_assistant_20250907_111902.log')}
2025-09-07 11:46:26,568 - DEBUG - 1 change detected: {(<Change.modified: 2>, 'E:\\Next JS\\researchbot\\backend\\logs\\research_assistant_20250907_111902.log')}
2025-09-07 11:46:26,979 - DEBUG - 1 change detected: {(<Change.modified: 2>, 'E:\\Next JS\\researchbot\\backend\\logs\\research_assistant_20250907_111902.log')}
2025-09-07 11:46:27,395 - DEBUG - 1 change detected: {(<Change.modified: 2>, 'E:\\Next JS\\researchbot\\backend\\logs\\research_assistant_20250907_111902.log')}
2025-09-07 11:46:27,807 - DEBUG - 1 change detected: {(<Change.modified: 2>, 'E:\\Next JS\\researchbot\\backend\\logs\\research_assistant_20250907_111902.log')}
2025-09-07 11:46:28,173 - DEBUG - 1 change detected: {(<Change.modified: 2>, 'E:\\Next JS\\researchbot\\backend\\logs\\research_assistant_20250907_111902.log')}
2025-09-07 11:46:28,611 - DEBUG - 1 change detected: {(<Change.modified: 2>, 'E:\\Next JS\\researchbot\\backend\\logs\\research_assistant_20250907_111902.log')}
2025-09-07 11:46:28,964 - DEBUG - 1 change detected: {(<Change.modified: 2>, 'E:\\Next JS\\researchbot\\backend\\logs\\research_assistant_20250907_111902.log')}
2025-09-07 11:46:29,377 - DEBUG - 1 change detected: {(<Change.modified: 2>, 'E:\\Next JS\\researchbot\\backend\\logs\\research_assistant_20250907_111902.log')}
2025-09-07 11:46:29,803 - DEBUG - 1 change detected: {(<Change.modified: 2>, 'E:\\Next JS\\researchbot\\backend\\logs\\research_assistant_20250907_111902.log')}
2025-09-07 11:46:30,218 - DEBUG - 1 change detected: {(<Change.modified: 2>, 'E:\\Next JS\\researchbot\\backend\\logs\\research_assistant_20250907_111902.log')}
2025-09-07 11:46:30,638 - DEBUG - 1 change detected: {(<Change.modified: 2>, 'E:\\Next JS\\researchbot\\backend\\logs\\research_assistant_20250907_111902.log')}
2025-09-07 11:46:31,013 - DEBUG - 1 change detected: {(<Change.modified: 2>, 'E:\\Next JS\\researchbot\\backend\\logs\\research_assistant_20250907_111902.log')}
2025-09-07 11:46:31,427 - DEBUG - 1 change detected: {(<Change.modified: 2>, 'E:\\Next JS\\researchbot\\backend\\logs\\research_assistant_20250907_111902.log')}
2025-09-07 11:46:31,838 - DEBUG - 1 change detected: {(<Change.modified: 2>, 'E:\\Next JS\\researchbot\\backend\\logs\\research_assistant_20250907_111902.log')}
2025-09-07 11:46:32,208 - DEBUG - 1 change detected: {(<Change.modified: 2>, 'E:\\Next JS\\researchbot\\backend\\logs\\research_assistant_20250907_111902.log')}
2025-09-07 11:46:32,624 - DEBUG - 1 change detected: {(<Change.modified: 2>, 'E:\\Next JS\\researchbot\\backend\\logs\\research_assistant_20250907_111902.log')}
2025-09-07 11:46:33,032 - DEBUG - 1 change detected: {(<Change.modified: 2>, 'E:\\Next JS\\researchbot\\backend\\logs\\research_assistant_20250907_111902.log')}
2025-09-07 11:46:33,405 - DEBUG - 1 change detected: {(<Change.modified: 2>, 'E:\\Next JS\\researchbot\\backend\\logs\\research_assistant_20250907_111902.log')}
2025-09-07 11:46:33,816 - DEBUG - 1 change detected: {(<Change.modified: 2>, 'E:\\Next JS\\researchbot\\backend\\logs\\research_assistant_20250907_111902.log')}
2025-09-07 11:46:34,248 - DEBUG - 1 change detected: {(<Change.modified: 2>, 'E:\\Next JS\\researchbot\\backend\\logs\\research_assistant_20250907_111902.log')}
2025-09-07 11:46:34,608 - DEBUG - 1 change detected: {(<Change.modified: 2>, 'E:\\Next JS\\researchbot\\backend\\logs\\research_assistant_20250907_111902.log')}
2025-09-07 11:46:35,015 - DEBUG - 1 change detected: {(<Change.modified: 2>, 'E:\\Next JS\\researchbot\\backend\\logs\\research_assistant_20250907_111902.log')}
2025-09-07 11:46:35,441 - DEBUG - 1 change detected: {(<Change.modified: 2>, 'E:\\Next JS\\researchbot\\backend\\logs\\research_assistant_20250907_111902.log')}
2025-09-07 11:46:35,862 - DEBUG - 1 change detected: {(<Change.modified: 2>, 'E:\\Next JS\\researchbot\\backend\\logs\\research_assistant_20250907_111902.log')}
2025-09-07 11:46:36,269 - DEBUG - 1 change detected: {(<Change.modified: 2>, 'E:\\Next JS\\researchbot\\backend\\logs\\research_assistant_20250907_111902.log')}
2025-09-07 11:46:36,678 - DEBUG - 1 change detected: {(<Change.modified: 2>, 'E:\\Next JS\\researchbot\\backend\\logs\\research_assistant_20250907_111902.log')}
2025-09-07 11:46:37,097 - DEBUG - 1 change detected: {(<Change.modified: 2>, 'E:\\Next JS\\researchbot\\backend\\logs\\research_assistant_20250907_111902.log')}
2025-09-07 11:46:37,521 - DEBUG - 1 change detected: {(<Change.modified: 2>, 'E:\\Next JS\\researchbot\\backend\\logs\\research_assistant_20250907_111902.log')}
2025-09-07 11:46:37,882 - DEBUG - 1 change detected: {(<Change.modified: 2>, 'E:\\Next JS\\researchbot\\backend\\logs\\research_assistant_20250907_111902.log')}
2025-09-07 11:46:38,311 - DEBUG - 1 change detected: {(<Change.modified: 2>, 'E:\\Next JS\\researchbot\\backend\\logs\\research_assistant_20250907_111902.log')}
2025-09-07 11:46:38,679 - DEBUG - 1 change detected: {(<Change.modified: 2>, 'E:\\Next JS\\researchbot\\backend\\logs\\research_assistant_20250907_111902.log')}
2025-09-07 11:46:39,095 - DEBUG - 1 change detected: {(<Change.modified: 2>, 'E:\\Next JS\\researchbot\\backend\\logs\\research_assistant_20250907_111902.log')}
2025-09-07 11:46:39,502 - DEBUG - 1 change detected: {(<Change.modified: 2>, 'E:\\Next JS\\researchbot\\backend\\logs\\research_assistant_20250907_111902.log')}
2025-09-07 11:46:39,921 - DEBUG - 1 change detected: {(<Change.modified: 2>, 'E:\\Next JS\\researchbot\\backend\\logs\\research_assistant_20250907_111902.log')}
2025-09-07 11:46:40,336 - DEBUG - 1 change detected: {(<Change.modified: 2>, 'E:\\Next JS\\researchbot\\backend\\logs\\research_assistant_20250907_111902.log')}
2025-09-07 11:46:40,696 - DEBUG - 1 change detected: {(<Change.modified: 2>, 'E:\\Next JS\\researchbot\\backend\\logs\\research_assistant_20250907_111902.log')}
2025-09-07 11:46:41,120 - DEBUG - 1 change detected: {(<Change.modified: 2>, 'E:\\Next JS\\researchbot\\backend\\logs\\research_assistant_20250907_111902.log')}
2025-09-07 11:46:41,552 - DEBUG - 1 change detected: {(<Change.modified: 2>, 'E:\\Next JS\\researchbot\\backend\\logs\\research_assistant_20250907_111902.log')}
2025-09-07 11:46:41,954 - DEBUG - 1 change detected: {(<Change.modified: 2>, 'E:\\Next JS\\researchbot\\backend\\logs\\research_assistant_20250907_111902.log')}
2025-09-07 11:46:42,378 - DEBUG - 1 change detected: {(<Change.modified: 2>, 'E:\\Next JS\\researchbot\\backend\\logs\\research_assistant_20250907_111902.log')}
2025-09-07 11:46:42,742 - DEBUG - 1 change detected: {(<Change.modified: 2>, 'E:\\Next JS\\researchbot\\backend\\logs\\research_assistant_20250907_111902.log')}
2025-09-07 11:46:43,147 - DEBUG - 1 change detected: {(<Change.modified: 2>, 'E:\\Next JS\\researchbot\\backend\\logs\\research_assistant_20250907_111902.log')}
2025-09-07 11:46:43,555 - DEBUG - 1 change detected: {(<Change.modified: 2>, 'E:\\Next JS\\researchbot\\backend\\logs\\research_assistant_20250907_111902.log')}
2025-09-07 11:46:43,960 - DEBUG - 1 change detected: {(<Change.modified: 2>, 'E:\\Next JS\\researchbot\\backend\\logs\\research_assistant_20250907_111902.log')}
2025-09-07 11:46:44,384 - DEBUG - 1 change detected: {(<Change.modified: 2>, 'E:\\Next JS\\researchbot\\backend\\logs\\research_assistant_20250907_111902.log')}
2025-09-07 11:46:44,751 - DEBUG - 1 change detected: {(<Change.modified: 2>, 'E:\\Next JS\\researchbot\\backend\\logs\\research_assistant_20250907_111902.log')}
2025-09-07 11:46:45,177 - DEBUG - 1 change detected: {(<Change.modified: 2>, 'E:\\Next JS\\researchbot\\backend\\logs\\research_assistant_20250907_111902.log')}
2025-09-07 11:46:45,594 - DEBUG - 1 change detected: {(<Change.modified: 2>, 'E:\\Next JS\\researchbot\\backend\\logs\\research_assistant_20250907_111902.log')}
2025-09-07 11:46:45,960 - DEBUG - 1 change detected: {(<Change.modified: 2>, 'E:\\Next JS\\researchbot\\backend\\logs\\research_assistant_20250907_111902.log')}
2025-09-07 11:46:46,392 - DEBUG - 1 change detected: {(<Change.modified: 2>, 'E:\\Next JS\\researchbot\\backend\\logs\\research_assistant_20250907_111902.log')}
2025-09-07 11:46:46,758 - DEBUG - 1 change detected: {(<Change.modified: 2>, 'E:\\Next JS\\researchbot\\backend\\logs\\research_assistant_20250907_111902.log')}
2025-09-07 11:46:47,180 - DEBUG - 1 change detected: {(<Change.modified: 2>, 'E:\\Next JS\\researchbot\\backend\\logs\\research_assistant_20250907_111902.log')}
2025-09-07 11:46:47,559 - DEBUG - 1 change detected: {(<Change.modified: 2>, 'E:\\Next JS\\researchbot\\backend\\logs\\research_assistant_20250907_111902.log')}
2025-09-07 11:46:47,967 - DEBUG - 1 change detected: {(<Change.modified: 2>, 'E:\\Next JS\\researchbot\\backend\\logs\\research_assistant_20250907_111902.log')}
2025-09-07 11:46:48,401 - DEBUG - 1 change detected: {(<Change.modified: 2>, 'E:\\Next JS\\researchbot\\backend\\logs\\research_assistant_20250907_111902.log')}
2025-09-07 11:46:48,754 - DEBUG - 1 change detected: {(<Change.modified: 2>, 'E:\\Next JS\\researchbot\\backend\\logs\\research_assistant_20250907_111902.log')}
2025-09-07 11:46:49,170 - DEBUG - 1 change detected: {(<Change.modified: 2>, 'E:\\Next JS\\researchbot\\backend\\logs\\research_assistant_20250907_111902.log')}
2025-09-07 11:46:49,582 - DEBUG - 1 change detected: {(<Change.modified: 2>, 'E:\\Next JS\\researchbot\\backend\\logs\\research_assistant_20250907_111902.log')}
2025-09-07 11:46:49,999 - DEBUG - 1 change detected: {(<Change.modified: 2>, 'E:\\Next JS\\researchbot\\backend\\logs\\research_assistant_20250907_111902.log')}
2025-09-07 11:46:50,416 - DEBUG - 1 change detected: {(<Change.modified: 2>, 'E:\\Next JS\\researchbot\\backend\\logs\\research_assistant_20250907_111902.log')}
2025-09-07 11:46:50,839 - DEBUG - 1 change detected: {(<Change.modified: 2>, 'E:\\Next JS\\researchbot\\backend\\logs\\research_assistant_20250907_111902.log')}
2025-09-07 11:46:51,258 - DEBUG - 1 change detected: {(<Change.modified: 2>, 'E:\\Next JS\\researchbot\\backend\\logs\\research_assistant_20250907_111902.log')}
2025-09-07 11:46:51,664 - DEBUG - 1 change detected: {(<Change.modified: 2>, 'E:\\Next JS\\researchbot\\backend\\logs\\research_assistant_20250907_111902.log')}
2025-09-07 11:46:52,077 - DEBUG - 1 change detected: {(<Change.modified: 2>, 'E:\\Next JS\\researchbot\\backend\\logs\\research_assistant_20250907_111902.log')}
2025-09-07 11:46:52,490 - DEBUG - 1 change detected: {(<Change.modified: 2>, 'E:\\Next JS\\researchbot\\backend\\logs\\research_assistant_20250907_111902.log')}
2025-09-07 11:46:52,911 - DEBUG - 1 change detected: {(<Change.modified: 2>, 'E:\\Next JS\\researchbot\\backend\\logs\\research_assistant_20250907_111902.log')}
2025-09-07 11:46:53,284 - DEBUG - 1 change detected: {(<Change.modified: 2>, 'E:\\Next JS\\researchbot\\backend\\logs\\research_assistant_20250907_111902.log')}
2025-09-07 11:46:53,706 - DEBUG - 1 change detected: {(<Change.modified: 2>, 'E:\\Next JS\\researchbot\\backend\\logs\\research_assistant_20250907_111902.log')}
2025-09-07 11:46:54,123 - DEBUG - 1 change detected: {(<Change.modified: 2>, 'E:\\Next JS\\researchbot\\backend\\logs\\research_assistant_20250907_111902.log')}
2025-09-07 11:46:54,545 - DEBUG - 1 change detected: {(<Change.modified: 2>, 'E:\\Next JS\\researchbot\\backend\\logs\\research_assistant_20250907_111902.log')}
2025-09-07 11:46:54,955 - DEBUG - 1 change detected: {(<Change.modified: 2>, 'E:\\Next JS\\researchbot\\backend\\logs\\research_assistant_20250907_111902.log')}
2025-09-07 11:46:55,318 - DEBUG - 1 change detected: {(<Change.modified: 2>, 'E:\\Next JS\\researchbot\\backend\\logs\\research_assistant_20250907_111902.log')}
2025-09-07 11:46:55,730 - DEBUG - 1 change detected: {(<Change.modified: 2>, 'E:\\Next JS\\researchbot\\backend\\logs\\research_assistant_20250907_111902.log')}
2025-09-07 11:46:56,143 - DEBUG - 1 change detected: {(<Change.modified: 2>, 'E:\\Next JS\\researchbot\\backend\\logs\\research_assistant_20250907_111902.log')}
2025-09-07 11:46:56,568 - DEBUG - 1 change detected: {(<Change.modified: 2>, 'E:\\Next JS\\researchbot\\backend\\logs\\research_assistant_20250907_111902.log')}
2025-09-07 11:46:56,984 - DEBUG - 1 change detected: {(<Change.modified: 2>, 'E:\\Next JS\\researchbot\\backend\\logs\\research_assistant_20250907_111902.log')}
2025-09-07 11:46:57,413 - DEBUG - 1 change detected: {(<Change.modified: 2>, 'E:\\Next JS\\researchbot\\backend\\logs\\research_assistant_20250907_111902.log')}
2025-09-07 11:46:57,826 - DEBUG - 1 change detected: {(<Change.modified: 2>, 'E:\\Next JS\\researchbot\\backend\\logs\\research_assistant_20250907_111902.log')}
2025-09-07 11:46:58,263 - DEBUG - 1 change detected: {(<Change.modified: 2>, 'E:\\Next JS\\researchbot\\backend\\logs\\research_assistant_20250907_111902.log')}
2025-09-07 11:46:58,622 - DEBUG - 1 change detected: {(<Change.modified: 2>, 'E:\\Next JS\\researchbot\\backend\\logs\\research_assistant_20250907_111902.log')}
2025-09-07 11:46:59,054 - DEBUG - 1 change detected: {(<Change.modified: 2>, 'E:\\Next JS\\researchbot\\backend\\logs\\research_assistant_20250907_111902.log')}
2025-09-07 11:46:59,475 - DEBUG - 1 change detected: {(<Change.modified: 2>, 'E:\\Next JS\\researchbot\\backend\\logs\\research_assistant_20250907_111902.log')}
2025-09-07 11:46:59,834 - DEBUG - 1 change detected: {(<Change.modified: 2>, 'E:\\Next JS\\researchbot\\backend\\logs\\research_assistant_20250907_111902.log')}
2025-09-07 11:47:00,250 - DEBUG - 1 change detected: {(<Change.modified: 2>, 'E:\\Next JS\\researchbot\\backend\\logs\\research_assistant_20250907_111902.log')}
2025-09-07 11:47:00,628 - DEBUG - 1 change detected: {(<Change.modified: 2>, 'E:\\Next JS\\researchbot\\backend\\logs\\research_assistant_20250907_111902.log')}
2025-09-07 11:47:01,032 - DEBUG - 1 change detected: {(<Change.modified: 2>, 'E:\\Next JS\\researchbot\\backend\\logs\\research_assistant_20250907_111902.log')}
2025-09-07 11:47:01,452 - DEBUG - 1 change detected: {(<Change.modified: 2>, 'E:\\Next JS\\researchbot\\backend\\logs\\research_assistant_20250907_111902.log')}
2025-09-07 11:47:01,862 - DEBUG - 1 change detected: {(<Change.modified: 2>, 'E:\\Next JS\\researchbot\\backend\\logs\\research_assistant_20250907_111902.log')}
2025-09-07 11:47:02,271 - DEBUG - 1 change detected: {(<Change.modified: 2>, 'E:\\Next JS\\researchbot\\backend\\logs\\research_assistant_20250907_111902.log')}
2025-09-07 11:47:02,681 - DEBUG - 1 change detected: {(<Change.modified: 2>, 'E:\\Next JS\\researchbot\\backend\\logs\\research_assistant_20250907_111902.log')}
2025-09-07 11:47:03,095 - DEBUG - 1 change detected: {(<Change.modified: 2>, 'E:\\Next JS\\researchbot\\backend\\logs\\research_assistant_20250907_111902.log')}
2025-09-07 11:47:03,530 - DEBUG - 1 change detected: {(<Change.modified: 2>, 'E:\\Next JS\\researchbot\\backend\\logs\\research_assistant_20250907_111902.log')}
2025-09-07 11:47:03,939 - DEBUG - 1 change detected: {(<Change.modified: 2>, 'E:\\Next JS\\researchbot\\backend\\logs\\research_assistant_20250907_111902.log')}
2025-09-07 11:47:04,366 - DEBUG - 1 change detected: {(<Change.modified: 2>, 'E:\\Next JS\\researchbot\\backend\\logs\\research_assistant_20250907_111902.log')}
2025-09-07 11:47:04,771 - DEBUG - 1 change detected: {(<Change.modified: 2>, 'E:\\Next JS\\researchbot\\backend\\logs\\research_assistant_20250907_111902.log')}
2025-09-07 11:47:05,185 - DEBUG - 1 change detected: {(<Change.modified: 2>, 'E:\\Next JS\\researchbot\\backend\\logs\\research_assistant_20250907_111902.log')}
2025-09-07 11:47:05,600 - DEBUG - 1 change detected: {(<Change.modified: 2>, 'E:\\Next JS\\researchbot\\backend\\logs\\research_assistant_20250907_111902.log')}
2025-09-07 11:47:05,952 - DEBUG - 1 change detected: {(<Change.modified: 2>, 'E:\\Next JS\\researchbot\\backend\\logs\\research_assistant_20250907_111902.log')}
2025-09-07 11:47:06,357 - DEBUG - 1 change detected: {(<Change.modified: 2>, 'E:\\Next JS\\researchbot\\backend\\logs\\research_assistant_20250907_111902.log')}
2025-09-07 11:47:06,770 - DEBUG - 1 change detected: {(<Change.modified: 2>, 'E:\\Next JS\\researchbot\\backend\\logs\\research_assistant_20250907_111902.log')}
2025-09-07 11:47:07,179 - DEBUG - 1 change detected: {(<Change.modified: 2>, 'E:\\Next JS\\researchbot\\backend\\logs\\research_assistant_20250907_111902.log')}
2025-09-07 11:47:07,593 - DEBUG - 1 change detected: {(<Change.modified: 2>, 'E:\\Next JS\\researchbot\\backend\\logs\\research_assistant_20250907_111902.log')}
2025-09-07 11:47:08,011 - DEBUG - 1 change detected: {(<Change.modified: 2>, 'E:\\Next JS\\researchbot\\backend\\logs\\research_assistant_20250907_111902.log')}
2025-09-07 11:47:08,415 - DEBUG - 1 change detected: {(<Change.modified: 2>, 'E:\\Next JS\\researchbot\\backend\\logs\\research_assistant_20250907_111902.log')}
2025-09-07 11:47:08,838 - DEBUG - 1 change detected: {(<Change.modified: 2>, 'E:\\Next JS\\researchbot\\backend\\logs\\research_assistant_20250907_111902.log')}
2025-09-07 11:47:09,265 - DEBUG - 1 change detected: {(<Change.modified: 2>, 'E:\\Next JS\\researchbot\\backend\\logs\\research_assistant_20250907_111902.log')}
2025-09-07 11:47:09,682 - DEBUG - 1 change detected: {(<Change.modified: 2>, 'E:\\Next JS\\researchbot\\backend\\logs\\research_assistant_20250907_111902.log')}
2025-09-07 11:47:10,047 - DEBUG - 1 change detected: {(<Change.modified: 2>, 'E:\\Next JS\\researchbot\\backend\\logs\\research_assistant_20250907_111902.log')}
2025-09-07 11:47:10,459 - DEBUG - 1 change detected: {(<Change.modified: 2>, 'E:\\Next JS\\researchbot\\backend\\logs\\research_assistant_20250907_111902.log')}
2025-09-07 11:47:10,881 - DEBUG - 1 change detected: {(<Change.modified: 2>, 'E:\\Next JS\\researchbot\\backend\\logs\\research_assistant_20250907_111902.log')}
2025-09-07 11:47:11,289 - DEBUG - 1 change detected: {(<Change.modified: 2>, 'E:\\Next JS\\researchbot\\backend\\logs\\research_assistant_20250907_111902.log')}
2025-09-07 11:47:11,718 - DEBUG - 1 change detected: {(<Change.modified: 2>, 'E:\\Next JS\\researchbot\\backend\\logs\\research_assistant_20250907_111902.log')}
2025-09-07 11:47:12,145 - DEBUG - 1 change detected: {(<Change.modified: 2>, 'E:\\Next JS\\researchbot\\backend\\logs\\research_assistant_20250907_111902.log')}
2025-09-07 11:47:12,565 - DEBUG - 1 change detected: {(<Change.modified: 2>, 'E:\\Next JS\\researchbot\\backend\\logs\\research_assistant_20250907_111902.log')}
2025-09-07 11:47:12,929 - DEBUG - 1 change detected: {(<Change.modified: 2>, 'E:\\Next JS\\researchbot\\backend\\logs\\research_assistant_20250907_111902.log')}
2025-09-07 11:47:13,357 - DEBUG - 1 change detected: {(<Change.modified: 2>, 'E:\\Next JS\\researchbot\\backend\\logs\\research_assistant_20250907_111902.log')}
2025-09-07 11:47:13,763 - DEBUG - 1 change detected: {(<Change.modified: 2>, 'E:\\Next JS\\researchbot\\backend\\logs\\research_assistant_20250907_111902.log')}
2025-09-07 11:47:14,180 - DEBUG - 1 change detected: {(<Change.modified: 2>, 'E:\\Next JS\\researchbot\\backend\\logs\\research_assistant_20250907_111902.log')}
2025-09-07 11:47:14,546 - DEBUG - 1 change detected: {(<Change.modified: 2>, 'E:\\Next JS\\researchbot\\backend\\logs\\research_assistant_20250907_111902.log')}
2025-09-07 11:47:14,964 - DEBUG - 1 change detected: {(<Change.modified: 2>, 'E:\\Next JS\\researchbot\\backend\\logs\\research_assistant_20250907_111902.log')}
2025-09-07 11:47:15,371 - DEBUG - 1 change detected: {(<Change.modified: 2>, 'E:\\Next JS\\researchbot\\backend\\logs\\research_assistant_20250907_111902.log')}
2025-09-07 11:47:15,780 - DEBUG - 1 change detected: {(<Change.modified: 2>, 'E:\\Next JS\\researchbot\\backend\\logs\\research_assistant_20250907_111902.log')}
2025-09-07 11:47:16,670 - DEBUG - 1 change detected: {(<Change.modified: 2>, 'E:\\Next JS\\researchbot\\backend\\logs\\research_assistant_20250907_111902.log')}
2025-09-07 11:47:17,169 - DEBUG - 1 change detected: {(<Change.modified: 2>, 'E:\\Next JS\\researchbot\\backend\\logs\\research_assistant_20250907_111902.log')}
2025-09-07 11:47:17,619 - DEBUG - 1 change detected: {(<Change.modified: 2>, 'E:\\Next JS\\researchbot\\backend\\logs\\research_assistant_20250907_111902.log')}
2025-09-07 11:47:18,004 - DEBUG - 1 change detected: {(<Change.modified: 2>, 'E:\\Next JS\\researchbot\\backend\\logs\\research_assistant_20250907_111902.log')}
2025-09-07 11:47:18,378 - DEBUG - 1 change detected: {(<Change.modified: 2>, 'E:\\Next JS\\researchbot\\backend\\logs\\research_assistant_20250907_111902.log')}
2025-09-07 11:47:19,106 - DEBUG - 1 change detected: {(<Change.modified: 2>, 'E:\\Next JS\\researchbot\\backend\\logs\\research_assistant_20250907_111902.log')}
2025-09-07 11:47:19,854 - DEBUG - 1 change detected: {(<Change.modified: 2>, 'E:\\Next JS\\researchbot\\backend\\logs\\research_assistant_20250907_111902.log')}
2025-09-07 11:47:20,412 - DEBUG - 1 change detected: {(<Change.modified: 2>, 'E:\\Next JS\\researchbot\\backend\\logs\\research_assistant_20250907_111902.log')}
2025-09-07 11:47:21,047 - DEBUG - 1 change detected: {(<Change.modified: 2>, 'E:\\Next JS\\researchbot\\backend\\logs\\research_assistant_20250907_111902.log')}
2025-09-07 11:47:22,335 - DEBUG - 1 change detected: {(<Change.modified: 2>, 'E:\\Next JS\\researchbot\\backend\\logs\\research_assistant_20250907_111902.log')}
2025-09-07 11:47:23,096 - DEBUG - 1 change detected: {(<Change.modified: 2>, 'E:\\Next JS\\researchbot\\backend\\logs\\research_assistant_20250907_111902.log')}
2025-09-07 11:47:25,797 - DEBUG - 1 change detected: {(<Change.modified: 2>, 'E:\\Next JS\\researchbot\\backend\\logs\\research_assistant_20250907_111902.log')}
2025-09-07 11:47:28,360 - DEBUG - 1 change detected: {(<Change.modified: 2>, 'E:\\Next JS\\researchbot\\backend\\logs\\research_assistant_20250907_111902.log')}
2025-09-07 11:47:28,728 - DEBUG - 1 change detected: {(<Change.modified: 2>, 'E:\\Next JS\\researchbot\\backend\\logs\\research_assistant_20250907_111902.log')}
2025-09-07 11:47:29,143 - DEBUG - 1 change detected: {(<Change.modified: 2>, 'E:\\Next JS\\researchbot\\backend\\logs\\research_assistant_20250907_111902.log')}
2025-09-07 11:47:29,547 - DEBUG - 1 change detected: {(<Change.modified: 2>, 'E:\\Next JS\\researchbot\\backend\\logs\\research_assistant_20250907_111902.log')}
2025-09-07 11:47:29,924 - DEBUG - 1 change detected: {(<Change.modified: 2>, 'E:\\Next JS\\researchbot\\backend\\logs\\research_assistant_20250907_111902.log')}
2025-09-07 11:47:30,399 - DEBUG - 1 change detected: {(<Change.modified: 2>, 'E:\\Next JS\\researchbot\\backend\\logs\\research_assistant_20250907_111902.log')}
2025-09-07 11:47:30,865 - DEBUG - 1 change detected: {(<Change.modified: 2>, 'E:\\Next JS\\researchbot\\backend\\logs\\research_assistant_20250907_111902.log')}
2025-09-07 11:47:31,334 - DEBUG - 1 change detected: {(<Change.modified: 2>, 'E:\\Next JS\\researchbot\\backend\\logs\\research_assistant_20250907_111902.log')}
2025-09-07 11:47:31,773 - DEBUG - 1 change detected: {(<Change.modified: 2>, 'E:\\Next JS\\researchbot\\backend\\logs\\research_assistant_20250907_111902.log')}
2025-09-07 11:47:32,135 - DEBUG - 1 change detected: {(<Change.modified: 2>, 'E:\\Next JS\\researchbot\\backend\\logs\\research_assistant_20250907_111902.log')}
2025-09-07 11:47:32,550 - DEBUG - 1 change detected: {(<Change.modified: 2>, 'E:\\Next JS\\researchbot\\backend\\logs\\research_assistant_20250907_111902.log')}
2025-09-07 11:47:32,922 - DEBUG - 1 change detected: {(<Change.modified: 2>, 'E:\\Next JS\\researchbot\\backend\\logs\\research_assistant_20250907_111902.log')}
2025-09-07 11:47:33,311 - DEBUG - 1 change detected: {(<Change.modified: 2>, 'E:\\Next JS\\researchbot\\backend\\logs\\research_assistant_20250907_111902.log')}
2025-09-07 11:47:33,721 - DEBUG - 1 change detected: {(<Change.modified: 2>, 'E:\\Next JS\\researchbot\\backend\\logs\\research_assistant_20250907_111902.log')}
2025-09-07 11:47:34,136 - DEBUG - 1 change detected: {(<Change.modified: 2>, 'E:\\Next JS\\researchbot\\backend\\logs\\research_assistant_20250907_111902.log')}
2025-09-07 11:47:34,553 - DEBUG - 1 change detected: {(<Change.modified: 2>, 'E:\\Next JS\\researchbot\\backend\\logs\\research_assistant_20250907_111902.log')}
2025-09-07 11:47:34,984 - DEBUG - 1 change detected: {(<Change.modified: 2>, 'E:\\Next JS\\researchbot\\backend\\logs\\research_assistant_20250907_111902.log')}
2025-09-07 11:47:35,412 - DEBUG - 1 change detected: {(<Change.modified: 2>, 'E:\\Next JS\\researchbot\\backend\\logs\\research_assistant_20250907_111902.log')}
2025-09-07 11:47:35,829 - DEBUG - 1 change detected: {(<Change.modified: 2>, 'E:\\Next JS\\researchbot\\backend\\logs\\research_assistant_20250907_111902.log')}
2025-09-07 11:47:36,236 - DEBUG - 1 change detected: {(<Change.modified: 2>, 'E:\\Next JS\\researchbot\\backend\\logs\\research_assistant_20250907_111902.log')}
2025-09-07 11:47:36,701 - DEBUG - 1 change detected: {(<Change.modified: 2>, 'E:\\Next JS\\researchbot\\backend\\logs\\research_assistant_20250907_111902.log')}
2025-09-07 11:47:37,071 - DEBUG - 1 change detected: {(<Change.modified: 2>, 'E:\\Next JS\\researchbot\\backend\\logs\\research_assistant_20250907_111902.log')}
2025-09-07 11:47:37,495 - DEBUG - 1 change detected: {(<Change.modified: 2>, 'E:\\Next JS\\researchbot\\backend\\logs\\research_assistant_20250907_111902.log')}
2025-09-07 11:47:37,871 - DEBUG - 1 change detected: {(<Change.modified: 2>, 'E:\\Next JS\\researchbot\\backend\\logs\\research_assistant_20250907_111902.log')}
2025-09-07 11:47:38,303 - DEBUG - 1 change detected: {(<Change.modified: 2>, 'E:\\Next JS\\researchbot\\backend\\logs\\research_assistant_20250907_111902.log')}
2025-09-07 11:47:38,725 - DEBUG - 1 change detected: {(<Change.modified: 2>, 'E:\\Next JS\\researchbot\\backend\\logs\\research_assistant_20250907_111902.log')}
2025-09-07 11:47:39,098 - DEBUG - 1 change detected: {(<Change.modified: 2>, 'E:\\Next JS\\researchbot\\backend\\logs\\research_assistant_20250907_111902.log')}
2025-09-07 11:47:39,521 - DEBUG - 1 change detected: {(<Change.modified: 2>, 'E:\\Next JS\\researchbot\\backend\\logs\\research_assistant_20250907_111902.log')}
2025-09-07 11:47:39,882 - DEBUG - 1 change detected: {(<Change.modified: 2>, 'E:\\Next JS\\researchbot\\backend\\logs\\research_assistant_20250907_111902.log')}
2025-09-07 11:47:40,288 - DEBUG - 1 change detected: {(<Change.modified: 2>, 'E:\\Next JS\\researchbot\\backend\\logs\\research_assistant_20250907_111902.log')}
2025-09-07 11:47:40,717 - DEBUG - 1 change detected: {(<Change.modified: 2>, 'E:\\Next JS\\researchbot\\backend\\logs\\research_assistant_20250907_111902.log')}
2025-09-07 11:47:41,197 - DEBUG - 1 change detected: {(<Change.modified: 2>, 'E:\\Next JS\\researchbot\\backend\\logs\\research_assistant_20250907_111902.log')}
2025-09-07 11:47:41,563 - DEBUG - 1 change detected: {(<Change.modified: 2>, 'E:\\Next JS\\researchbot\\backend\\logs\\research_assistant_20250907_111902.log')}
2025-09-07 11:47:42,033 - DEBUG - 1 change detected: {(<Change.modified: 2>, 'E:\\Next JS\\researchbot\\backend\\logs\\research_assistant_20250907_111902.log')}
2025-09-07 11:47:42,422 - DEBUG - 1 change detected: {(<Change.modified: 2>, 'E:\\Next JS\\researchbot\\backend\\logs\\research_assistant_20250907_111902.log')}
2025-09-07 11:47:42,830 - DEBUG - 1 change detected: {(<Change.modified: 2>, 'E:\\Next JS\\researchbot\\backend\\logs\\research_assistant_20250907_111902.log')}
2025-09-07 11:47:43,253 - DEBUG - 1 change detected: {(<Change.modified: 2>, 'E:\\Next JS\\researchbot\\backend\\logs\\research_assistant_20250907_111902.log')}
2025-09-07 11:47:43,619 - DEBUG - 1 change detected: {(<Change.modified: 2>, 'E:\\Next JS\\researchbot\\backend\\logs\\research_assistant_20250907_111902.log')}
2025-09-07 11:47:44,249 - DEBUG - 1 change detected: {(<Change.modified: 2>, 'E:\\Next JS\\researchbot\\backend\\logs\\research_assistant_20250907_111902.log')}
2025-09-07 11:47:44,616 - DEBUG - 1 change detected: {(<Change.modified: 2>, 'E:\\Next JS\\researchbot\\backend\\logs\\research_assistant_20250907_111902.log')}
2025-09-07 11:47:44,982 - DEBUG - 1 change detected: {(<Change.modified: 2>, 'E:\\Next JS\\researchbot\\backend\\logs\\research_assistant_20250907_111902.log')}
2025-09-07 11:47:45,407 - DEBUG - 1 change detected: {(<Change.modified: 2>, 'E:\\Next JS\\researchbot\\backend\\logs\\research_assistant_20250907_111902.log')}
2025-09-07 11:47:45,802 - DEBUG - 1 change detected: {(<Change.modified: 2>, 'E:\\Next JS\\researchbot\\backend\\logs\\research_assistant_20250907_111902.log')}
2025-09-07 11:47:46,246 - DEBUG - 1 change detected: {(<Change.modified: 2>, 'E:\\Next JS\\researchbot\\backend\\logs\\research_assistant_20250907_111902.log')}
2025-09-07 11:47:46,656 - DEBUG - 1 change detected: {(<Change.modified: 2>, 'E:\\Next JS\\researchbot\\backend\\logs\\research_assistant_20250907_111902.log')}
2025-09-07 11:47:47,035 - DEBUG - 1 change detected: {(<Change.modified: 2>, 'E:\\Next JS\\researchbot\\backend\\logs\\research_assistant_20250907_111902.log')}
2025-09-07 11:47:47,455 - DEBUG - 1 change detected: {(<Change.modified: 2>, 'E:\\Next JS\\researchbot\\backend\\logs\\research_assistant_20250907_111902.log')}
2025-09-07 11:47:47,873 - DEBUG - 1 change detected: {(<Change.modified: 2>, 'E:\\Next JS\\researchbot\\backend\\logs\\research_assistant_20250907_111902.log')}
2025-09-07 11:47:48,286 - DEBUG - 1 change detected: {(<Change.modified: 2>, 'E:\\Next JS\\researchbot\\backend\\logs\\research_assistant_20250907_111902.log')}
2025-09-07 11:47:48,653 - DEBUG - 1 change detected: {(<Change.modified: 2>, 'E:\\Next JS\\researchbot\\backend\\logs\\research_assistant_20250907_111902.log')}
2025-09-07 11:47:49,063 - DEBUG - 1 change detected: {(<Change.modified: 2>, 'E:\\Next JS\\researchbot\\backend\\logs\\research_assistant_20250907_111902.log')}
2025-09-07 11:47:49,483 - DEBUG - 1 change detected: {(<Change.modified: 2>, 'E:\\Next JS\\researchbot\\backend\\logs\\research_assistant_20250907_111902.log')}
2025-09-07 11:47:49,889 - DEBUG - 1 change detected: {(<Change.modified: 2>, 'E:\\Next JS\\researchbot\\backend\\logs\\research_assistant_20250907_111902.log')}
2025-09-07 11:47:50,300 - DEBUG - 1 change detected: {(<Change.modified: 2>, 'E:\\Next JS\\researchbot\\backend\\logs\\research_assistant_20250907_111902.log')}
2025-09-07 11:47:50,671 - DEBUG - 1 change detected: {(<Change.modified: 2>, 'E:\\Next JS\\researchbot\\backend\\logs\\research_assistant_20250907_111902.log')}
2025-09-07 11:47:51,081 - DEBUG - 1 change detected: {(<Change.modified: 2>, 'E:\\Next JS\\researchbot\\backend\\logs\\research_assistant_20250907_111902.log')}
2025-09-07 11:47:51,537 - DEBUG - 1 change detected: {(<Change.modified: 2>, 'E:\\Next JS\\researchbot\\backend\\logs\\research_assistant_20250907_111902.log')}
2025-09-07 11:47:51,980 - DEBUG - 1 change detected: {(<Change.modified: 2>, 'E:\\Next JS\\researchbot\\backend\\logs\\research_assistant_20250907_111902.log')}
2025-09-07 11:47:52,346 - DEBUG - 1 change detected: {(<Change.modified: 2>, 'E:\\Next JS\\researchbot\\backend\\logs\\research_assistant_20250907_111902.log')}
2025-09-07 11:47:52,768 - DEBUG - 1 change detected: {(<Change.modified: 2>, 'E:\\Next JS\\researchbot\\backend\\logs\\research_assistant_20250907_111902.log')}
2025-09-07 11:47:53,179 - DEBUG - 1 change detected: {(<Change.modified: 2>, 'E:\\Next JS\\researchbot\\backend\\logs\\research_assistant_20250907_111902.log')}
2025-09-07 11:47:53,593 - DEBUG - 1 change detected: {(<Change.modified: 2>, 'E:\\Next JS\\researchbot\\backend\\logs\\research_assistant_20250907_111902.log')}
2025-09-07 11:47:54,005 - DEBUG - 1 change detected: {(<Change.modified: 2>, 'E:\\Next JS\\researchbot\\backend\\logs\\research_assistant_20250907_111902.log')}
2025-09-07 11:47:54,381 - DEBUG - 1 change detected: {(<Change.modified: 2>, 'E:\\Next JS\\researchbot\\backend\\logs\\research_assistant_20250907_111902.log')}
2025-09-07 11:47:54,794 - DEBUG - 1 change detected: {(<Change.modified: 2>, 'E:\\Next JS\\researchbot\\backend\\logs\\research_assistant_20250907_111902.log')}
2025-09-07 11:47:55,210 - DEBUG - 1 change detected: {(<Change.modified: 2>, 'E:\\Next JS\\researchbot\\backend\\logs\\research_assistant_20250907_111902.log')}
2025-09-07 11:47:55,643 - DEBUG - 1 change detected: {(<Change.modified: 2>, 'E:\\Next JS\\researchbot\\backend\\logs\\research_assistant_20250907_111902.log')}
2025-09-07 11:47:56,016 - DEBUG - 1 change detected: {(<Change.modified: 2>, 'E:\\Next JS\\researchbot\\backend\\logs\\research_assistant_20250907_111902.log')}
2025-09-07 11:47:56,421 - DEBUG - 1 change detected: {(<Change.modified: 2>, 'E:\\Next JS\\researchbot\\backend\\logs\\research_assistant_20250907_111902.log')}
2025-09-07 11:47:56,841 - DEBUG - 1 change detected: {(<Change.modified: 2>, 'E:\\Next JS\\researchbot\\backend\\logs\\research_assistant_20250907_111902.log')}
2025-09-07 11:47:57,260 - DEBUG - 1 change detected: {(<Change.modified: 2>, 'E:\\Next JS\\researchbot\\backend\\logs\\research_assistant_20250907_111902.log')}
2025-09-07 11:47:57,656 - DEBUG - 1 change detected: {(<Change.modified: 2>, 'E:\\Next JS\\researchbot\\backend\\logs\\research_assistant_20250907_111902.log')}
2025-09-07 11:47:58,086 - DEBUG - 1 change detected: {(<Change.modified: 2>, 'E:\\Next JS\\researchbot\\backend\\logs\\research_assistant_20250907_111902.log')}
2025-09-07 11:47:58,498 - DEBUG - 1 change detected: {(<Change.modified: 2>, 'E:\\Next JS\\researchbot\\backend\\logs\\research_assistant_20250907_111902.log')}
2025-09-07 11:47:58,919 - DEBUG - 1 change detected: {(<Change.modified: 2>, 'E:\\Next JS\\researchbot\\backend\\logs\\research_assistant_20250907_111902.log')}
2025-09-07 11:47:59,299 - DEBUG - 1 change detected: {(<Change.modified: 2>, 'E:\\Next JS\\researchbot\\backend\\logs\\research_assistant_20250907_111902.log')}
2025-09-07 11:47:59,714 - DEBUG - 1 change detected: {(<Change.modified: 2>, 'E:\\Next JS\\researchbot\\backend\\logs\\research_assistant_20250907_111902.log')}
2025-09-07 11:48:00,101 - DEBUG - 1 change detected: {(<Change.modified: 2>, 'E:\\Next JS\\researchbot\\backend\\logs\\research_assistant_20250907_111902.log')}
2025-09-07 11:48:00,516 - DEBUG - 1 change detected: {(<Change.modified: 2>, 'E:\\Next JS\\researchbot\\backend\\logs\\research_assistant_20250907_111902.log')}
2025-09-07 11:48:00,919 - DEBUG - 1 change detected: {(<Change.modified: 2>, 'E:\\Next JS\\researchbot\\backend\\logs\\research_assistant_20250907_111902.log')}
2025-09-07 11:48:01,330 - DEBUG - 1 change detected: {(<Change.modified: 2>, 'E:\\Next JS\\researchbot\\backend\\logs\\research_assistant_20250907_111902.log')}
2025-09-07 11:48:01,710 - DEBUG - 1 change detected: {(<Change.modified: 2>, 'E:\\Next JS\\researchbot\\backend\\logs\\research_assistant_20250907_111902.log')}
2025-09-07 11:48:02,123 - DEBUG - 1 change detected: {(<Change.modified: 2>, 'E:\\Next JS\\researchbot\\backend\\logs\\research_assistant_20250907_111902.log')}
2025-09-07 11:48:02,544 - DEBUG - 1 change detected: {(<Change.modified: 2>, 'E:\\Next JS\\researchbot\\backend\\logs\\research_assistant_20250907_111902.log')}
2025-09-07 11:48:02,905 - DEBUG - 1 change detected: {(<Change.modified: 2>, 'E:\\Next JS\\researchbot\\backend\\logs\\research_assistant_20250907_111902.log')}
2025-09-07 11:48:03,329 - DEBUG - 1 change detected: {(<Change.modified: 2>, 'E:\\Next JS\\researchbot\\backend\\logs\\research_assistant_20250907_111902.log')}
2025-09-07 11:48:03,751 - DEBUG - 1 change detected: {(<Change.modified: 2>, 'E:\\Next JS\\researchbot\\backend\\logs\\research_assistant_20250907_111902.log')}
2025-09-07 11:48:04,118 - DEBUG - 1 change detected: {(<Change.modified: 2>, 'E:\\Next JS\\researchbot\\backend\\logs\\research_assistant_20250907_111902.log')}
2025-09-07 11:48:04,537 - DEBUG - 1 change detected: {(<Change.modified: 2>, 'E:\\Next JS\\researchbot\\backend\\logs\\research_assistant_20250907_111902.log')}
2025-09-07 11:48:04,950 - DEBUG - 1 change detected: {(<Change.modified: 2>, 'E:\\Next JS\\researchbot\\backend\\logs\\research_assistant_20250907_111902.log')}
2025-09-07 11:48:05,320 - DEBUG - 1 change detected: {(<Change.modified: 2>, 'E:\\Next JS\\researchbot\\backend\\logs\\research_assistant_20250907_111902.log')}
2025-09-07 11:48:05,735 - DEBUG - 1 change detected: {(<Change.modified: 2>, 'E:\\Next JS\\researchbot\\backend\\logs\\research_assistant_20250907_111902.log')}
2025-09-07 11:48:06,161 - DEBUG - 1 change detected: {(<Change.modified: 2>, 'E:\\Next JS\\researchbot\\backend\\logs\\research_assistant_20250907_111902.log')}
2025-09-07 11:48:06,518 - DEBUG - 1 change detected: {(<Change.modified: 2>, 'E:\\Next JS\\researchbot\\backend\\logs\\research_assistant_20250907_111902.log')}
2025-09-07 11:48:06,950 - DEBUG - 1 change detected: {(<Change.modified: 2>, 'E:\\Next JS\\researchbot\\backend\\logs\\research_assistant_20250907_111902.log')}
2025-09-07 11:48:07,331 - DEBUG - 1 change detected: {(<Change.modified: 2>, 'E:\\Next JS\\researchbot\\backend\\logs\\research_assistant_20250907_111902.log')}
2025-09-07 11:48:07,759 - DEBUG - 1 change detected: {(<Change.modified: 2>, 'E:\\Next JS\\researchbot\\backend\\logs\\research_assistant_20250907_111902.log')}
2025-09-07 11:48:08,122 - DEBUG - 1 change detected: {(<Change.modified: 2>, 'E:\\Next JS\\researchbot\\backend\\logs\\research_assistant_20250907_111902.log')}
2025-09-07 11:48:08,552 - DEBUG - 1 change detected: {(<Change.modified: 2>, 'E:\\Next JS\\researchbot\\backend\\logs\\research_assistant_20250907_111902.log')}
2025-09-07 11:48:08,992 - DEBUG - 1 change detected: {(<Change.modified: 2>, 'E:\\Next JS\\researchbot\\backend\\logs\\research_assistant_20250907_111902.log')}
2025-09-07 11:48:09,427 - DEBUG - 1 change detected: {(<Change.modified: 2>, 'E:\\Next JS\\researchbot\\backend\\logs\\research_assistant_20250907_111902.log')}
2025-09-07 11:48:09,799 - DEBUG - 1 change detected: {(<Change.modified: 2>, 'E:\\Next JS\\researchbot\\backend\\logs\\research_assistant_20250907_111902.log')}
2025-09-07 11:48:10,232 - DEBUG - 1 change detected: {(<Change.modified: 2>, 'E:\\Next JS\\researchbot\\backend\\logs\\research_assistant_20250907_111902.log')}
2025-09-07 11:48:10,715 - DEBUG - 1 change detected: {(<Change.modified: 2>, 'E:\\Next JS\\researchbot\\backend\\logs\\research_assistant_20250907_111902.log')}
2025-09-07 11:48:11,132 - DEBUG - 1 change detected: {(<Change.modified: 2>, 'E:\\Next JS\\researchbot\\backend\\logs\\research_assistant_20250907_111902.log')}
2025-09-07 11:48:11,561 - DEBUG - 1 change detected: {(<Change.modified: 2>, 'E:\\Next JS\\researchbot\\backend\\logs\\research_assistant_20250907_111902.log')}
2025-09-07 11:48:11,923 - DEBUG - 1 change detected: {(<Change.modified: 2>, 'E:\\Next JS\\researchbot\\backend\\logs\\research_assistant_20250907_111902.log')}
2025-09-07 11:48:12,355 - DEBUG - 1 change detected: {(<Change.modified: 2>, 'E:\\Next JS\\researchbot\\backend\\logs\\research_assistant_20250907_111902.log')}
2025-09-07 11:48:12,773 - DEBUG - 1 change detected: {(<Change.modified: 2>, 'E:\\Next JS\\researchbot\\backend\\logs\\research_assistant_20250907_111902.log')}
2025-09-07 11:48:13,149 - DEBUG - 1 change detected: {(<Change.modified: 2>, 'E:\\Next JS\\researchbot\\backend\\logs\\research_assistant_20250907_111902.log')}
2025-09-07 11:48:13,569 - DEBUG - 1 change detected: {(<Change.modified: 2>, 'E:\\Next JS\\researchbot\\backend\\logs\\research_assistant_20250907_111902.log')}
2025-09-07 11:48:13,985 - DEBUG - 1 change detected: {(<Change.modified: 2>, 'E:\\Next JS\\researchbot\\backend\\logs\\research_assistant_20250907_111902.log')}
2025-09-07 11:48:14,353 - DEBUG - 1 change detected: {(<Change.modified: 2>, 'E:\\Next JS\\researchbot\\backend\\logs\\research_assistant_20250907_111902.log')}
2025-09-07 11:48:14,754 - DEBUG - 1 change detected: {(<Change.modified: 2>, 'E:\\Next JS\\researchbot\\backend\\logs\\research_assistant_20250907_111902.log')}
2025-09-07 11:48:15,173 - DEBUG - 1 change detected: {(<Change.modified: 2>, 'E:\\Next JS\\researchbot\\backend\\logs\\research_assistant_20250907_111902.log')}
2025-09-07 11:48:15,591 - DEBUG - 1 change detected: {(<Change.modified: 2>, 'E:\\Next JS\\researchbot\\backend\\logs\\research_assistant_20250907_111902.log')}
2025-09-07 11:48:16,013 - DEBUG - 1 change detected: {(<Change.modified: 2>, 'E:\\Next JS\\researchbot\\backend\\logs\\research_assistant_20250907_111902.log')}
2025-09-07 11:48:16,402 - DEBUG - 1 change detected: {(<Change.modified: 2>, 'E:\\Next JS\\researchbot\\backend\\logs\\research_assistant_20250907_111902.log')}
2025-09-07 11:48:16,831 - DEBUG - 1 change detected: {(<Change.modified: 2>, 'E:\\Next JS\\researchbot\\backend\\logs\\research_assistant_20250907_111902.log')}
2025-09-07 11:48:17,252 - DEBUG - 1 change detected: {(<Change.modified: 2>, 'E:\\Next JS\\researchbot\\backend\\logs\\research_assistant_20250907_111902.log')}
2025-09-07 11:48:17,672 - DEBUG - 1 change detected: {(<Change.modified: 2>, 'E:\\Next JS\\researchbot\\backend\\logs\\research_assistant_20250907_111902.log')}
2025-09-07 11:48:18,061 - DEBUG - 1 change detected: {(<Change.modified: 2>, 'E:\\Next JS\\researchbot\\backend\\logs\\research_assistant_20250907_111902.log')}
2025-09-07 11:48:18,473 - DEBUG - 1 change detected: {(<Change.modified: 2>, 'E:\\Next JS\\researchbot\\backend\\logs\\research_assistant_20250907_111902.log')}
2025-09-07 11:48:18,883 - DEBUG - 1 change detected: {(<Change.modified: 2>, 'E:\\Next JS\\researchbot\\backend\\logs\\research_assistant_20250907_111902.log')}
2025-09-07 11:48:19,345 - DEBUG - 1 change detected: {(<Change.modified: 2>, 'E:\\Next JS\\researchbot\\backend\\logs\\research_assistant_20250907_111902.log')}
2025-09-07 11:48:19,721 - DEBUG - 1 change detected: {(<Change.modified: 2>, 'E:\\Next JS\\researchbot\\backend\\logs\\research_assistant_20250907_111902.log')}
2025-09-07 11:48:20,129 - DEBUG - 1 change detected: {(<Change.modified: 2>, 'E:\\Next JS\\researchbot\\backend\\logs\\research_assistant_20250907_111902.log')}
2025-09-07 11:48:20,494 - DEBUG - 1 change detected: {(<Change.modified: 2>, 'E:\\Next JS\\researchbot\\backend\\logs\\research_assistant_20250907_111902.log')}
2025-09-07 11:48:20,904 - DEBUG - 1 change detected: {(<Change.modified: 2>, 'E:\\Next JS\\researchbot\\backend\\logs\\research_assistant_20250907_111902.log')}
2025-09-07 11:48:21,342 - DEBUG - 1 change detected: {(<Change.modified: 2>, 'E:\\Next JS\\researchbot\\backend\\logs\\research_assistant_20250907_111902.log')}
2025-09-07 11:48:21,750 - DEBUG - 1 change detected: {(<Change.modified: 2>, 'E:\\Next JS\\researchbot\\backend\\logs\\research_assistant_20250907_111902.log')}
2025-09-07 11:48:22,159 - DEBUG - 1 change detected: {(<Change.modified: 2>, 'E:\\Next JS\\researchbot\\backend\\logs\\research_assistant_20250907_111902.log')}
2025-09-07 11:48:22,571 - DEBUG - 1 change detected: {(<Change.modified: 2>, 'E:\\Next JS\\researchbot\\backend\\logs\\research_assistant_20250907_111902.log')}
2025-09-07 11:48:22,944 - DEBUG - 1 change detected: {(<Change.modified: 2>, 'E:\\Next JS\\researchbot\\backend\\logs\\research_assistant_20250907_111902.log')}
2025-09-07 11:48:23,356 - DEBUG - 1 change detected: {(<Change.modified: 2>, 'E:\\Next JS\\researchbot\\backend\\logs\\research_assistant_20250907_111902.log')}
2025-09-07 11:48:23,773 - DEBUG - 1 change detected: {(<Change.modified: 2>, 'E:\\Next JS\\researchbot\\backend\\logs\\research_assistant_20250907_111902.log')}
2025-09-07 11:48:25,135 - DEBUG - 1 change detected: {(<Change.modified: 2>, 'E:\\Next JS\\researchbot\\backend\\logs\\research_assistant_20250907_111902.log')}
2025-09-07 11:48:25,748 - DEBUG - 1 change detected: {(<Change.modified: 2>, 'E:\\Next JS\\researchbot\\backend\\logs\\research_assistant_20250907_111902.log')}
2025-09-07 11:48:26,737 - DEBUG - 1 change detected: {(<Change.modified: 2>, 'E:\\Next JS\\researchbot\\backend\\logs\\research_assistant_20250907_111902.log')}
2025-09-07 11:48:29,494 - DEBUG - 1 change detected: {(<Change.modified: 2>, 'E:\\Next JS\\researchbot\\backend\\logs\\research_assistant_20250907_111902.log')}
2025-09-07 11:48:31,097 - DEBUG - 1 change detected: {(<Change.modified: 2>, 'E:\\Next JS\\researchbot\\backend\\logs\\research_assistant_20250907_111902.log')}
2025-09-07 11:48:32,641 - DEBUG - 1 change detected: {(<Change.modified: 2>, 'E:\\Next JS\\researchbot\\backend\\logs\\research_assistant_20250907_111902.log')}
2025-09-07 11:48:34,561 - DEBUG - 1 change detected: {(<Change.modified: 2>, 'E:\\Next JS\\researchbot\\backend\\logs\\research_assistant_20250907_111902.log')}
2025-09-07 11:48:34,932 - DEBUG - 1 change detected: {(<Change.modified: 2>, 'E:\\Next JS\\researchbot\\backend\\logs\\research_assistant_20250907_111902.log')}
2025-09-07 11:48:35,293 - DEBUG - 1 change detected: {(<Change.modified: 2>, 'E:\\Next JS\\researchbot\\backend\\logs\\research_assistant_20250907_111902.log')}
2025-09-07 11:48:35,720 - DEBUG - 1 change detected: {(<Change.modified: 2>, 'E:\\Next JS\\researchbot\\backend\\logs\\research_assistant_20250907_111902.log')}
2025-09-07 11:48:36,124 - DEBUG - 1 change detected: {(<Change.modified: 2>, 'E:\\Next JS\\researchbot\\backend\\logs\\research_assistant_20250907_111902.log')}
2025-09-07 11:48:36,541 - DEBUG - 1 change detected: {(<Change.modified: 2>, 'E:\\Next JS\\researchbot\\backend\\logs\\research_assistant_20250907_111902.log')}
2025-09-07 11:48:36,908 - DEBUG - 1 change detected: {(<Change.modified: 2>, 'E:\\Next JS\\researchbot\\backend\\logs\\research_assistant_20250907_111902.log')}
2025-09-07 11:48:37,321 - DEBUG - 1 change detected: {(<Change.modified: 2>, 'E:\\Next JS\\researchbot\\backend\\logs\\research_assistant_20250907_111902.log')}
2025-09-07 11:48:37,809 - DEBUG - 1 change detected: {(<Change.modified: 2>, 'E:\\Next JS\\researchbot\\backend\\logs\\research_assistant_20250907_111902.log')}
2025-09-07 11:48:38,423 - DEBUG - 1 change detected: {(<Change.modified: 2>, 'E:\\Next JS\\researchbot\\backend\\logs\\research_assistant_20250907_111902.log')}
2025-09-07 11:48:38,832 - DEBUG - 1 change detected: {(<Change.modified: 2>, 'E:\\Next JS\\researchbot\\backend\\logs\\research_assistant_20250907_111902.log')}
2025-09-07 11:48:39,200 - DEBUG - 1 change detected: {(<Change.modified: 2>, 'E:\\Next JS\\researchbot\\backend\\logs\\research_assistant_20250907_111902.log')}
2025-09-07 11:48:39,620 - DEBUG - 1 change detected: {(<Change.modified: 2>, 'E:\\Next JS\\researchbot\\backend\\logs\\research_assistant_20250907_111902.log')}
2025-09-07 11:48:40,036 - DEBUG - 1 change detected: {(<Change.modified: 2>, 'E:\\Next JS\\researchbot\\backend\\logs\\research_assistant_20250907_111902.log')}
2025-09-07 11:48:40,510 - DEBUG - 1 change detected: {(<Change.modified: 2>, 'E:\\Next JS\\researchbot\\backend\\logs\\research_assistant_20250907_111902.log')}
2025-09-07 11:48:40,919 - DEBUG - 1 change detected: {(<Change.modified: 2>, 'E:\\Next JS\\researchbot\\backend\\logs\\research_assistant_20250907_111902.log')}
2025-09-07 11:48:41,283 - DEBUG - 1 change detected: {(<Change.modified: 2>, 'E:\\Next JS\\researchbot\\backend\\logs\\research_assistant_20250907_111902.log')}
2025-09-07 11:48:41,699 - DEBUG - 1 change detected: {(<Change.modified: 2>, 'E:\\Next JS\\researchbot\\backend\\logs\\research_assistant_20250907_111902.log')}
2025-09-07 11:48:42,117 - DEBUG - 1 change detected: {(<Change.modified: 2>, 'E:\\Next JS\\researchbot\\backend\\logs\\research_assistant_20250907_111902.log')}
2025-09-07 11:48:42,480 - DEBUG - 1 change detected: {(<Change.modified: 2>, 'E:\\Next JS\\researchbot\\backend\\logs\\research_assistant_20250907_111902.log')}
2025-09-07 11:48:42,886 - DEBUG - 1 change detected: {(<Change.modified: 2>, 'E:\\Next JS\\researchbot\\backend\\logs\\research_assistant_20250907_111902.log')}
2025-09-07 11:48:43,363 - DEBUG - 1 change detected: {(<Change.modified: 2>, 'E:\\Next JS\\researchbot\\backend\\logs\\research_assistant_20250907_111902.log')}
2025-09-07 11:48:43,841 - DEBUG - 1 change detected: {(<Change.modified: 2>, 'E:\\Next JS\\researchbot\\backend\\logs\\research_assistant_20250907_111902.log')}
2025-09-07 11:48:44,249 - DEBUG - 1 change detected: {(<Change.modified: 2>, 'E:\\Next JS\\researchbot\\backend\\logs\\research_assistant_20250907_111902.log')}
2025-09-07 11:48:44,719 - DEBUG - 1 change detected: {(<Change.modified: 2>, 'E:\\Next JS\\researchbot\\backend\\logs\\research_assistant_20250907_111902.log')}
2025-09-07 11:48:45,127 - DEBUG - 1 change detected: {(<Change.modified: 2>, 'E:\\Next JS\\researchbot\\backend\\logs\\research_assistant_20250907_111902.log')}
2025-09-07 11:48:45,543 - DEBUG - 1 change detected: {(<Change.modified: 2>, 'E:\\Next JS\\researchbot\\backend\\logs\\research_assistant_20250907_111902.log')}
2025-09-07 11:48:46,907 - DEBUG - 1 change detected: {(<Change.modified: 2>, 'E:\\Next JS\\researchbot\\backend\\logs\\research_assistant_20250907_111902.log')}
2025-09-07 11:48:47,278 - DEBUG - 1 change detected: {(<Change.modified: 2>, 'E:\\Next JS\\researchbot\\backend\\logs\\research_assistant_20250907_111902.log')}
2025-09-07 11:48:47,689 - DEBUG - 1 change detected: {(<Change.modified: 2>, 'E:\\Next JS\\researchbot\\backend\\logs\\research_assistant_20250907_111902.log')}
2025-09-07 11:48:48,096 - DEBUG - 1 change detected: {(<Change.modified: 2>, 'E:\\Next JS\\researchbot\\backend\\logs\\research_assistant_20250907_111902.log')}
2025-09-07 11:48:48,868 - DEBUG - 1 change detected: {(<Change.modified: 2>, 'E:\\Next JS\\researchbot\\backend\\logs\\research_assistant_20250907_111902.log')}
2025-09-07 11:48:49,240 - DEBUG - 1 change detected: {(<Change.modified: 2>, 'E:\\Next JS\\researchbot\\backend\\logs\\research_assistant_20250907_111902.log')}
2025-09-07 11:48:49,595 - DEBUG - 1 change detected: {(<Change.modified: 2>, 'E:\\Next JS\\researchbot\\backend\\logs\\research_assistant_20250907_111902.log')}
2025-09-07 11:48:50,008 - DEBUG - 1 change detected: {(<Change.modified: 2>, 'E:\\Next JS\\researchbot\\backend\\logs\\research_assistant_20250907_111902.log')}
2025-09-07 11:48:50,434 - DEBUG - 1 change detected: {(<Change.modified: 2>, 'E:\\Next JS\\researchbot\\backend\\logs\\research_assistant_20250907_111902.log')}
2025-09-07 11:48:50,792 - DEBUG - 1 change detected: {(<Change.modified: 2>, 'E:\\Next JS\\researchbot\\backend\\logs\\research_assistant_20250907_111902.log')}
2025-09-07 11:48:51,225 - DEBUG - 1 change detected: {(<Change.modified: 2>, 'E:\\Next JS\\researchbot\\backend\\logs\\research_assistant_20250907_111902.log')}
2025-09-07 11:48:51,637 - DEBUG - 1 change detected: {(<Change.modified: 2>, 'E:\\Next JS\\researchbot\\backend\\logs\\research_assistant_20250907_111902.log')}
2025-09-07 11:48:52,041 - DEBUG - 1 change detected: {(<Change.modified: 2>, 'E:\\Next JS\\researchbot\\backend\\logs\\research_assistant_20250907_111902.log')}
2025-09-07 11:48:52,459 - DEBUG - 1 change detected: {(<Change.modified: 2>, 'E:\\Next JS\\researchbot\\backend\\logs\\research_assistant_20250907_111902.log')}
2025-09-07 11:48:52,865 - DEBUG - 1 change detected: {(<Change.modified: 2>, 'E:\\Next JS\\researchbot\\backend\\logs\\research_assistant_20250907_111902.log')}
2025-09-07 11:48:53,237 - DEBUG - 1 change detected: {(<Change.modified: 2>, 'E:\\Next JS\\researchbot\\backend\\logs\\research_assistant_20250907_111902.log')}
2025-09-07 11:48:53,651 - DEBUG - 1 change detected: {(<Change.modified: 2>, 'E:\\Next JS\\researchbot\\backend\\logs\\research_assistant_20250907_111902.log')}
2025-09-07 11:48:54,052 - DEBUG - 1 change detected: {(<Change.modified: 2>, 'E:\\Next JS\\researchbot\\backend\\logs\\research_assistant_20250907_111902.log')}
2025-09-07 11:48:54,471 - DEBUG - 1 change detected: {(<Change.modified: 2>, 'E:\\Next JS\\researchbot\\backend\\logs\\research_assistant_20250907_111902.log')}
2025-09-07 11:48:54,892 - DEBUG - 1 change detected: {(<Change.modified: 2>, 'E:\\Next JS\\researchbot\\backend\\logs\\research_assistant_20250907_111902.log')}
2025-09-07 11:48:55,305 - DEBUG - 1 change detected: {(<Change.modified: 2>, 'E:\\Next JS\\researchbot\\backend\\logs\\research_assistant_20250907_111902.log')}
2025-09-07 11:48:55,725 - DEBUG - 1 change detected: {(<Change.modified: 2>, 'E:\\Next JS\\researchbot\\backend\\logs\\research_assistant_20250907_111902.log')}
2025-09-07 11:48:56,286 - DEBUG - 1 change detected: {(<Change.modified: 2>, 'E:\\Next JS\\researchbot\\backend\\logs\\research_assistant_20250907_111902.log')}
2025-09-07 11:48:56,703 - DEBUG - 1 change detected: {(<Change.modified: 2>, 'E:\\Next JS\\researchbot\\backend\\logs\\research_assistant_20250907_111902.log')}
2025-09-07 11:48:57,113 - DEBUG - 1 change detected: {(<Change.modified: 2>, 'E:\\Next JS\\researchbot\\backend\\logs\\research_assistant_20250907_111902.log')}
2025-09-07 11:48:57,527 - DEBUG - 1 change detected: {(<Change.modified: 2>, 'E:\\Next JS\\researchbot\\backend\\logs\\research_assistant_20250907_111902.log')}
2025-09-07 11:48:57,941 - DEBUG - 1 change detected: {(<Change.modified: 2>, 'E:\\Next JS\\researchbot\\backend\\logs\\research_assistant_20250907_111902.log')}
2025-09-07 11:48:58,319 - DEBUG - 1 change detected: {(<Change.modified: 2>, 'E:\\Next JS\\researchbot\\backend\\logs\\research_assistant_20250907_111902.log')}
2025-09-07 11:48:58,795 - DEBUG - 1 change detected: {(<Change.modified: 2>, 'E:\\Next JS\\researchbot\\backend\\logs\\research_assistant_20250907_111902.log')}
2025-09-07 11:48:59,200 - DEBUG - 1 change detected: {(<Change.modified: 2>, 'E:\\Next JS\\researchbot\\backend\\logs\\research_assistant_20250907_111902.log')}
2025-09-07 11:48:59,610 - DEBUG - 1 change detected: {(<Change.modified: 2>, 'E:\\Next JS\\researchbot\\backend\\logs\\research_assistant_20250907_111902.log')}
2025-09-07 11:49:00,161 - DEBUG - 1 change detected: {(<Change.modified: 2>, 'E:\\Next JS\\researchbot\\backend\\logs\\research_assistant_20250907_111902.log')}
2025-09-07 11:49:00,678 - DEBUG - 1 change detected: {(<Change.modified: 2>, 'E:\\Next JS\\researchbot\\backend\\logs\\research_assistant_20250907_111902.log')}
2025-09-07 11:49:01,138 - DEBUG - 1 change detected: {(<Change.modified: 2>, 'E:\\Next JS\\researchbot\\backend\\logs\\research_assistant_20250907_111902.log')}
2025-09-07 11:49:01,557 - DEBUG - 1 change detected: {(<Change.modified: 2>, 'E:\\Next JS\\researchbot\\backend\\logs\\research_assistant_20250907_111902.log')}
2025-09-07 11:49:02,101 - DEBUG - 1 change detected: {(<Change.modified: 2>, 'E:\\Next JS\\researchbot\\backend\\logs\\research_assistant_20250907_111902.log')}
2025-09-07 11:49:02,561 - DEBUG - 1 change detected: {(<Change.modified: 2>, 'E:\\Next JS\\researchbot\\backend\\logs\\research_assistant_20250907_111902.log')}
2025-09-07 11:49:03,046 - DEBUG - 1 change detected: {(<Change.modified: 2>, 'E:\\Next JS\\researchbot\\backend\\logs\\research_assistant_20250907_111902.log')}
2025-09-07 11:49:03,527 - DEBUG - 1 change detected: {(<Change.modified: 2>, 'E:\\Next JS\\researchbot\\backend\\logs\\research_assistant_20250907_111902.log')}
2025-09-07 11:49:03,983 - DEBUG - 1 change detected: {(<Change.modified: 2>, 'E:\\Next JS\\researchbot\\backend\\logs\\research_assistant_20250907_111902.log')}
2025-09-07 11:49:04,344 - DEBUG - 1 change detected: {(<Change.modified: 2>, 'E:\\Next JS\\researchbot\\backend\\logs\\research_assistant_20250907_111902.log')}
2025-09-07 11:49:04,770 - DEBUG - 1 change detected: {(<Change.modified: 2>, 'E:\\Next JS\\researchbot\\backend\\logs\\research_assistant_20250907_111902.log')}
2025-09-07 11:49:05,245 - DEBUG - 1 change detected: {(<Change.modified: 2>, 'E:\\Next JS\\researchbot\\backend\\logs\\research_assistant_20250907_111902.log')}
2025-09-07 11:49:05,662 - DEBUG - 1 change detected: {(<Change.modified: 2>, 'E:\\Next JS\\researchbot\\backend\\logs\\research_assistant_20250907_111902.log')}
2025-09-07 11:49:06,089 - DEBUG - 1 change detected: {(<Change.modified: 2>, 'E:\\Next JS\\researchbot\\backend\\logs\\research_assistant_20250907_111902.log')}
2025-09-07 11:49:06,559 - DEBUG - 1 change detected: {(<Change.modified: 2>, 'E:\\Next JS\\researchbot\\backend\\logs\\research_assistant_20250907_111902.log')}
2025-09-07 11:49:06,984 - DEBUG - 1 change detected: {(<Change.modified: 2>, 'E:\\Next JS\\researchbot\\backend\\logs\\research_assistant_20250907_111902.log')}
2025-09-07 11:49:07,393 - DEBUG - 1 change detected: {(<Change.modified: 2>, 'E:\\Next JS\\researchbot\\backend\\logs\\research_assistant_20250907_111902.log')}
2025-09-07 11:49:07,816 - DEBUG - 1 change detected: {(<Change.modified: 2>, 'E:\\Next JS\\researchbot\\backend\\logs\\research_assistant_20250907_111902.log')}
2025-09-07 11:49:08,189 - DEBUG - 1 change detected: {(<Change.modified: 2>, 'E:\\Next JS\\researchbot\\backend\\logs\\research_assistant_20250907_111902.log')}
2025-09-07 11:49:08,600 - DEBUG - 1 change detected: {(<Change.modified: 2>, 'E:\\Next JS\\researchbot\\backend\\logs\\research_assistant_20250907_111902.log')}
2025-09-07 11:49:09,014 - DEBUG - 1 change detected: {(<Change.modified: 2>, 'E:\\Next JS\\researchbot\\backend\\logs\\research_assistant_20250907_111902.log')}
2025-09-07 11:49:09,384 - DEBUG - 1 change detected: {(<Change.modified: 2>, 'E:\\Next JS\\researchbot\\backend\\logs\\research_assistant_20250907_111902.log')}
2025-09-07 11:49:09,847 - DEBUG - 1 change detected: {(<Change.modified: 2>, 'E:\\Next JS\\researchbot\\backend\\logs\\research_assistant_20250907_111902.log')}
2025-09-07 11:49:10,825 - DEBUG - 1 change detected: {(<Change.modified: 2>, 'E:\\Next JS\\researchbot\\backend\\logs\\research_assistant_20250907_111902.log')}
2025-09-07 11:49:11,186 - DEBUG - 1 change detected: {(<Change.modified: 2>, 'E:\\Next JS\\researchbot\\backend\\logs\\research_assistant_20250907_111902.log')}
2025-09-07 11:49:11,596 - DEBUG - 1 change detected: {(<Change.modified: 2>, 'E:\\Next JS\\researchbot\\backend\\logs\\research_assistant_20250907_111902.log')}
2025-09-07 11:49:12,006 - DEBUG - 1 change detected: {(<Change.modified: 2>, 'E:\\Next JS\\researchbot\\backend\\logs\\research_assistant_20250907_111902.log')}
2025-09-07 11:49:12,536 - DEBUG - 1 change detected: {(<Change.modified: 2>, 'E:\\Next JS\\researchbot\\backend\\logs\\research_assistant_20250907_111902.log')}
2025-09-07 11:49:12,996 - DEBUG - 1 change detected: {(<Change.modified: 2>, 'E:\\Next JS\\researchbot\\backend\\logs\\research_assistant_20250907_111902.log')}
2025-09-07 11:49:13,408 - DEBUG - 1 change detected: {(<Change.modified: 2>, 'E:\\Next JS\\researchbot\\backend\\logs\\research_assistant_20250907_111902.log')}
2025-09-07 11:49:13,988 - DEBUG - 1 change detected: {(<Change.modified: 2>, 'E:\\Next JS\\researchbot\\backend\\logs\\research_assistant_20250907_111902.log')}
2025-09-07 11:49:14,355 - DEBUG - 1 change detected: {(<Change.modified: 2>, 'E:\\Next JS\\researchbot\\backend\\logs\\research_assistant_20250907_111902.log')}
2025-09-07 11:49:14,708 - DEBUG - 1 change detected: {(<Change.modified: 2>, 'E:\\Next JS\\researchbot\\backend\\logs\\research_assistant_20250907_111902.log')}
2025-09-07 11:49:15,127 - DEBUG - 1 change detected: {(<Change.modified: 2>, 'E:\\Next JS\\researchbot\\backend\\logs\\research_assistant_20250907_111902.log')}
2025-09-07 11:49:15,543 - DEBUG - 1 change detected: {(<Change.modified: 2>, 'E:\\Next JS\\researchbot\\backend\\logs\\research_assistant_20250907_111902.log')}
2025-09-07 11:49:15,921 - DEBUG - 1 change detected: {(<Change.modified: 2>, 'E:\\Next JS\\researchbot\\backend\\logs\\research_assistant_20250907_111902.log')}
2025-09-07 11:49:16,323 - DEBUG - 1 change detected: {(<Change.modified: 2>, 'E:\\Next JS\\researchbot\\backend\\logs\\research_assistant_20250907_111902.log')}
2025-09-07 11:49:16,796 - DEBUG - 1 change detected: {(<Change.modified: 2>, 'E:\\Next JS\\researchbot\\backend\\logs\\research_assistant_20250907_111902.log')}
2025-09-07 11:49:17,220 - DEBUG - 1 change detected: {(<Change.modified: 2>, 'E:\\Next JS\\researchbot\\backend\\logs\\research_assistant_20250907_111902.log')}
2025-09-07 11:49:17,629 - DEBUG - 1 change detected: {(<Change.modified: 2>, 'E:\\Next JS\\researchbot\\backend\\logs\\research_assistant_20250907_111902.log')}
2025-09-07 11:49:18,073 - DEBUG - 1 change detected: {(<Change.modified: 2>, 'E:\\Next JS\\researchbot\\backend\\logs\\research_assistant_20250907_111902.log')}
2025-09-07 11:49:18,436 - DEBUG - 1 change detected: {(<Change.modified: 2>, 'E:\\Next JS\\researchbot\\backend\\logs\\research_assistant_20250907_111902.log')}
2025-09-07 11:49:18,855 - DEBUG - 1 change detected: {(<Change.modified: 2>, 'E:\\Next JS\\researchbot\\backend\\logs\\research_assistant_20250907_111902.log')}
2025-09-07 11:49:19,267 - DEBUG - 1 change detected: {(<Change.modified: 2>, 'E:\\Next JS\\researchbot\\backend\\logs\\research_assistant_20250907_111902.log')}
2025-09-07 11:49:19,699 - DEBUG - 1 change detected: {(<Change.modified: 2>, 'E:\\Next JS\\researchbot\\backend\\logs\\research_assistant_20250907_111902.log')}
2025-09-07 11:49:20,069 - DEBUG - 1 change detected: {(<Change.modified: 2>, 'E:\\Next JS\\researchbot\\backend\\logs\\research_assistant_20250907_111902.log')}
2025-09-07 11:49:20,498 - DEBUG - 1 change detected: {(<Change.modified: 2>, 'E:\\Next JS\\researchbot\\backend\\logs\\research_assistant_20250907_111902.log')}
2025-09-07 11:49:20,863 - DEBUG - 1 change detected: {(<Change.modified: 2>, 'E:\\Next JS\\researchbot\\backend\\logs\\research_assistant_20250907_111902.log')}
2025-09-07 11:49:21,289 - DEBUG - 1 change detected: {(<Change.modified: 2>, 'E:\\Next JS\\researchbot\\backend\\logs\\research_assistant_20250907_111902.log')}
2025-09-07 11:49:21,721 - DEBUG - 1 change detected: {(<Change.modified: 2>, 'E:\\Next JS\\researchbot\\backend\\logs\\research_assistant_20250907_111902.log')}
2025-09-07 11:49:22,089 - DEBUG - 1 change detected: {(<Change.modified: 2>, 'E:\\Next JS\\researchbot\\backend\\logs\\research_assistant_20250907_111902.log')}
2025-09-07 11:49:22,562 - DEBUG - 1 change detected: {(<Change.modified: 2>, 'E:\\Next JS\\researchbot\\backend\\logs\\research_assistant_20250907_111902.log')}
2025-09-07 11:49:22,955 - DEBUG - 1 change detected: {(<Change.modified: 2>, 'E:\\Next JS\\researchbot\\backend\\logs\\research_assistant_20250907_111902.log')}
2025-09-07 11:49:23,378 - DEBUG - 1 change detected: {(<Change.modified: 2>, 'E:\\Next JS\\researchbot\\backend\\logs\\research_assistant_20250907_111902.log')}
2025-09-07 11:49:23,858 - DEBUG - 1 change detected: {(<Change.modified: 2>, 'E:\\Next JS\\researchbot\\backend\\logs\\research_assistant_20250907_111902.log')}
2025-09-07 11:49:24,276 - DEBUG - 1 change detected: {(<Change.modified: 2>, 'E:\\Next JS\\researchbot\\backend\\logs\\research_assistant_20250907_111902.log')}
2025-09-07 11:49:24,647 - DEBUG - 1 change detected: {(<Change.modified: 2>, 'E:\\Next JS\\researchbot\\backend\\logs\\research_assistant_20250907_111902.log')}
2025-09-07 11:49:25,053 - DEBUG - 1 change detected: {(<Change.modified: 2>, 'E:\\Next JS\\researchbot\\backend\\logs\\research_assistant_20250907_111902.log')}
2025-09-07 11:49:25,467 - DEBUG - 1 change detected: {(<Change.modified: 2>, 'E:\\Next JS\\researchbot\\backend\\logs\\research_assistant_20250907_111902.log')}
2025-09-07 11:49:25,875 - DEBUG - 1 change detected: {(<Change.modified: 2>, 'E:\\Next JS\\researchbot\\backend\\logs\\research_assistant_20250907_111902.log')}
2025-09-07 11:49:26,247 - DEBUG - 1 change detected: {(<Change.modified: 2>, 'E:\\Next JS\\researchbot\\backend\\logs\\research_assistant_20250907_111902.log')}
2025-09-07 11:49:26,675 - DEBUG - 1 change detected: {(<Change.modified: 2>, 'E:\\Next JS\\researchbot\\backend\\logs\\research_assistant_20250907_111902.log')}
2025-09-07 11:49:27,042 - DEBUG - 1 change detected: {(<Change.modified: 2>, 'E:\\Next JS\\researchbot\\backend\\logs\\research_assistant_20250907_111902.log')}
2025-09-07 11:49:27,457 - DEBUG - 1 change detected: {(<Change.modified: 2>, 'E:\\Next JS\\researchbot\\backend\\logs\\research_assistant_20250907_111902.log')}
2025-09-07 11:49:27,874 - DEBUG - 1 change detected: {(<Change.modified: 2>, 'E:\\Next JS\\researchbot\\backend\\logs\\research_assistant_20250907_111902.log')}
2025-09-07 11:49:28,239 - DEBUG - 1 change detected: {(<Change.modified: 2>, 'E:\\Next JS\\researchbot\\backend\\logs\\research_assistant_20250907_111902.log')}
2025-09-07 11:49:28,652 - DEBUG - 1 change detected: {(<Change.modified: 2>, 'E:\\Next JS\\researchbot\\backend\\logs\\research_assistant_20250907_111902.log')}
2025-09-07 11:49:29,058 - DEBUG - 1 change detected: {(<Change.modified: 2>, 'E:\\Next JS\\researchbot\\backend\\logs\\research_assistant_20250907_111902.log')}
2025-09-07 11:49:29,530 - DEBUG - 1 change detected: {(<Change.modified: 2>, 'E:\\Next JS\\researchbot\\backend\\logs\\research_assistant_20250907_111902.log')}
2025-09-07 11:49:29,997 - DEBUG - 1 change detected: {(<Change.modified: 2>, 'E:\\Next JS\\researchbot\\backend\\logs\\research_assistant_20250907_111902.log')}
2025-09-07 11:49:30,409 - DEBUG - 1 change detected: {(<Change.modified: 2>, 'E:\\Next JS\\researchbot\\backend\\logs\\research_assistant_20250907_111902.log')}
2025-09-07 11:49:30,870 - DEBUG - 1 change detected: {(<Change.modified: 2>, 'E:\\Next JS\\researchbot\\backend\\logs\\research_assistant_20250907_111902.log')}
2025-09-07 11:49:31,281 - DEBUG - 1 change detected: {(<Change.modified: 2>, 'E:\\Next JS\\researchbot\\backend\\logs\\research_assistant_20250907_111902.log')}
2025-09-07 11:49:31,702 - DEBUG - 1 change detected: {(<Change.modified: 2>, 'E:\\Next JS\\researchbot\\backend\\logs\\research_assistant_20250907_111902.log')}
2025-09-07 11:49:32,119 - DEBUG - 1 change detected: {(<Change.modified: 2>, 'E:\\Next JS\\researchbot\\backend\\logs\\research_assistant_20250907_111902.log')}
2025-09-07 11:49:32,533 - DEBUG - 1 change detected: {(<Change.modified: 2>, 'E:\\Next JS\\researchbot\\backend\\logs\\research_assistant_20250907_111902.log')}
2025-09-07 11:49:32,960 - DEBUG - 1 change detected: {(<Change.modified: 2>, 'E:\\Next JS\\researchbot\\backend\\logs\\research_assistant_20250907_111902.log')}
2025-09-07 11:49:33,367 - DEBUG - 1 change detected: {(<Change.modified: 2>, 'E:\\Next JS\\researchbot\\backend\\logs\\research_assistant_20250907_111902.log')}
2025-09-07 11:49:33,886 - DEBUG - 1 change detected: {(<Change.modified: 2>, 'E:\\Next JS\\researchbot\\backend\\logs\\research_assistant_20250907_111902.log')}
2025-09-07 11:49:34,344 - DEBUG - 1 change detected: {(<Change.modified: 2>, 'E:\\Next JS\\researchbot\\backend\\logs\\research_assistant_20250907_111902.log')}
2025-09-07 11:49:34,762 - DEBUG - 1 change detected: {(<Change.modified: 2>, 'E:\\Next JS\\researchbot\\backend\\logs\\research_assistant_20250907_111902.log')}
2025-09-07 11:49:35,211 - DEBUG - 1 change detected: {(<Change.modified: 2>, 'E:\\Next JS\\researchbot\\backend\\logs\\research_assistant_20250907_111902.log')}
2025-09-07 11:49:35,752 - DEBUG - 1 change detected: {(<Change.modified: 2>, 'E:\\Next JS\\researchbot\\backend\\logs\\research_assistant_20250907_111902.log')}
2025-09-07 11:49:36,239 - DEBUG - 1 change detected: {(<Change.modified: 2>, 'E:\\Next JS\\researchbot\\backend\\logs\\research_assistant_20250907_111902.log')}
2025-09-07 11:49:36,735 - DEBUG - 1 change detected: {(<Change.modified: 2>, 'E:\\Next JS\\researchbot\\backend\\logs\\research_assistant_20250907_111902.log')}
2025-09-07 11:49:37,336 - DEBUG - 1 change detected: {(<Change.modified: 2>, 'E:\\Next JS\\researchbot\\backend\\logs\\research_assistant_20250907_111902.log')}
2025-09-07 11:49:38,219 - DEBUG - 1 change detected: {(<Change.modified: 2>, 'E:\\Next JS\\researchbot\\backend\\logs\\research_assistant_20250907_111902.log')}
2025-09-07 11:49:39,269 - DEBUG - 1 change detected: {(<Change.modified: 2>, 'E:\\Next JS\\researchbot\\backend\\logs\\research_assistant_20250907_111902.log')}
2025-09-07 11:49:41,108 - DEBUG - 1 change detected: {(<Change.modified: 2>, 'E:\\Next JS\\researchbot\\backend\\logs\\research_assistant_20250907_111902.log')}
2025-09-07 11:49:41,496 - DEBUG - 1 change detected: {(<Change.modified: 2>, 'E:\\Next JS\\researchbot\\backend\\logs\\research_assistant_20250907_111902.log')}
2025-09-07 11:49:42,958 - DEBUG - 1 change detected: {(<Change.modified: 2>, 'E:\\Next JS\\researchbot\\backend\\logs\\research_assistant_20250907_111902.log')}
2025-09-07 11:49:43,962 - DEBUG - 1 change detected: {(<Change.modified: 2>, 'E:\\Next JS\\researchbot\\backend\\logs\\research_assistant_20250907_111902.log')}
2025-09-07 11:49:44,834 - DEBUG - 1 change detected: {(<Change.modified: 2>, 'E:\\Next JS\\researchbot\\backend\\logs\\research_assistant_20250907_111902.log')}
2025-09-07 11:49:45,559 - DEBUG - 1 change detected: {(<Change.modified: 2>, 'E:\\Next JS\\researchbot\\backend\\logs\\research_assistant_20250907_111902.log')}
2025-09-07 11:49:46,812 - DEBUG - 1 change detected: {(<Change.modified: 2>, 'E:\\Next JS\\researchbot\\backend\\logs\\research_assistant_20250907_111902.log')}
2025-09-07 11:49:49,044 - DEBUG - 1 change detected: {(<Change.modified: 2>, 'E:\\Next JS\\researchbot\\backend\\logs\\research_assistant_20250907_111902.log')}
2025-09-07 11:49:49,409 - DEBUG - 1 change detected: {(<Change.modified: 2>, 'E:\\Next JS\\researchbot\\backend\\logs\\research_assistant_20250907_111902.log')}
2025-09-07 11:49:49,769 - DEBUG - 1 change detected: {(<Change.modified: 2>, 'E:\\Next JS\\researchbot\\backend\\logs\\research_assistant_20250907_111902.log')}
2025-09-07 11:49:50,151 - DEBUG - 1 change detected: {(<Change.modified: 2>, 'E:\\Next JS\\researchbot\\backend\\logs\\research_assistant_20250907_111902.log')}
2025-09-07 11:49:50,574 - DEBUG - 1 change detected: {(<Change.modified: 2>, 'E:\\Next JS\\researchbot\\backend\\logs\\research_assistant_20250907_111902.log')}
2025-09-07 11:49:50,956 - DEBUG - 1 change detected: {(<Change.modified: 2>, 'E:\\Next JS\\researchbot\\backend\\logs\\research_assistant_20250907_111902.log')}
2025-09-07 11:49:51,361 - DEBUG - 1 change detected: {(<Change.modified: 2>, 'E:\\Next JS\\researchbot\\backend\\logs\\research_assistant_20250907_111902.log')}
2025-09-07 11:49:51,719 - DEBUG - 1 change detected: {(<Change.modified: 2>, 'E:\\Next JS\\researchbot\\backend\\logs\\research_assistant_20250907_111902.log')}
2025-09-07 11:49:52,145 - DEBUG - 1 change detected: {(<Change.modified: 2>, 'E:\\Next JS\\researchbot\\backend\\logs\\research_assistant_20250907_111902.log')}
2025-09-07 11:49:52,567 - DEBUG - 1 change detected: {(<Change.modified: 2>, 'E:\\Next JS\\researchbot\\backend\\logs\\research_assistant_20250907_111902.log')}
2025-09-07 11:49:52,946 - DEBUG - 1 change detected: {(<Change.modified: 2>, 'E:\\Next JS\\researchbot\\backend\\logs\\research_assistant_20250907_111902.log')}
2025-09-07 11:49:53,352 - DEBUG - 1 change detected: {(<Change.modified: 2>, 'E:\\Next JS\\researchbot\\backend\\logs\\research_assistant_20250907_111902.log')}
2025-09-07 11:49:53,715 - DEBUG - 1 change detected: {(<Change.modified: 2>, 'E:\\Next JS\\researchbot\\backend\\logs\\research_assistant_20250907_111902.log')}
2025-09-07 11:49:54,146 - DEBUG - 1 change detected: {(<Change.modified: 2>, 'E:\\Next JS\\researchbot\\backend\\logs\\research_assistant_20250907_111902.log')}
2025-09-07 11:49:54,502 - DEBUG - 1 change detected: {(<Change.modified: 2>, 'E:\\Next JS\\researchbot\\backend\\logs\\research_assistant_20250907_111902.log')}
2025-09-07 11:49:54,921 - DEBUG - 1 change detected: {(<Change.modified: 2>, 'E:\\Next JS\\researchbot\\backend\\logs\\research_assistant_20250907_111902.log')}
2025-09-07 11:49:55,296 - DEBUG - 1 change detected: {(<Change.modified: 2>, 'E:\\Next JS\\researchbot\\backend\\logs\\research_assistant_20250907_111902.log')}
2025-09-07 11:49:55,708 - DEBUG - 1 change detected: {(<Change.modified: 2>, 'E:\\Next JS\\researchbot\\backend\\logs\\research_assistant_20250907_111902.log')}
2025-09-07 11:49:56,111 - DEBUG - 1 change detected: {(<Change.modified: 2>, 'E:\\Next JS\\researchbot\\backend\\logs\\research_assistant_20250907_111902.log')}
2025-09-07 11:49:56,529 - DEBUG - 1 change detected: {(<Change.modified: 2>, 'E:\\Next JS\\researchbot\\backend\\logs\\research_assistant_20250907_111902.log')}
2025-09-07 11:49:56,902 - DEBUG - 1 change detected: {(<Change.modified: 2>, 'E:\\Next JS\\researchbot\\backend\\logs\\research_assistant_20250907_111902.log')}
2025-09-07 11:49:57,318 - DEBUG - 1 change detected: {(<Change.modified: 2>, 'E:\\Next JS\\researchbot\\backend\\logs\\research_assistant_20250907_111902.log')}
2025-09-07 11:49:57,686 - DEBUG - 1 change detected: {(<Change.modified: 2>, 'E:\\Next JS\\researchbot\\backend\\logs\\research_assistant_20250907_111902.log')}
2025-09-07 11:49:58,116 - DEBUG - 1 change detected: {(<Change.modified: 2>, 'E:\\Next JS\\researchbot\\backend\\logs\\research_assistant_20250907_111902.log')}
2025-09-07 11:49:58,487 - DEBUG - 1 change detected: {(<Change.modified: 2>, 'E:\\Next JS\\researchbot\\backend\\logs\\research_assistant_20250907_111902.log')}
2025-09-07 11:49:58,903 - DEBUG - 1 change detected: {(<Change.modified: 2>, 'E:\\Next JS\\researchbot\\backend\\logs\\research_assistant_20250907_111902.log')}
2025-09-07 11:49:59,340 - DEBUG - 1 change detected: {(<Change.modified: 2>, 'E:\\Next JS\\researchbot\\backend\\logs\\research_assistant_20250907_111902.log')}
2025-09-07 11:49:59,709 - DEBUG - 1 change detected: {(<Change.modified: 2>, 'E:\\Next JS\\researchbot\\backend\\logs\\research_assistant_20250907_111902.log')}
2025-09-07 11:50:00,080 - DEBUG - 1 change detected: {(<Change.modified: 2>, 'E:\\Next JS\\researchbot\\backend\\logs\\research_assistant_20250907_111902.log')}
2025-09-07 11:50:00,498 - DEBUG - 1 change detected: {(<Change.modified: 2>, 'E:\\Next JS\\researchbot\\backend\\logs\\research_assistant_20250907_111902.log')}
2025-09-07 11:50:00,912 - DEBUG - 1 change detected: {(<Change.modified: 2>, 'E:\\Next JS\\researchbot\\backend\\logs\\research_assistant_20250907_111902.log')}
2025-09-07 11:50:01,278 - DEBUG - 1 change detected: {(<Change.modified: 2>, 'E:\\Next JS\\researchbot\\backend\\logs\\research_assistant_20250907_111902.log')}
2025-09-07 11:50:01,710 - DEBUG - 1 change detected: {(<Change.modified: 2>, 'E:\\Next JS\\researchbot\\backend\\logs\\research_assistant_20250907_111902.log')}
2025-09-07 11:50:02,087 - DEBUG - 1 change detected: {(<Change.modified: 2>, 'E:\\Next JS\\researchbot\\backend\\logs\\research_assistant_20250907_111902.log')}
2025-09-07 11:50:02,520 - DEBUG - 1 change detected: {(<Change.modified: 2>, 'E:\\Next JS\\researchbot\\backend\\logs\\research_assistant_20250907_111902.log')}
2025-09-07 11:50:02,929 - DEBUG - 1 change detected: {(<Change.modified: 2>, 'E:\\Next JS\\researchbot\\backend\\logs\\research_assistant_20250907_111902.log')}
2025-09-07 11:50:03,290 - DEBUG - 1 change detected: {(<Change.modified: 2>, 'E:\\Next JS\\researchbot\\backend\\logs\\research_assistant_20250907_111902.log')}
2025-09-07 11:50:03,707 - DEBUG - 1 change detected: {(<Change.modified: 2>, 'E:\\Next JS\\researchbot\\backend\\logs\\research_assistant_20250907_111902.log')}
2025-09-07 11:50:04,139 - DEBUG - 1 change detected: {(<Change.modified: 2>, 'E:\\Next JS\\researchbot\\backend\\logs\\research_assistant_20250907_111902.log')}
2025-09-07 11:50:04,517 - DEBUG - 1 change detected: {(<Change.modified: 2>, 'E:\\Next JS\\researchbot\\backend\\logs\\research_assistant_20250907_111902.log')}
2025-09-07 11:50:04,942 - DEBUG - 1 change detected: {(<Change.modified: 2>, 'E:\\Next JS\\researchbot\\backend\\logs\\research_assistant_20250907_111902.log')}
2025-09-07 11:50:05,378 - DEBUG - 1 change detected: {(<Change.modified: 2>, 'E:\\Next JS\\researchbot\\backend\\logs\\research_assistant_20250907_111902.log')}
2025-09-07 11:50:05,731 - DEBUG - 1 change detected: {(<Change.modified: 2>, 'E:\\Next JS\\researchbot\\backend\\logs\\research_assistant_20250907_111902.log')}
2025-09-07 11:50:06,156 - DEBUG - 1 change detected: {(<Change.modified: 2>, 'E:\\Next JS\\researchbot\\backend\\logs\\research_assistant_20250907_111902.log')}
2025-09-07 11:50:06,532 - DEBUG - 1 change detected: {(<Change.modified: 2>, 'E:\\Next JS\\researchbot\\backend\\logs\\research_assistant_20250907_111902.log')}
2025-09-07 11:50:06,948 - DEBUG - 1 change detected: {(<Change.modified: 2>, 'E:\\Next JS\\researchbot\\backend\\logs\\research_assistant_20250907_111902.log')}
2025-09-07 11:50:07,374 - DEBUG - 1 change detected: {(<Change.modified: 2>, 'E:\\Next JS\\researchbot\\backend\\logs\\research_assistant_20250907_111902.log')}
2025-09-07 11:50:07,796 - DEBUG - 1 change detected: {(<Change.modified: 2>, 'E:\\Next JS\\researchbot\\backend\\logs\\research_assistant_20250907_111902.log')}
2025-09-07 11:50:08,163 - DEBUG - 1 change detected: {(<Change.modified: 2>, 'E:\\Next JS\\researchbot\\backend\\logs\\research_assistant_20250907_111902.log')}
2025-09-07 11:50:08,599 - DEBUG - 1 change detected: {(<Change.modified: 2>, 'E:\\Next JS\\researchbot\\backend\\logs\\research_assistant_20250907_111902.log')}
2025-09-07 11:50:08,966 - DEBUG - 1 change detected: {(<Change.modified: 2>, 'E:\\Next JS\\researchbot\\backend\\logs\\research_assistant_20250907_111902.log')}
2025-09-07 11:50:09,395 - DEBUG - 1 change detected: {(<Change.modified: 2>, 'E:\\Next JS\\researchbot\\backend\\logs\\research_assistant_20250907_111902.log')}
2025-09-07 11:50:09,804 - DEBUG - 1 change detected: {(<Change.modified: 2>, 'E:\\Next JS\\researchbot\\backend\\logs\\research_assistant_20250907_111902.log')}
2025-09-07 11:50:10,251 - DEBUG - 1 change detected: {(<Change.modified: 2>, 'E:\\Next JS\\researchbot\\backend\\logs\\research_assistant_20250907_111902.log')}
2025-09-07 11:50:10,780 - DEBUG - 1 change detected: {(<Change.modified: 2>, 'E:\\Next JS\\researchbot\\backend\\logs\\research_assistant_20250907_111902.log')}
2025-09-07 11:50:11,222 - DEBUG - 1 change detected: {(<Change.modified: 2>, 'E:\\Next JS\\researchbot\\backend\\logs\\research_assistant_20250907_111902.log')}
2025-09-07 11:50:11,682 - DEBUG - 1 change detected: {(<Change.modified: 2>, 'E:\\Next JS\\researchbot\\backend\\logs\\research_assistant_20250907_111902.log')}
2025-09-07 11:50:12,069 - DEBUG - 1 change detected: {(<Change.modified: 2>, 'E:\\Next JS\\researchbot\\backend\\logs\\research_assistant_20250907_111902.log')}
2025-09-07 11:50:12,515 - DEBUG - 1 change detected: {(<Change.modified: 2>, 'E:\\Next JS\\researchbot\\backend\\logs\\research_assistant_20250907_111902.log')}
2025-09-07 11:50:12,932 - DEBUG - 1 change detected: {(<Change.modified: 2>, 'E:\\Next JS\\researchbot\\backend\\logs\\research_assistant_20250907_111902.log')}
2025-09-07 11:50:13,300 - DEBUG - 1 change detected: {(<Change.modified: 2>, 'E:\\Next JS\\researchbot\\backend\\logs\\research_assistant_20250907_111902.log')}
2025-09-07 11:50:13,719 - DEBUG - 1 change detected: {(<Change.modified: 2>, 'E:\\Next JS\\researchbot\\backend\\logs\\research_assistant_20250907_111902.log')}
2025-09-07 11:50:14,128 - DEBUG - 1 change detected: {(<Change.modified: 2>, 'E:\\Next JS\\researchbot\\backend\\logs\\research_assistant_20250907_111902.log')}
2025-09-07 11:50:14,497 - DEBUG - 1 change detected: {(<Change.modified: 2>, 'E:\\Next JS\\researchbot\\backend\\logs\\research_assistant_20250907_111902.log')}
2025-09-07 11:50:14,925 - DEBUG - 1 change detected: {(<Change.modified: 2>, 'E:\\Next JS\\researchbot\\backend\\logs\\research_assistant_20250907_111902.log')}
2025-09-07 11:50:15,300 - DEBUG - 1 change detected: {(<Change.modified: 2>, 'E:\\Next JS\\researchbot\\backend\\logs\\research_assistant_20250907_111902.log')}
2025-09-07 11:50:15,718 - DEBUG - 1 change detected: {(<Change.modified: 2>, 'E:\\Next JS\\researchbot\\backend\\logs\\research_assistant_20250907_111902.log')}
2025-09-07 11:50:16,091 - DEBUG - 1 change detected: {(<Change.modified: 2>, 'E:\\Next JS\\researchbot\\backend\\logs\\research_assistant_20250907_111902.log')}
2025-09-07 11:50:16,514 - DEBUG - 1 change detected: {(<Change.modified: 2>, 'E:\\Next JS\\researchbot\\backend\\logs\\research_assistant_20250907_111902.log')}
2025-09-07 11:50:16,945 - DEBUG - 1 change detected: {(<Change.modified: 2>, 'E:\\Next JS\\researchbot\\backend\\logs\\research_assistant_20250907_111902.log')}
2025-09-07 11:50:17,306 - DEBUG - 1 change detected: {(<Change.modified: 2>, 'E:\\Next JS\\researchbot\\backend\\logs\\research_assistant_20250907_111902.log')}
2025-09-07 11:50:17,724 - DEBUG - 1 change detected: {(<Change.modified: 2>, 'E:\\Next JS\\researchbot\\backend\\logs\\research_assistant_20250907_111902.log')}
2025-09-07 11:50:18,085 - DEBUG - 1 change detected: {(<Change.modified: 2>, 'E:\\Next JS\\researchbot\\backend\\logs\\research_assistant_20250907_111902.log')}
2025-09-07 11:50:18,511 - DEBUG - 1 change detected: {(<Change.modified: 2>, 'E:\\Next JS\\researchbot\\backend\\logs\\research_assistant_20250907_111902.log')}
2025-09-07 11:50:18,890 - DEBUG - 1 change detected: {(<Change.modified: 2>, 'E:\\Next JS\\researchbot\\backend\\logs\\research_assistant_20250907_111902.log')}
2025-09-07 11:50:19,305 - DEBUG - 1 change detected: {(<Change.modified: 2>, 'E:\\Next JS\\researchbot\\backend\\logs\\research_assistant_20250907_111902.log')}
2025-09-07 11:50:19,675 - DEBUG - 1 change detected: {(<Change.modified: 2>, 'E:\\Next JS\\researchbot\\backend\\logs\\research_assistant_20250907_111902.log')}
2025-09-07 11:50:20,090 - DEBUG - 1 change detected: {(<Change.modified: 2>, 'E:\\Next JS\\researchbot\\backend\\logs\\research_assistant_20250907_111902.log')}
2025-09-07 11:50:20,498 - DEBUG - 1 change detected: {(<Change.modified: 2>, 'E:\\Next JS\\researchbot\\backend\\logs\\research_assistant_20250907_111902.log')}
2025-09-07 11:50:20,916 - DEBUG - 1 change detected: {(<Change.modified: 2>, 'E:\\Next JS\\researchbot\\backend\\logs\\research_assistant_20250907_111902.log')}
2025-09-07 11:50:21,291 - DEBUG - 1 change detected: {(<Change.modified: 2>, 'E:\\Next JS\\researchbot\\backend\\logs\\research_assistant_20250907_111902.log')}
2025-09-07 11:50:21,707 - DEBUG - 1 change detected: {(<Change.modified: 2>, 'E:\\Next JS\\researchbot\\backend\\logs\\research_assistant_20250907_111902.log')}
2025-09-07 11:50:22,128 - DEBUG - 1 change detected: {(<Change.modified: 2>, 'E:\\Next JS\\researchbot\\backend\\logs\\research_assistant_20250907_111902.log')}
2025-09-07 11:50:22,492 - DEBUG - 1 change detected: {(<Change.modified: 2>, 'E:\\Next JS\\researchbot\\backend\\logs\\research_assistant_20250907_111902.log')}
2025-09-07 11:50:22,918 - DEBUG - 1 change detected: {(<Change.modified: 2>, 'E:\\Next JS\\researchbot\\backend\\logs\\research_assistant_20250907_111902.log')}
2025-09-07 11:50:23,295 - DEBUG - 1 change detected: {(<Change.modified: 2>, 'E:\\Next JS\\researchbot\\backend\\logs\\research_assistant_20250907_111902.log')}
2025-09-07 11:50:23,701 - DEBUG - 1 change detected: {(<Change.modified: 2>, 'E:\\Next JS\\researchbot\\backend\\logs\\research_assistant_20250907_111902.log')}
2025-09-07 11:50:24,108 - DEBUG - 1 change detected: {(<Change.modified: 2>, 'E:\\Next JS\\researchbot\\backend\\logs\\research_assistant_20250907_111902.log')}
2025-09-07 11:50:24,515 - DEBUG - 1 change detected: {(<Change.modified: 2>, 'E:\\Next JS\\researchbot\\backend\\logs\\research_assistant_20250907_111902.log')}
2025-09-07 11:50:25,174 - DEBUG - 1 change detected: {(<Change.modified: 2>, 'E:\\Next JS\\researchbot\\backend\\logs\\research_assistant_20250907_111902.log')}
2025-09-07 11:50:25,642 - DEBUG - 1 change detected: {(<Change.modified: 2>, 'E:\\Next JS\\researchbot\\backend\\logs\\research_assistant_20250907_111902.log')}
2025-09-07 11:50:26,012 - DEBUG - 1 change detected: {(<Change.modified: 2>, 'E:\\Next JS\\researchbot\\backend\\logs\\research_assistant_20250907_111902.log')}
2025-09-07 11:50:26,510 - DEBUG - 1 change detected: {(<Change.modified: 2>, 'E:\\Next JS\\researchbot\\backend\\logs\\research_assistant_20250907_111902.log')}
2025-09-07 11:50:26,972 - DEBUG - 1 change detected: {(<Change.modified: 2>, 'E:\\Next JS\\researchbot\\backend\\logs\\research_assistant_20250907_111902.log')}
2025-09-07 11:50:27,335 - DEBUG - 1 change detected: {(<Change.modified: 2>, 'E:\\Next JS\\researchbot\\backend\\logs\\research_assistant_20250907_111902.log')}
2025-09-07 11:50:27,755 - DEBUG - 1 change detected: {(<Change.modified: 2>, 'E:\\Next JS\\researchbot\\backend\\logs\\research_assistant_20250907_111902.log')}
2025-09-07 11:50:28,174 - DEBUG - 1 change detected: {(<Change.modified: 2>, 'E:\\Next JS\\researchbot\\backend\\logs\\research_assistant_20250907_111902.log')}
2025-09-07 11:50:28,579 - DEBUG - 1 change detected: {(<Change.modified: 2>, 'E:\\Next JS\\researchbot\\backend\\logs\\research_assistant_20250907_111902.log')}
2025-09-07 11:50:28,992 - DEBUG - 1 change detected: {(<Change.modified: 2>, 'E:\\Next JS\\researchbot\\backend\\logs\\research_assistant_20250907_111902.log')}
2025-09-07 11:50:29,350 - DEBUG - 1 change detected: {(<Change.modified: 2>, 'E:\\Next JS\\researchbot\\backend\\logs\\research_assistant_20250907_111902.log')}
2025-09-07 11:50:29,767 - DEBUG - 1 change detected: {(<Change.modified: 2>, 'E:\\Next JS\\researchbot\\backend\\logs\\research_assistant_20250907_111902.log')}
2025-09-07 11:50:30,184 - DEBUG - 1 change detected: {(<Change.modified: 2>, 'E:\\Next JS\\researchbot\\backend\\logs\\research_assistant_20250907_111902.log')}
2025-09-07 11:50:30,564 - DEBUG - 1 change detected: {(<Change.modified: 2>, 'E:\\Next JS\\researchbot\\backend\\logs\\research_assistant_20250907_111902.log')}
2025-09-07 11:50:30,979 - DEBUG - 1 change detected: {(<Change.modified: 2>, 'E:\\Next JS\\researchbot\\backend\\logs\\research_assistant_20250907_111902.log')}
2025-09-07 11:50:31,409 - DEBUG - 1 change detected: {(<Change.modified: 2>, 'E:\\Next JS\\researchbot\\backend\\logs\\research_assistant_20250907_111902.log')}
2025-09-07 11:50:31,828 - DEBUG - 1 change detected: {(<Change.modified: 2>, 'E:\\Next JS\\researchbot\\backend\\logs\\research_assistant_20250907_111902.log')}
2025-09-07 11:50:32,200 - DEBUG - 1 change detected: {(<Change.modified: 2>, 'E:\\Next JS\\researchbot\\backend\\logs\\research_assistant_20250907_111902.log')}
2025-09-07 11:50:32,618 - DEBUG - 1 change detected: {(<Change.modified: 2>, 'E:\\Next JS\\researchbot\\backend\\logs\\research_assistant_20250907_111902.log')}
2025-09-07 11:50:33,003 - DEBUG - 1 change detected: {(<Change.modified: 2>, 'E:\\Next JS\\researchbot\\backend\\logs\\research_assistant_20250907_111902.log')}
2025-09-07 11:50:33,437 - DEBUG - 1 change detected: {(<Change.modified: 2>, 'E:\\Next JS\\researchbot\\backend\\logs\\research_assistant_20250907_111902.log')}
2025-09-07 11:50:33,868 - DEBUG - 1 change detected: {(<Change.modified: 2>, 'E:\\Next JS\\researchbot\\backend\\logs\\research_assistant_20250907_111902.log')}
2025-09-07 11:50:34,250 - DEBUG - 1 change detected: {(<Change.modified: 2>, 'E:\\Next JS\\researchbot\\backend\\logs\\research_assistant_20250907_111902.log')}
2025-09-07 11:50:34,660 - DEBUG - 1 change detected: {(<Change.modified: 2>, 'E:\\Next JS\\researchbot\\backend\\logs\\research_assistant_20250907_111902.log')}
2025-09-07 11:50:35,078 - DEBUG - 1 change detected: {(<Change.modified: 2>, 'E:\\Next JS\\researchbot\\backend\\logs\\research_assistant_20250907_111902.log')}
2025-09-07 11:50:35,451 - DEBUG - 1 change detected: {(<Change.modified: 2>, 'E:\\Next JS\\researchbot\\backend\\logs\\research_assistant_20250907_111902.log')}
2025-09-07 11:50:35,878 - DEBUG - 1 change detected: {(<Change.modified: 2>, 'E:\\Next JS\\researchbot\\backend\\logs\\research_assistant_20250907_111902.log')}
2025-09-07 11:50:36,239 - DEBUG - 1 change detected: {(<Change.modified: 2>, 'E:\\Next JS\\researchbot\\backend\\logs\\research_assistant_20250907_111902.log')}
2025-09-07 11:50:36,662 - DEBUG - 1 change detected: {(<Change.modified: 2>, 'E:\\Next JS\\researchbot\\backend\\logs\\research_assistant_20250907_111902.log')}
2025-09-07 11:50:37,033 - DEBUG - 1 change detected: {(<Change.modified: 2>, 'E:\\Next JS\\researchbot\\backend\\logs\\research_assistant_20250907_111902.log')}
2025-09-07 11:50:37,448 - DEBUG - 1 change detected: {(<Change.modified: 2>, 'E:\\Next JS\\researchbot\\backend\\logs\\research_assistant_20250907_111902.log')}
2025-09-07 11:50:37,860 - DEBUG - 1 change detected: {(<Change.modified: 2>, 'E:\\Next JS\\researchbot\\backend\\logs\\research_assistant_20250907_111902.log')}
2025-09-07 11:50:38,275 - DEBUG - 1 change detected: {(<Change.modified: 2>, 'E:\\Next JS\\researchbot\\backend\\logs\\research_assistant_20250907_111902.log')}
2025-09-07 11:50:38,652 - DEBUG - 1 change detected: {(<Change.modified: 2>, 'E:\\Next JS\\researchbot\\backend\\logs\\research_assistant_20250907_111902.log')}
2025-09-07 11:50:39,077 - DEBUG - 1 change detected: {(<Change.modified: 2>, 'E:\\Next JS\\researchbot\\backend\\logs\\research_assistant_20250907_111902.log')}
2025-09-07 11:50:39,486 - DEBUG - 1 change detected: {(<Change.modified: 2>, 'E:\\Next JS\\researchbot\\backend\\logs\\research_assistant_20250907_111902.log')}
2025-09-07 11:50:39,862 - DEBUG - 1 change detected: {(<Change.modified: 2>, 'E:\\Next JS\\researchbot\\backend\\logs\\research_assistant_20250907_111902.log')}
2025-09-07 11:50:40,278 - DEBUG - 1 change detected: {(<Change.modified: 2>, 'E:\\Next JS\\researchbot\\backend\\logs\\research_assistant_20250907_111902.log')}
2025-09-07 11:50:40,708 - DEBUG - 1 change detected: {(<Change.modified: 2>, 'E:\\Next JS\\researchbot\\backend\\logs\\research_assistant_20250907_111902.log')}
2025-09-07 11:50:41,068 - DEBUG - 1 change detected: {(<Change.modified: 2>, 'E:\\Next JS\\researchbot\\backend\\logs\\research_assistant_20250907_111902.log')}
2025-09-07 11:50:41,489 - DEBUG - 1 change detected: {(<Change.modified: 2>, 'E:\\Next JS\\researchbot\\backend\\logs\\research_assistant_20250907_111902.log')}
2025-09-07 11:50:41,899 - DEBUG - 1 change detected: {(<Change.modified: 2>, 'E:\\Next JS\\researchbot\\backend\\logs\\research_assistant_20250907_111902.log')}
2025-09-07 11:50:42,308 - DEBUG - 1 change detected: {(<Change.modified: 2>, 'E:\\Next JS\\researchbot\\backend\\logs\\research_assistant_20250907_111902.log')}
2025-09-07 11:50:42,738 - DEBUG - 1 change detected: {(<Change.modified: 2>, 'E:\\Next JS\\researchbot\\backend\\logs\\research_assistant_20250907_111902.log')}
2025-09-07 11:50:43,109 - DEBUG - 1 change detected: {(<Change.modified: 2>, 'E:\\Next JS\\researchbot\\backend\\logs\\research_assistant_20250907_111902.log')}
2025-09-07 11:50:43,537 - DEBUG - 1 change detected: {(<Change.modified: 2>, 'E:\\Next JS\\researchbot\\backend\\logs\\research_assistant_20250907_111902.log')}
2025-09-07 11:50:43,951 - DEBUG - 1 change detected: {(<Change.modified: 2>, 'E:\\Next JS\\researchbot\\backend\\logs\\research_assistant_20250907_111902.log')}
2025-09-07 11:50:44,325 - DEBUG - 1 change detected: {(<Change.modified: 2>, 'E:\\Next JS\\researchbot\\backend\\logs\\research_assistant_20250907_111902.log')}
2025-09-07 11:50:44,703 - DEBUG - 1 change detected: {(<Change.modified: 2>, 'E:\\Next JS\\researchbot\\backend\\logs\\research_assistant_20250907_111902.log')}
2025-09-07 11:50:45,125 - DEBUG - 1 change detected: {(<Change.modified: 2>, 'E:\\Next JS\\researchbot\\backend\\logs\\research_assistant_20250907_111902.log')}
2025-09-07 11:50:45,488 - DEBUG - 1 change detected: {(<Change.modified: 2>, 'E:\\Next JS\\researchbot\\backend\\logs\\research_assistant_20250907_111902.log')}
2025-09-07 11:50:45,908 - DEBUG - 1 change detected: {(<Change.modified: 2>, 'E:\\Next JS\\researchbot\\backend\\logs\\research_assistant_20250907_111902.log')}
2025-09-07 11:50:46,333 - DEBUG - 1 change detected: {(<Change.modified: 2>, 'E:\\Next JS\\researchbot\\backend\\logs\\research_assistant_20250907_111902.log')}
2025-09-07 11:50:46,749 - DEBUG - 1 change detected: {(<Change.modified: 2>, 'E:\\Next JS\\researchbot\\backend\\logs\\research_assistant_20250907_111902.log')}
2025-09-07 11:50:47,110 - DEBUG - 1 change detected: {(<Change.modified: 2>, 'E:\\Next JS\\researchbot\\backend\\logs\\research_assistant_20250907_111902.log')}
2025-09-07 11:50:47,524 - DEBUG - 1 change detected: {(<Change.modified: 2>, 'E:\\Next JS\\researchbot\\backend\\logs\\research_assistant_20250907_111902.log')}
2025-09-07 11:50:47,948 - DEBUG - 1 change detected: {(<Change.modified: 2>, 'E:\\Next JS\\researchbot\\backend\\logs\\research_assistant_20250907_111902.log')}
2025-09-07 11:50:48,323 - DEBUG - 1 change detected: {(<Change.modified: 2>, 'E:\\Next JS\\researchbot\\backend\\logs\\research_assistant_20250907_111902.log')}
2025-09-07 11:50:48,697 - DEBUG - 1 change detected: {(<Change.modified: 2>, 'E:\\Next JS\\researchbot\\backend\\logs\\research_assistant_20250907_111902.log')}
2025-09-07 11:50:49,115 - DEBUG - 1 change detected: {(<Change.modified: 2>, 'E:\\Next JS\\researchbot\\backend\\logs\\research_assistant_20250907_111902.log')}
2025-09-07 11:50:49,534 - DEBUG - 1 change detected: {(<Change.modified: 2>, 'E:\\Next JS\\researchbot\\backend\\logs\\research_assistant_20250907_111902.log')}
2025-09-07 11:50:49,907 - DEBUG - 1 change detected: {(<Change.modified: 2>, 'E:\\Next JS\\researchbot\\backend\\logs\\research_assistant_20250907_111902.log')}
2025-09-07 11:50:50,335 - DEBUG - 1 change detected: {(<Change.modified: 2>, 'E:\\Next JS\\researchbot\\backend\\logs\\research_assistant_20250907_111902.log')}
2025-09-07 11:50:50,713 - DEBUG - 1 change detected: {(<Change.modified: 2>, 'E:\\Next JS\\researchbot\\backend\\logs\\research_assistant_20250907_111902.log')}
2025-09-07 11:50:51,077 - DEBUG - 1 change detected: {(<Change.modified: 2>, 'E:\\Next JS\\researchbot\\backend\\logs\\research_assistant_20250907_111902.log')}
2025-09-07 11:50:51,452 - DEBUG - 1 change detected: {(<Change.modified: 2>, 'E:\\Next JS\\researchbot\\backend\\logs\\research_assistant_20250907_111902.log')}
2025-09-07 11:50:51,816 - DEBUG - 1 change detected: {(<Change.modified: 2>, 'E:\\Next JS\\researchbot\\backend\\logs\\research_assistant_20250907_111902.log')}
2025-09-07 11:50:52,173 - DEBUG - 1 change detected: {(<Change.modified: 2>, 'E:\\Next JS\\researchbot\\backend\\logs\\research_assistant_20250907_111902.log')}
2025-09-07 11:50:52,547 - DEBUG - 1 change detected: {(<Change.modified: 2>, 'E:\\Next JS\\researchbot\\backend\\logs\\research_assistant_20250907_111902.log')}
2025-09-07 11:50:52,917 - DEBUG - 1 change detected: {(<Change.modified: 2>, 'E:\\Next JS\\researchbot\\backend\\logs\\research_assistant_20250907_111902.log')}
2025-09-07 11:50:53,277 - DEBUG - 1 change detected: {(<Change.modified: 2>, 'E:\\Next JS\\researchbot\\backend\\logs\\research_assistant_20250907_111902.log')}
2025-09-07 11:50:53,639 - DEBUG - 1 change detected: {(<Change.modified: 2>, 'E:\\Next JS\\researchbot\\backend\\logs\\research_assistant_20250907_111902.log')}
2025-09-07 11:50:54,114 - DEBUG - 1 change detected: {(<Change.modified: 2>, 'E:\\Next JS\\researchbot\\backend\\logs\\research_assistant_20250907_111902.log')}
2025-09-07 11:50:54,479 - DEBUG - 1 change detected: {(<Change.modified: 2>, 'E:\\Next JS\\researchbot\\backend\\logs\\research_assistant_20250907_111902.log')}
2025-09-07 11:50:54,892 - DEBUG - 1 change detected: {(<Change.modified: 2>, 'E:\\Next JS\\researchbot\\backend\\logs\\research_assistant_20250907_111902.log')}
2025-09-07 11:50:55,317 - DEBUG - 1 change detected: {(<Change.modified: 2>, 'E:\\Next JS\\researchbot\\backend\\logs\\research_assistant_20250907_111902.log')}
2025-09-07 11:50:55,768 - DEBUG - 1 change detected: {(<Change.modified: 2>, 'E:\\Next JS\\researchbot\\backend\\logs\\research_assistant_20250907_111902.log')}
2025-09-07 11:50:56,124 - DEBUG - 1 change detected: {(<Change.modified: 2>, 'E:\\Next JS\\researchbot\\backend\\logs\\research_assistant_20250907_111902.log')}
2025-09-07 11:50:56,529 - DEBUG - 1 change detected: {(<Change.modified: 2>, 'E:\\Next JS\\researchbot\\backend\\logs\\research_assistant_20250907_111902.log')}
2025-09-07 11:50:56,943 - DEBUG - 1 change detected: {(<Change.modified: 2>, 'E:\\Next JS\\researchbot\\backend\\logs\\research_assistant_20250907_111902.log')}
2025-09-07 11:50:57,365 - DEBUG - 1 change detected: {(<Change.modified: 2>, 'E:\\Next JS\\researchbot\\backend\\logs\\research_assistant_20250907_111902.log')}
2025-09-07 11:50:57,828 - DEBUG - 1 change detected: {(<Change.modified: 2>, 'E:\\Next JS\\researchbot\\backend\\logs\\research_assistant_20250907_111902.log')}
2025-09-07 11:50:58,192 - DEBUG - 1 change detected: {(<Change.modified: 2>, 'E:\\Next JS\\researchbot\\backend\\logs\\research_assistant_20250907_111902.log')}
2025-09-07 11:50:58,675 - DEBUG - 1 change detected: {(<Change.modified: 2>, 'E:\\Next JS\\researchbot\\backend\\logs\\research_assistant_20250907_111902.log')}
2025-09-07 11:50:59,088 - DEBUG - 1 change detected: {(<Change.modified: 2>, 'E:\\Next JS\\researchbot\\backend\\logs\\research_assistant_20250907_111902.log')}
2025-09-07 11:50:59,513 - DEBUG - 1 change detected: {(<Change.modified: 2>, 'E:\\Next JS\\researchbot\\backend\\logs\\research_assistant_20250907_111902.log')}
2025-09-07 11:50:59,940 - DEBUG - 1 change detected: {(<Change.modified: 2>, 'E:\\Next JS\\researchbot\\backend\\logs\\research_assistant_20250907_111902.log')}
2025-09-07 11:51:00,307 - DEBUG - 1 change detected: {(<Change.modified: 2>, 'E:\\Next JS\\researchbot\\backend\\logs\\research_assistant_20250907_111902.log')}
2025-09-07 11:51:00,720 - DEBUG - 1 change detected: {(<Change.modified: 2>, 'E:\\Next JS\\researchbot\\backend\\logs\\research_assistant_20250907_111902.log')}
2025-09-07 11:51:01,138 - DEBUG - 1 change detected: {(<Change.modified: 2>, 'E:\\Next JS\\researchbot\\backend\\logs\\research_assistant_20250907_111902.log')}
2025-09-07 11:51:01,609 - DEBUG - 1 change detected: {(<Change.modified: 2>, 'E:\\Next JS\\researchbot\\backend\\logs\\research_assistant_20250907_111902.log')}
2025-09-07 11:51:02,015 - DEBUG - 1 change detected: {(<Change.modified: 2>, 'E:\\Next JS\\researchbot\\backend\\logs\\research_assistant_20250907_111902.log')}
2025-09-07 11:51:02,431 - DEBUG - 1 change detected: {(<Change.modified: 2>, 'E:\\Next JS\\researchbot\\backend\\logs\\research_assistant_20250907_111902.log')}
2025-09-07 11:51:02,843 - DEBUG - 1 change detected: {(<Change.modified: 2>, 'E:\\Next JS\\researchbot\\backend\\logs\\research_assistant_20250907_111902.log')}
2025-09-07 11:51:03,328 - DEBUG - 1 change detected: {(<Change.modified: 2>, 'E:\\Next JS\\researchbot\\backend\\logs\\research_assistant_20250907_111902.log')}
2025-09-07 11:51:03,748 - DEBUG - 1 change detected: {(<Change.modified: 2>, 'E:\\Next JS\\researchbot\\backend\\logs\\research_assistant_20250907_111902.log')}
2025-09-07 11:51:04,265 - DEBUG - 1 change detected: {(<Change.modified: 2>, 'E:\\Next JS\\researchbot\\backend\\logs\\research_assistant_20250907_111902.log')}
2025-09-07 11:51:04,685 - DEBUG - 1 change detected: {(<Change.modified: 2>, 'E:\\Next JS\\researchbot\\backend\\logs\\research_assistant_20250907_111902.log')}
2025-09-07 11:51:05,216 - DEBUG - 1 change detected: {(<Change.modified: 2>, 'E:\\Next JS\\researchbot\\backend\\logs\\research_assistant_20250907_111902.log')}
2025-09-07 11:51:05,580 - DEBUG - 1 change detected: {(<Change.modified: 2>, 'E:\\Next JS\\researchbot\\backend\\logs\\research_assistant_20250907_111902.log')}
2025-09-07 11:51:05,995 - DEBUG - 1 change detected: {(<Change.modified: 2>, 'E:\\Next JS\\researchbot\\backend\\logs\\research_assistant_20250907_111902.log')}
2025-09-07 11:51:06,457 - DEBUG - 1 change detected: {(<Change.modified: 2>, 'E:\\Next JS\\researchbot\\backend\\logs\\research_assistant_20250907_111902.log')}
2025-09-07 11:51:07,029 - DEBUG - 1 change detected: {(<Change.modified: 2>, 'E:\\Next JS\\researchbot\\backend\\logs\\research_assistant_20250907_111902.log')}
2025-09-07 11:51:07,396 - DEBUG - 1 change detected: {(<Change.modified: 2>, 'E:\\Next JS\\researchbot\\backend\\logs\\research_assistant_20250907_111902.log')}
2025-09-07 11:51:07,817 - DEBUG - 1 change detected: {(<Change.modified: 2>, 'E:\\Next JS\\researchbot\\backend\\logs\\research_assistant_20250907_111902.log')}
2025-09-07 11:51:08,197 - DEBUG - 1 change detected: {(<Change.modified: 2>, 'E:\\Next JS\\researchbot\\backend\\logs\\research_assistant_20250907_111902.log')}
2025-09-07 11:51:08,608 - DEBUG - 1 change detected: {(<Change.modified: 2>, 'E:\\Next JS\\researchbot\\backend\\logs\\research_assistant_20250907_111902.log')}
2025-09-07 11:51:08,972 - DEBUG - 1 change detected: {(<Change.modified: 2>, 'E:\\Next JS\\researchbot\\backend\\logs\\research_assistant_20250907_111902.log')}
2025-09-07 11:51:09,388 - DEBUG - 1 change detected: {(<Change.modified: 2>, 'E:\\Next JS\\researchbot\\backend\\logs\\research_assistant_20250907_111902.log')}
2025-09-07 11:51:09,802 - DEBUG - 1 change detected: {(<Change.modified: 2>, 'E:\\Next JS\\researchbot\\backend\\logs\\research_assistant_20250907_111902.log')}
2025-09-07 11:51:10,204 - DEBUG - 1 change detected: {(<Change.modified: 2>, 'E:\\Next JS\\researchbot\\backend\\logs\\research_assistant_20250907_111902.log')}
2025-09-07 11:51:10,666 - DEBUG - 1 change detected: {(<Change.modified: 2>, 'E:\\Next JS\\researchbot\\backend\\logs\\research_assistant_20250907_111902.log')}
2025-09-07 11:51:11,074 - DEBUG - 1 change detected: {(<Change.modified: 2>, 'E:\\Next JS\\researchbot\\backend\\logs\\research_assistant_20250907_111902.log')}
2025-09-07 11:51:11,437 - DEBUG - 1 change detected: {(<Change.modified: 2>, 'E:\\Next JS\\researchbot\\backend\\logs\\research_assistant_20250907_111902.log')}
2025-09-07 11:51:11,859 - DEBUG - 1 change detected: {(<Change.modified: 2>, 'E:\\Next JS\\researchbot\\backend\\logs\\research_assistant_20250907_111902.log')}
2025-09-07 11:51:12,278 - DEBUG - 1 change detected: {(<Change.modified: 2>, 'E:\\Next JS\\researchbot\\backend\\logs\\research_assistant_20250907_111902.log')}
2025-09-07 11:51:15,059 - DEBUG - 1 change detected: {(<Change.modified: 2>, 'E:\\Next JS\\researchbot\\backend\\logs\\research_assistant_20250907_111902.log')}
2025-09-07 11:51:15,717 - DEBUG - 1 change detected: {(<Change.modified: 2>, 'E:\\Next JS\\researchbot\\backend\\logs\\research_assistant_20250907_111902.log')}
2025-09-07 11:51:16,089 - DEBUG - 1 change detected: {(<Change.modified: 2>, 'E:\\Next JS\\researchbot\\backend\\logs\\research_assistant_20250907_111902.log')}
2025-09-07 11:51:16,502 - DEBUG - 1 change detected: {(<Change.modified: 2>, 'E:\\Next JS\\researchbot\\backend\\logs\\research_assistant_20250907_111902.log')}
2025-09-07 11:51:17,015 - DEBUG - 1 change detected: {(<Change.modified: 2>, 'E:\\Next JS\\researchbot\\backend\\logs\\research_assistant_20250907_111902.log')}
2025-09-07 11:51:17,429 - DEBUG - 1 change detected: {(<Change.modified: 2>, 'E:\\Next JS\\researchbot\\backend\\logs\\research_assistant_20250907_111902.log')}
2025-09-07 11:51:18,456 - DEBUG - 1 change detected: {(<Change.modified: 2>, 'E:\\Next JS\\researchbot\\backend\\logs\\research_assistant_20250907_111902.log')}
2025-09-07 11:51:19,227 - DEBUG - 1 change detected: {(<Change.modified: 2>, 'E:\\Next JS\\researchbot\\backend\\logs\\research_assistant_20250907_111902.log')}
2025-09-07 11:51:19,595 - DEBUG - 1 change detected: {(<Change.modified: 2>, 'E:\\Next JS\\researchbot\\backend\\logs\\research_assistant_20250907_111902.log')}
2025-09-07 11:51:21,214 - DEBUG - 1 change detected: {(<Change.modified: 2>, 'E:\\Next JS\\researchbot\\backend\\logs\\research_assistant_20250907_111902.log')}
2025-09-07 11:51:21,600 - DEBUG - 1 change detected: {(<Change.modified: 2>, 'E:\\Next JS\\researchbot\\backend\\logs\\research_assistant_20250907_111902.log')}
2025-09-07 11:51:22,017 - DEBUG - 1 change detected: {(<Change.modified: 2>, 'E:\\Next JS\\researchbot\\backend\\logs\\research_assistant_20250907_111902.log')}
2025-09-07 11:51:22,424 - DEBUG - 1 change detected: {(<Change.modified: 2>, 'E:\\Next JS\\researchbot\\backend\\logs\\research_assistant_20250907_111902.log')}
2025-09-07 11:51:22,835 - DEBUG - 1 change detected: {(<Change.modified: 2>, 'E:\\Next JS\\researchbot\\backend\\logs\\research_assistant_20250907_111902.log')}
2025-09-07 11:51:23,209 - DEBUG - 1 change detected: {(<Change.modified: 2>, 'E:\\Next JS\\researchbot\\backend\\logs\\research_assistant_20250907_111902.log')}
2025-09-07 11:51:24,163 - DEBUG - 1 change detected: {(<Change.modified: 2>, 'E:\\Next JS\\researchbot\\backend\\logs\\research_assistant_20250907_111902.log')}
2025-09-07 11:51:24,523 - DEBUG - 1 change detected: {(<Change.modified: 2>, 'E:\\Next JS\\researchbot\\backend\\logs\\research_assistant_20250907_111902.log')}
2025-09-07 11:51:24,988 - DEBUG - 1 change detected: {(<Change.modified: 2>, 'E:\\Next JS\\researchbot\\backend\\logs\\research_assistant_20250907_111902.log')}
2025-09-07 11:51:25,408 - DEBUG - 1 change detected: {(<Change.modified: 2>, 'E:\\Next JS\\researchbot\\backend\\logs\\research_assistant_20250907_111902.log')}
2025-09-07 11:51:25,830 - DEBUG - 1 change detected: {(<Change.modified: 2>, 'E:\\Next JS\\researchbot\\backend\\logs\\research_assistant_20250907_111902.log')}
2025-09-07 11:51:26,255 - DEBUG - 1 change detected: {(<Change.modified: 2>, 'E:\\Next JS\\researchbot\\backend\\logs\\research_assistant_20250907_111902.log')}
2025-09-07 11:51:26,717 - DEBUG - 1 change detected: {(<Change.modified: 2>, 'E:\\Next JS\\researchbot\\backend\\logs\\research_assistant_20250907_111902.log')}
2025-09-07 11:51:27,123 - DEBUG - 1 change detected: {(<Change.modified: 2>, 'E:\\Next JS\\researchbot\\backend\\logs\\research_assistant_20250907_111902.log')}
2025-09-07 11:51:27,541 - DEBUG - 1 change detected: {(<Change.modified: 2>, 'E:\\Next JS\\researchbot\\backend\\logs\\research_assistant_20250907_111902.log')}
2025-09-07 11:51:27,907 - DEBUG - 1 change detected: {(<Change.modified: 2>, 'E:\\Next JS\\researchbot\\backend\\logs\\research_assistant_20250907_111902.log')}
2025-09-07 11:51:28,316 - DEBUG - 1 change detected: {(<Change.modified: 2>, 'E:\\Next JS\\researchbot\\backend\\logs\\research_assistant_20250907_111902.log')}
2025-09-07 11:51:28,733 - DEBUG - 1 change detected: {(<Change.modified: 2>, 'E:\\Next JS\\researchbot\\backend\\logs\\research_assistant_20250907_111902.log')}
2025-09-07 11:51:29,100 - DEBUG - 1 change detected: {(<Change.modified: 2>, 'E:\\Next JS\\researchbot\\backend\\logs\\research_assistant_20250907_111902.log')}
2025-09-07 11:51:29,513 - DEBUG - 1 change detected: {(<Change.modified: 2>, 'E:\\Next JS\\researchbot\\backend\\logs\\research_assistant_20250907_111902.log')}
2025-09-07 11:51:29,938 - DEBUG - 1 change detected: {(<Change.modified: 2>, 'E:\\Next JS\\researchbot\\backend\\logs\\research_assistant_20250907_111902.log')}
2025-09-07 11:51:30,360 - DEBUG - 1 change detected: {(<Change.modified: 2>, 'E:\\Next JS\\researchbot\\backend\\logs\\research_assistant_20250907_111902.log')}
2025-09-07 11:51:30,725 - DEBUG - 1 change detected: {(<Change.modified: 2>, 'E:\\Next JS\\researchbot\\backend\\logs\\research_assistant_20250907_111902.log')}
2025-09-07 11:51:31,714 - DEBUG - 1 change detected: {(<Change.modified: 2>, 'E:\\Next JS\\researchbot\\backend\\logs\\research_assistant_20250907_111902.log')}
2025-09-07 11:51:32,078 - DEBUG - 1 change detected: {(<Change.modified: 2>, 'E:\\Next JS\\researchbot\\backend\\logs\\research_assistant_20250907_111902.log')}
2025-09-07 11:51:32,480 - DEBUG - 1 change detected: {(<Change.modified: 2>, 'E:\\Next JS\\researchbot\\backend\\logs\\research_assistant_20250907_111902.log')}
2025-09-07 11:51:32,918 - DEBUG - 1 change detected: {(<Change.modified: 2>, 'E:\\Next JS\\researchbot\\backend\\logs\\research_assistant_20250907_111902.log')}
2025-09-07 11:51:33,284 - DEBUG - 1 change detected: {(<Change.modified: 2>, 'E:\\Next JS\\researchbot\\backend\\logs\\research_assistant_20250907_111902.log')}
2025-09-07 11:51:33,706 - DEBUG - 1 change detected: {(<Change.modified: 2>, 'E:\\Next JS\\researchbot\\backend\\logs\\research_assistant_20250907_111902.log')}
2025-09-07 11:51:34,161 - DEBUG - 1 change detected: {(<Change.modified: 2>, 'E:\\Next JS\\researchbot\\backend\\logs\\research_assistant_20250907_111902.log')}
2025-09-07 11:51:35,466 - DEBUG - 1 change detected: {(<Change.modified: 2>, 'E:\\Next JS\\researchbot\\backend\\logs\\research_assistant_20250907_111902.log')}
2025-09-07 11:51:37,298 - DEBUG - 1 change detected: {(<Change.modified: 2>, 'E:\\Next JS\\researchbot\\backend\\logs\\research_assistant_20250907_111902.log')}
2025-09-07 11:51:39,390 - DEBUG - 1 change detected: {(<Change.modified: 2>, 'E:\\Next JS\\researchbot\\backend\\logs\\research_assistant_20250907_111902.log')}
2025-09-07 11:51:39,743 - DEBUG - 1 change detected: {(<Change.modified: 2>, 'E:\\Next JS\\researchbot\\backend\\logs\\research_assistant_20250907_111902.log')}
2025-09-07 11:51:40,100 - DEBUG - 1 change detected: {(<Change.modified: 2>, 'E:\\Next JS\\researchbot\\backend\\logs\\research_assistant_20250907_111902.log')}
2025-09-07 11:51:40,522 - DEBUG - 1 change detected: {(<Change.modified: 2>, 'E:\\Next JS\\researchbot\\backend\\logs\\research_assistant_20250907_111902.log')}
2025-09-07 11:51:41,008 - DEBUG - 1 change detected: {(<Change.modified: 2>, 'E:\\Next JS\\researchbot\\backend\\logs\\research_assistant_20250907_111902.log')}
2025-09-07 11:51:41,435 - DEBUG - 1 change detected: {(<Change.modified: 2>, 'E:\\Next JS\\researchbot\\backend\\logs\\research_assistant_20250907_111902.log')}
2025-09-07 11:51:42,687 - DEBUG - 1 change detected: {(<Change.modified: 2>, 'E:\\Next JS\\researchbot\\backend\\logs\\research_assistant_20250907_111902.log')}
2025-09-07 11:51:43,390 - DEBUG - 1 change detected: {(<Change.modified: 2>, 'E:\\Next JS\\researchbot\\backend\\logs\\research_assistant_20250907_111902.log')}
2025-09-07 11:51:43,748 - DEBUG - 1 change detected: {(<Change.modified: 2>, 'E:\\Next JS\\researchbot\\backend\\logs\\research_assistant_20250907_111902.log')}
2025-09-07 11:51:44,104 - DEBUG - 1 change detected: {(<Change.modified: 2>, 'E:\\Next JS\\researchbot\\backend\\logs\\research_assistant_20250907_111902.log')}
2025-09-07 11:51:44,534 - DEBUG - 1 change detected: {(<Change.modified: 2>, 'E:\\Next JS\\researchbot\\backend\\logs\\research_assistant_20250907_111902.log')}
2025-09-07 11:51:44,911 - DEBUG - 1 change detected: {(<Change.modified: 2>, 'E:\\Next JS\\researchbot\\backend\\logs\\research_assistant_20250907_111902.log')}
2025-09-07 11:51:45,326 - DEBUG - 1 change detected: {(<Change.modified: 2>, 'E:\\Next JS\\researchbot\\backend\\logs\\research_assistant_20250907_111902.log')}
2025-09-07 11:51:46,830 - DEBUG - 1 change detected: {(<Change.modified: 2>, 'E:\\Next JS\\researchbot\\backend\\logs\\research_assistant_20250907_111902.log')}
2025-09-07 11:51:47,197 - DEBUG - 1 change detected: {(<Change.modified: 2>, 'E:\\Next JS\\researchbot\\backend\\logs\\research_assistant_20250907_111902.log')}
2025-09-07 11:51:47,620 - DEBUG - 1 change detected: {(<Change.modified: 2>, 'E:\\Next JS\\researchbot\\backend\\logs\\research_assistant_20250907_111902.log')}
2025-09-07 11:51:47,973 - DEBUG - 1 change detected: {(<Change.modified: 2>, 'E:\\Next JS\\researchbot\\backend\\logs\\research_assistant_20250907_111902.log')}
2025-09-07 11:51:49,318 - DEBUG - 1 change detected: {(<Change.modified: 2>, 'E:\\Next JS\\researchbot\\backend\\logs\\research_assistant_20250907_111902.log')}
2025-09-07 11:51:49,905 - DEBUG - 1 change detected: {(<Change.modified: 2>, 'E:\\Next JS\\researchbot\\backend\\logs\\research_assistant_20250907_111902.log')}
2025-09-07 11:51:50,618 - DEBUG - 1 change detected: {(<Change.modified: 2>, 'E:\\Next JS\\researchbot\\backend\\logs\\research_assistant_20250907_111902.log')}
2025-09-07 11:51:51,094 - DEBUG - 1 change detected: {(<Change.modified: 2>, 'E:\\Next JS\\researchbot\\backend\\logs\\research_assistant_20250907_111902.log')}
2025-09-07 11:51:51,487 - DEBUG - 1 change detected: {(<Change.modified: 2>, 'E:\\Next JS\\researchbot\\backend\\logs\\research_assistant_20250907_111902.log')}
2025-09-07 11:51:51,849 - DEBUG - 1 change detected: {(<Change.modified: 2>, 'E:\\Next JS\\researchbot\\backend\\logs\\research_assistant_20250907_111902.log')}
2025-09-07 11:51:52,377 - DEBUG - 1 change detected: {(<Change.modified: 2>, 'E:\\Next JS\\researchbot\\backend\\logs\\research_assistant_20250907_111902.log')}
2025-09-07 11:51:52,800 - DEBUG - 1 change detected: {(<Change.modified: 2>, 'E:\\Next JS\\researchbot\\backend\\logs\\research_assistant_20250907_111902.log')}
2025-09-07 11:51:53,171 - DEBUG - 1 change detected: {(<Change.modified: 2>, 'E:\\Next JS\\researchbot\\backend\\logs\\research_assistant_20250907_111902.log')}
2025-09-07 11:51:53,585 - DEBUG - 1 change detected: {(<Change.modified: 2>, 'E:\\Next JS\\researchbot\\backend\\logs\\research_assistant_20250907_111902.log')}
2025-09-07 11:51:54,089 - DEBUG - 1 change detected: {(<Change.modified: 2>, 'E:\\Next JS\\researchbot\\backend\\logs\\research_assistant_20250907_111902.log')}
2025-09-07 11:51:54,557 - DEBUG - 1 change detected: {(<Change.modified: 2>, 'E:\\Next JS\\researchbot\\backend\\logs\\research_assistant_20250907_111902.log')}
2025-09-07 11:51:54,960 - DEBUG - 1 change detected: {(<Change.modified: 2>, 'E:\\Next JS\\researchbot\\backend\\logs\\research_assistant_20250907_111902.log')}
2025-09-07 11:51:55,373 - DEBUG - 1 change detected: {(<Change.modified: 2>, 'E:\\Next JS\\researchbot\\backend\\logs\\research_assistant_20250907_111902.log')}
2025-09-07 11:51:55,797 - DEBUG - 1 change detected: {(<Change.modified: 2>, 'E:\\Next JS\\researchbot\\backend\\logs\\research_assistant_20250907_111902.log')}
2025-09-07 11:51:56,202 - DEBUG - 1 change detected: {(<Change.modified: 2>, 'E:\\Next JS\\researchbot\\backend\\logs\\research_assistant_20250907_111902.log')}
2025-09-07 11:51:56,612 - DEBUG - 1 change detected: {(<Change.modified: 2>, 'E:\\Next JS\\researchbot\\backend\\logs\\research_assistant_20250907_111902.log')}
2025-09-07 11:51:57,271 - DEBUG - 1 change detected: {(<Change.modified: 2>, 'E:\\Next JS\\researchbot\\backend\\logs\\research_assistant_20250907_111902.log')}
2025-09-07 11:51:57,686 - DEBUG - 1 change detected: {(<Change.modified: 2>, 'E:\\Next JS\\researchbot\\backend\\logs\\research_assistant_20250907_111902.log')}
2025-09-07 11:51:58,093 - DEBUG - 1 change detected: {(<Change.modified: 2>, 'E:\\Next JS\\researchbot\\backend\\logs\\research_assistant_20250907_111902.log')}
2025-09-07 11:51:58,557 - DEBUG - 1 change detected: {(<Change.modified: 2>, 'E:\\Next JS\\researchbot\\backend\\logs\\research_assistant_20250907_111902.log')}
2025-09-07 11:51:58,995 - DEBUG - 1 change detected: {(<Change.modified: 2>, 'E:\\Next JS\\researchbot\\backend\\logs\\research_assistant_20250907_111902.log')}
2025-09-07 11:51:59,408 - DEBUG - 1 change detected: {(<Change.modified: 2>, 'E:\\Next JS\\researchbot\\backend\\logs\\research_assistant_20250907_111902.log')}
2025-09-07 11:51:59,826 - DEBUG - 1 change detected: {(<Change.modified: 2>, 'E:\\Next JS\\researchbot\\backend\\logs\\research_assistant_20250907_111902.log')}
2025-09-07 11:52:00,347 - DEBUG - 1 change detected: {(<Change.modified: 2>, 'E:\\Next JS\\researchbot\\backend\\logs\\research_assistant_20250907_111902.log')}
2025-09-07 11:52:00,858 - DEBUG - 1 change detected: {(<Change.modified: 2>, 'E:\\Next JS\\researchbot\\backend\\logs\\research_assistant_20250907_111902.log')}
2025-09-07 11:52:01,407 - DEBUG - 1 change detected: {(<Change.modified: 2>, 'E:\\Next JS\\researchbot\\backend\\logs\\research_assistant_20250907_111902.log')}
2025-09-07 11:52:01,773 - DEBUG - 1 change detected: {(<Change.modified: 2>, 'E:\\Next JS\\researchbot\\backend\\logs\\research_assistant_20250907_111902.log')}
2025-09-07 11:52:02,189 - DEBUG - 1 change detected: {(<Change.modified: 2>, 'E:\\Next JS\\researchbot\\backend\\logs\\research_assistant_20250907_111902.log')}
2025-09-07 11:52:02,613 - DEBUG - 1 change detected: {(<Change.modified: 2>, 'E:\\Next JS\\researchbot\\backend\\logs\\research_assistant_20250907_111902.log')}
2025-09-07 11:52:03,052 - DEBUG - 1 change detected: {(<Change.modified: 2>, 'E:\\Next JS\\researchbot\\backend\\logs\\research_assistant_20250907_111902.log')}
2025-09-07 11:52:03,543 - DEBUG - 1 change detected: {(<Change.modified: 2>, 'E:\\Next JS\\researchbot\\backend\\logs\\research_assistant_20250907_111902.log')}
2025-09-07 11:52:04,002 - DEBUG - 1 change detected: {(<Change.modified: 2>, 'E:\\Next JS\\researchbot\\backend\\logs\\research_assistant_20250907_111902.log')}
2025-09-07 11:52:04,419 - DEBUG - 1 change detected: {(<Change.modified: 2>, 'E:\\Next JS\\researchbot\\backend\\logs\\research_assistant_20250907_111902.log')}
2025-09-07 11:52:04,833 - DEBUG - 1 change detected: {(<Change.modified: 2>, 'E:\\Next JS\\researchbot\\backend\\logs\\research_assistant_20250907_111902.log')}
2025-09-07 11:52:05,251 - DEBUG - 1 change detected: {(<Change.modified: 2>, 'E:\\Next JS\\researchbot\\backend\\logs\\research_assistant_20250907_111902.log')}
2025-09-07 11:52:05,841 - DEBUG - 1 change detected: {(<Change.modified: 2>, 'E:\\Next JS\\researchbot\\backend\\logs\\research_assistant_20250907_111902.log')}
2025-09-07 11:52:06,301 - DEBUG - 1 change detected: {(<Change.modified: 2>, 'E:\\Next JS\\researchbot\\backend\\logs\\research_assistant_20250907_111902.log')}
2025-09-07 11:52:06,788 - DEBUG - 1 change detected: {(<Change.modified: 2>, 'E:\\Next JS\\researchbot\\backend\\logs\\research_assistant_20250907_111902.log')}
2025-09-07 11:52:07,152 - DEBUG - 1 change detected: {(<Change.modified: 2>, 'E:\\Next JS\\researchbot\\backend\\logs\\research_assistant_20250907_111902.log')}
2025-09-07 11:52:07,566 - DEBUG - 1 change detected: {(<Change.modified: 2>, 'E:\\Next JS\\researchbot\\backend\\logs\\research_assistant_20250907_111902.log')}
2025-09-07 11:52:07,987 - DEBUG - 1 change detected: {(<Change.modified: 2>, 'E:\\Next JS\\researchbot\\backend\\logs\\research_assistant_20250907_111902.log')}
2025-09-07 11:52:08,409 - DEBUG - 1 change detected: {(<Change.modified: 2>, 'E:\\Next JS\\researchbot\\backend\\logs\\research_assistant_20250907_111902.log')}
2025-09-07 11:52:08,781 - DEBUG - 1 change detected: {(<Change.modified: 2>, 'E:\\Next JS\\researchbot\\backend\\logs\\research_assistant_20250907_111902.log')}
2025-09-07 11:52:09,204 - DEBUG - 1 change detected: {(<Change.modified: 2>, 'E:\\Next JS\\researchbot\\backend\\logs\\research_assistant_20250907_111902.log')}
2025-09-07 11:52:09,577 - DEBUG - 1 change detected: {(<Change.modified: 2>, 'E:\\Next JS\\researchbot\\backend\\logs\\research_assistant_20250907_111902.log')}
2025-09-07 11:52:10,018 - DEBUG - 1 change detected: {(<Change.modified: 2>, 'E:\\Next JS\\researchbot\\backend\\logs\\research_assistant_20250907_111902.log')}
2025-09-07 11:52:10,445 - DEBUG - 1 change detected: {(<Change.modified: 2>, 'E:\\Next JS\\researchbot\\backend\\logs\\research_assistant_20250907_111902.log')}
2025-09-07 11:52:10,850 - DEBUG - 1 change detected: {(<Change.modified: 2>, 'E:\\Next JS\\researchbot\\backend\\logs\\research_assistant_20250907_111902.log')}
2025-09-07 11:52:11,266 - DEBUG - 1 change detected: {(<Change.modified: 2>, 'E:\\Next JS\\researchbot\\backend\\logs\\research_assistant_20250907_111902.log')}
2025-09-07 11:52:11,670 - DEBUG - 1 change detected: {(<Change.modified: 2>, 'E:\\Next JS\\researchbot\\backend\\logs\\research_assistant_20250907_111902.log')}
2025-09-07 11:52:12,087 - DEBUG - 1 change detected: {(<Change.modified: 2>, 'E:\\Next JS\\researchbot\\backend\\logs\\research_assistant_20250907_111902.log')}
2025-09-07 11:52:12,501 - DEBUG - 1 change detected: {(<Change.modified: 2>, 'E:\\Next JS\\researchbot\\backend\\logs\\research_assistant_20250907_111902.log')}
2025-09-07 11:52:12,862 - DEBUG - 1 change detected: {(<Change.modified: 2>, 'E:\\Next JS\\researchbot\\backend\\logs\\research_assistant_20250907_111902.log')}
2025-09-07 11:52:13,271 - DEBUG - 1 change detected: {(<Change.modified: 2>, 'E:\\Next JS\\researchbot\\backend\\logs\\research_assistant_20250907_111902.log')}
2025-09-07 11:52:13,748 - DEBUG - 1 change detected: {(<Change.modified: 2>, 'E:\\Next JS\\researchbot\\backend\\logs\\research_assistant_20250907_111902.log')}
2025-09-07 11:52:14,122 - DEBUG - 1 change detected: {(<Change.modified: 2>, 'E:\\Next JS\\researchbot\\backend\\logs\\research_assistant_20250907_111902.log')}
2025-09-07 11:52:14,538 - DEBUG - 1 change detected: {(<Change.modified: 2>, 'E:\\Next JS\\researchbot\\backend\\logs\\research_assistant_20250907_111902.log')}
2025-09-07 11:52:14,908 - DEBUG - 1 change detected: {(<Change.modified: 2>, 'E:\\Next JS\\researchbot\\backend\\logs\\research_assistant_20250907_111902.log')}
2025-09-07 11:52:15,316 - DEBUG - 1 change detected: {(<Change.modified: 2>, 'E:\\Next JS\\researchbot\\backend\\logs\\research_assistant_20250907_111902.log')}
2025-09-07 11:52:15,693 - DEBUG - 1 change detected: {(<Change.modified: 2>, 'E:\\Next JS\\researchbot\\backend\\logs\\research_assistant_20250907_111902.log')}
2025-09-07 11:52:16,105 - DEBUG - 1 change detected: {(<Change.modified: 2>, 'E:\\Next JS\\researchbot\\backend\\logs\\research_assistant_20250907_111902.log')}
2025-09-07 11:52:16,537 - DEBUG - 1 change detected: {(<Change.modified: 2>, 'E:\\Next JS\\researchbot\\backend\\logs\\research_assistant_20250907_111902.log')}
2025-09-07 11:52:16,953 - DEBUG - 1 change detected: {(<Change.modified: 2>, 'E:\\Next JS\\researchbot\\backend\\logs\\research_assistant_20250907_111902.log')}
2025-09-07 11:52:17,375 - DEBUG - 1 change detected: {(<Change.modified: 2>, 'E:\\Next JS\\researchbot\\backend\\logs\\research_assistant_20250907_111902.log')}
2025-09-07 11:52:17,850 - DEBUG - 1 change detected: {(<Change.modified: 2>, 'E:\\Next JS\\researchbot\\backend\\logs\\research_assistant_20250907_111902.log')}
2025-09-07 11:52:18,305 - DEBUG - 1 change detected: {(<Change.modified: 2>, 'E:\\Next JS\\researchbot\\backend\\logs\\research_assistant_20250907_111902.log')}
2025-09-07 11:52:18,727 - DEBUG - 1 change detected: {(<Change.modified: 2>, 'E:\\Next JS\\researchbot\\backend\\logs\\research_assistant_20250907_111902.log')}
2025-09-07 11:52:19,151 - DEBUG - 1 change detected: {(<Change.modified: 2>, 'E:\\Next JS\\researchbot\\backend\\logs\\research_assistant_20250907_111902.log')}
2025-09-07 11:52:19,568 - DEBUG - 1 change detected: {(<Change.modified: 2>, 'E:\\Next JS\\researchbot\\backend\\logs\\research_assistant_20250907_111902.log')}
2025-09-07 11:52:20,058 - DEBUG - 1 change detected: {(<Change.modified: 2>, 'E:\\Next JS\\researchbot\\backend\\logs\\research_assistant_20250907_111902.log')}
2025-09-07 11:52:20,790 - DEBUG - 1 change detected: {(<Change.modified: 2>, 'E:\\Next JS\\researchbot\\backend\\logs\\research_assistant_20250907_111902.log')}
2025-09-07 11:52:21,359 - DEBUG - 1 change detected: {(<Change.modified: 2>, 'E:\\Next JS\\researchbot\\backend\\logs\\research_assistant_20250907_111902.log')}
2025-09-07 11:52:21,899 - DEBUG - 1 change detected: {(<Change.modified: 2>, 'E:\\Next JS\\researchbot\\backend\\logs\\research_assistant_20250907_111902.log')}
2025-09-07 11:52:22,584 - DEBUG - 1 change detected: {(<Change.modified: 2>, 'E:\\Next JS\\researchbot\\backend\\logs\\research_assistant_20250907_111902.log')}
2025-09-07 11:52:23,408 - DEBUG - 1 change detected: {(<Change.modified: 2>, 'E:\\Next JS\\researchbot\\backend\\logs\\research_assistant_20250907_111902.log')}
2025-09-07 11:52:24,480 - DEBUG - 1 change detected: {(<Change.modified: 2>, 'E:\\Next JS\\researchbot\\backend\\logs\\research_assistant_20250907_111902.log')}
2025-09-07 11:52:26,801 - DEBUG - 1 change detected: {(<Change.modified: 2>, 'E:\\Next JS\\researchbot\\backend\\logs\\research_assistant_20250907_111902.log')}
2025-09-07 11:52:27,180 - DEBUG - 1 change detected: {(<Change.modified: 2>, 'E:\\Next JS\\researchbot\\backend\\logs\\research_assistant_20250907_111902.log')}
2025-09-07 11:52:27,559 - DEBUG - 1 change detected: {(<Change.modified: 2>, 'E:\\Next JS\\researchbot\\backend\\logs\\research_assistant_20250907_111902.log')}
2025-09-07 11:52:27,974 - DEBUG - 1 change detected: {(<Change.modified: 2>, 'E:\\Next JS\\researchbot\\backend\\logs\\research_assistant_20250907_111902.log')}
2025-09-07 11:52:28,392 - DEBUG - 1 change detected: {(<Change.modified: 2>, 'E:\\Next JS\\researchbot\\backend\\logs\\research_assistant_20250907_111902.log')}
2025-09-07 11:52:28,822 - DEBUG - 1 change detected: {(<Change.modified: 2>, 'E:\\Next JS\\researchbot\\backend\\logs\\research_assistant_20250907_111902.log')}
2025-09-07 11:52:29,236 - DEBUG - 1 change detected: {(<Change.modified: 2>, 'E:\\Next JS\\researchbot\\backend\\logs\\research_assistant_20250907_111902.log')}
2025-09-07 11:52:29,596 - DEBUG - 1 change detected: {(<Change.modified: 2>, 'E:\\Next JS\\researchbot\\backend\\logs\\research_assistant_20250907_111902.log')}
2025-09-07 11:52:30,063 - DEBUG - 1 change detected: {(<Change.modified: 2>, 'E:\\Next JS\\researchbot\\backend\\logs\\research_assistant_20250907_111902.log')}
2025-09-07 11:52:30,469 - DEBUG - 1 change detected: {(<Change.modified: 2>, 'E:\\Next JS\\researchbot\\backend\\logs\\research_assistant_20250907_111902.log')}
2025-09-07 11:52:30,880 - DEBUG - 1 change detected: {(<Change.modified: 2>, 'E:\\Next JS\\researchbot\\backend\\logs\\research_assistant_20250907_111902.log')}
2025-09-07 11:52:31,299 - DEBUG - 1 change detected: {(<Change.modified: 2>, 'E:\\Next JS\\researchbot\\backend\\logs\\research_assistant_20250907_111902.log')}
2025-09-07 11:52:31,735 - DEBUG - 1 change detected: {(<Change.modified: 2>, 'E:\\Next JS\\researchbot\\backend\\logs\\research_assistant_20250907_111902.log')}
2025-09-07 11:52:32,214 - DEBUG - 1 change detected: {(<Change.modified: 2>, 'E:\\Next JS\\researchbot\\backend\\logs\\research_assistant_20250907_111902.log')}
2025-09-07 11:52:32,633 - DEBUG - 1 change detected: {(<Change.modified: 2>, 'E:\\Next JS\\researchbot\\backend\\logs\\research_assistant_20250907_111902.log')}
2025-09-07 11:52:33,049 - DEBUG - 1 change detected: {(<Change.modified: 2>, 'E:\\Next JS\\researchbot\\backend\\logs\\research_assistant_20250907_111902.log')}
2025-09-07 11:52:33,469 - DEBUG - 1 change detected: {(<Change.modified: 2>, 'E:\\Next JS\\researchbot\\backend\\logs\\research_assistant_20250907_111902.log')}
2025-09-07 11:52:33,882 - DEBUG - 1 change detected: {(<Change.modified: 2>, 'E:\\Next JS\\researchbot\\backend\\logs\\research_assistant_20250907_111902.log')}
2025-09-07 11:52:34,313 - DEBUG - 1 change detected: {(<Change.modified: 2>, 'E:\\Next JS\\researchbot\\backend\\logs\\research_assistant_20250907_111902.log')}
2025-09-07 11:52:34,721 - DEBUG - 1 change detected: {(<Change.modified: 2>, 'E:\\Next JS\\researchbot\\backend\\logs\\research_assistant_20250907_111902.log')}
2025-09-07 11:52:35,082 - DEBUG - 1 change detected: {(<Change.modified: 2>, 'E:\\Next JS\\researchbot\\backend\\logs\\research_assistant_20250907_111902.log')}
2025-09-07 11:52:35,496 - DEBUG - 1 change detected: {(<Change.modified: 2>, 'E:\\Next JS\\researchbot\\backend\\logs\\research_assistant_20250907_111902.log')}
2025-09-07 11:52:35,871 - DEBUG - 1 change detected: {(<Change.modified: 2>, 'E:\\Next JS\\researchbot\\backend\\logs\\research_assistant_20250907_111902.log')}
2025-09-07 11:52:36,288 - DEBUG - 1 change detected: {(<Change.modified: 2>, 'E:\\Next JS\\researchbot\\backend\\logs\\research_assistant_20250907_111902.log')}
2025-09-07 11:52:36,719 - DEBUG - 1 change detected: {(<Change.modified: 2>, 'E:\\Next JS\\researchbot\\backend\\logs\\research_assistant_20250907_111902.log')}
2025-09-07 11:52:37,123 - DEBUG - 1 change detected: {(<Change.modified: 2>, 'E:\\Next JS\\researchbot\\backend\\logs\\research_assistant_20250907_111902.log')}
2025-09-07 11:52:37,492 - DEBUG - 1 change detected: {(<Change.modified: 2>, 'E:\\Next JS\\researchbot\\backend\\logs\\research_assistant_20250907_111902.log')}
2025-09-07 11:52:37,916 - DEBUG - 1 change detected: {(<Change.modified: 2>, 'E:\\Next JS\\researchbot\\backend\\logs\\research_assistant_20250907_111902.log')}
2025-09-07 11:52:38,328 - DEBUG - 1 change detected: {(<Change.modified: 2>, 'E:\\Next JS\\researchbot\\backend\\logs\\research_assistant_20250907_111902.log')}
2025-09-07 11:52:38,697 - DEBUG - 1 change detected: {(<Change.modified: 2>, 'E:\\Next JS\\researchbot\\backend\\logs\\research_assistant_20250907_111902.log')}
2025-09-07 11:52:39,126 - DEBUG - 1 change detected: {(<Change.modified: 2>, 'E:\\Next JS\\researchbot\\backend\\logs\\research_assistant_20250907_111902.log')}
2025-09-07 11:52:39,485 - DEBUG - 1 change detected: {(<Change.modified: 2>, 'E:\\Next JS\\researchbot\\backend\\logs\\research_assistant_20250907_111902.log')}
2025-09-07 11:52:39,910 - DEBUG - 1 change detected: {(<Change.modified: 2>, 'E:\\Next JS\\researchbot\\backend\\logs\\research_assistant_20250907_111902.log')}
2025-09-07 11:52:40,380 - DEBUG - 1 change detected: {(<Change.modified: 2>, 'E:\\Next JS\\researchbot\\backend\\logs\\research_assistant_20250907_111902.log')}
2025-09-07 11:52:41,461 - DEBUG - 1 change detected: {(<Change.modified: 2>, 'E:\\Next JS\\researchbot\\backend\\logs\\research_assistant_20250907_111902.log')}
2025-09-07 11:52:42,000 - DEBUG - 1 change detected: {(<Change.modified: 2>, 'E:\\Next JS\\researchbot\\backend\\logs\\research_assistant_20250907_111902.log')}
2025-09-07 11:52:42,499 - DEBUG - 1 change detected: {(<Change.modified: 2>, 'E:\\Next JS\\researchbot\\backend\\logs\\research_assistant_20250907_111902.log')}
2025-09-07 11:52:42,872 - DEBUG - 1 change detected: {(<Change.modified: 2>, 'E:\\Next JS\\researchbot\\backend\\logs\\research_assistant_20250907_111902.log')}
2025-09-07 11:52:43,242 - DEBUG - 1 change detected: {(<Change.modified: 2>, 'E:\\Next JS\\researchbot\\backend\\logs\\research_assistant_20250907_111902.log')}
2025-09-07 11:52:44,077 - DEBUG - 1 change detected: {(<Change.modified: 2>, 'E:\\Next JS\\researchbot\\backend\\logs\\research_assistant_20250907_111902.log')}
2025-09-07 11:52:44,605 - DEBUG - 1 change detected: {(<Change.modified: 2>, 'E:\\Next JS\\researchbot\\backend\\logs\\research_assistant_20250907_111902.log')}
2025-09-07 11:52:45,406 - DEBUG - 1 change detected: {(<Change.modified: 2>, 'E:\\Next JS\\researchbot\\backend\\logs\\research_assistant_20250907_111902.log')}
2025-09-07 11:52:46,081 - DEBUG - 1 change detected: {(<Change.modified: 2>, 'E:\\Next JS\\researchbot\\backend\\logs\\research_assistant_20250907_111902.log')}
2025-09-07 11:52:46,772 - DEBUG - 1 change detected: {(<Change.modified: 2>, 'E:\\Next JS\\researchbot\\backend\\logs\\research_assistant_20250907_111902.log')}
2025-09-07 11:52:47,253 - DEBUG - 1 change detected: {(<Change.modified: 2>, 'E:\\Next JS\\researchbot\\backend\\logs\\research_assistant_20250907_111902.log')}
2025-09-07 11:52:47,627 - DEBUG - 1 change detected: {(<Change.modified: 2>, 'E:\\Next JS\\researchbot\\backend\\logs\\research_assistant_20250907_111902.log')}
2025-09-07 11:52:48,097 - DEBUG - 1 change detected: {(<Change.modified: 2>, 'E:\\Next JS\\researchbot\\backend\\logs\\research_assistant_20250907_111902.log')}
2025-09-07 11:52:48,470 - DEBUG - 1 change detected: {(<Change.modified: 2>, 'E:\\Next JS\\researchbot\\backend\\logs\\research_assistant_20250907_111902.log')}
2025-09-07 11:52:48,885 - DEBUG - 1 change detected: {(<Change.modified: 2>, 'E:\\Next JS\\researchbot\\backend\\logs\\research_assistant_20250907_111902.log')}
2025-09-07 11:52:49,264 - DEBUG - 1 change detected: {(<Change.modified: 2>, 'E:\\Next JS\\researchbot\\backend\\logs\\research_assistant_20250907_111902.log')}
2025-09-07 11:52:49,686 - DEBUG - 1 change detected: {(<Change.modified: 2>, 'E:\\Next JS\\researchbot\\backend\\logs\\research_assistant_20250907_111902.log')}
2025-09-07 11:52:50,171 - DEBUG - 1 change detected: {(<Change.modified: 2>, 'E:\\Next JS\\researchbot\\backend\\logs\\research_assistant_20250907_111902.log')}
2025-09-07 11:52:50,670 - DEBUG - 1 change detected: {(<Change.modified: 2>, 'E:\\Next JS\\researchbot\\backend\\logs\\research_assistant_20250907_111902.log')}
2025-09-07 11:52:51,131 - DEBUG - 1 change detected: {(<Change.modified: 2>, 'E:\\Next JS\\researchbot\\backend\\logs\\research_assistant_20250907_111902.log')}
2025-09-07 11:52:51,513 - DEBUG - 1 change detected: {(<Change.modified: 2>, 'E:\\Next JS\\researchbot\\backend\\logs\\research_assistant_20250907_111902.log')}
2025-09-07 11:52:51,877 - DEBUG - 1 change detected: {(<Change.modified: 2>, 'E:\\Next JS\\researchbot\\backend\\logs\\research_assistant_20250907_111902.log')}
2025-09-07 11:52:52,414 - DEBUG - 1 change detected: {(<Change.modified: 2>, 'E:\\Next JS\\researchbot\\backend\\logs\\research_assistant_20250907_111902.log')}
2025-09-07 11:52:53,082 - DEBUG - 1 change detected: {(<Change.modified: 2>, 'E:\\Next JS\\researchbot\\backend\\logs\\research_assistant_20250907_111902.log')}
2025-09-07 11:52:53,461 - DEBUG - 1 change detected: {(<Change.modified: 2>, 'E:\\Next JS\\researchbot\\backend\\logs\\research_assistant_20250907_111902.log')}
2025-09-07 11:52:53,811 - DEBUG - 1 change detected: {(<Change.modified: 2>, 'E:\\Next JS\\researchbot\\backend\\logs\\research_assistant_20250907_111902.log')}
2025-09-07 11:52:54,179 - DEBUG - 1 change detected: {(<Change.modified: 2>, 'E:\\Next JS\\researchbot\\backend\\logs\\research_assistant_20250907_111902.log')}
2025-09-07 11:52:54,543 - DEBUG - 1 change detected: {(<Change.modified: 2>, 'E:\\Next JS\\researchbot\\backend\\logs\\research_assistant_20250907_111902.log')}
2025-09-07 11:52:54,922 - DEBUG - 1 change detected: {(<Change.modified: 2>, 'E:\\Next JS\\researchbot\\backend\\logs\\research_assistant_20250907_111902.log')}
2025-09-07 11:52:55,285 - DEBUG - 1 change detected: {(<Change.modified: 2>, 'E:\\Next JS\\researchbot\\backend\\logs\\research_assistant_20250907_111902.log')}
2025-09-07 11:52:55,652 - DEBUG - 1 change detected: {(<Change.modified: 2>, 'E:\\Next JS\\researchbot\\backend\\logs\\research_assistant_20250907_111902.log')}
2025-09-07 11:52:56,028 - DEBUG - 1 change detected: {(<Change.modified: 2>, 'E:\\Next JS\\researchbot\\backend\\logs\\research_assistant_20250907_111902.log')}
2025-09-07 11:52:56,439 - DEBUG - 1 change detected: {(<Change.modified: 2>, 'E:\\Next JS\\researchbot\\backend\\logs\\research_assistant_20250907_111902.log')}
2025-09-07 11:52:56,857 - DEBUG - 1 change detected: {(<Change.modified: 2>, 'E:\\Next JS\\researchbot\\backend\\logs\\research_assistant_20250907_111902.log')}
2025-09-07 11:52:57,268 - DEBUG - 1 change detected: {(<Change.modified: 2>, 'E:\\Next JS\\researchbot\\backend\\logs\\research_assistant_20250907_111902.log')}
2025-09-07 11:52:57,690 - DEBUG - 1 change detected: {(<Change.modified: 2>, 'E:\\Next JS\\researchbot\\backend\\logs\\research_assistant_20250907_111902.log')}
2025-09-07 11:52:58,154 - DEBUG - 1 change detected: {(<Change.modified: 2>, 'E:\\Next JS\\researchbot\\backend\\logs\\research_assistant_20250907_111902.log')}
2025-09-07 11:52:58,604 - DEBUG - 1 change detected: {(<Change.modified: 2>, 'E:\\Next JS\\researchbot\\backend\\logs\\research_assistant_20250907_111902.log')}
2025-09-07 11:52:59,037 - DEBUG - 1 change detected: {(<Change.modified: 2>, 'E:\\Next JS\\researchbot\\backend\\logs\\research_assistant_20250907_111902.log')}
2025-09-07 11:52:59,403 - DEBUG - 1 change detected: {(<Change.modified: 2>, 'E:\\Next JS\\researchbot\\backend\\logs\\research_assistant_20250907_111902.log')}
2025-09-07 11:52:59,824 - DEBUG - 1 change detected: {(<Change.modified: 2>, 'E:\\Next JS\\researchbot\\backend\\logs\\research_assistant_20250907_111902.log')}
2025-09-07 11:53:00,244 - DEBUG - 1 change detected: {(<Change.modified: 2>, 'E:\\Next JS\\researchbot\\backend\\logs\\research_assistant_20250907_111902.log')}
2025-09-07 11:53:00,662 - DEBUG - 1 change detected: {(<Change.modified: 2>, 'E:\\Next JS\\researchbot\\backend\\logs\\research_assistant_20250907_111902.log')}
2025-09-07 11:53:01,086 - DEBUG - 1 change detected: {(<Change.modified: 2>, 'E:\\Next JS\\researchbot\\backend\\logs\\research_assistant_20250907_111902.log')}
2025-09-07 11:53:01,500 - DEBUG - 1 change detected: {(<Change.modified: 2>, 'E:\\Next JS\\researchbot\\backend\\logs\\research_assistant_20250907_111902.log')}
2025-09-07 11:53:01,875 - DEBUG - 1 change detected: {(<Change.modified: 2>, 'E:\\Next JS\\researchbot\\backend\\logs\\research_assistant_20250907_111902.log')}
2025-09-07 11:53:02,282 - DEBUG - 1 change detected: {(<Change.modified: 2>, 'E:\\Next JS\\researchbot\\backend\\logs\\research_assistant_20250907_111902.log')}
2025-09-07 11:53:02,699 - DEBUG - 1 change detected: {(<Change.modified: 2>, 'E:\\Next JS\\researchbot\\backend\\logs\\research_assistant_20250907_111902.log')}
2025-09-07 11:53:03,125 - DEBUG - 1 change detected: {(<Change.modified: 2>, 'E:\\Next JS\\researchbot\\backend\\logs\\research_assistant_20250907_111902.log')}
2025-09-07 11:53:03,491 - DEBUG - 1 change detected: {(<Change.modified: 2>, 'E:\\Next JS\\researchbot\\backend\\logs\\research_assistant_20250907_111902.log')}
2025-09-07 11:53:03,900 - DEBUG - 1 change detected: {(<Change.modified: 2>, 'E:\\Next JS\\researchbot\\backend\\logs\\research_assistant_20250907_111902.log')}
2025-09-07 11:53:04,311 - DEBUG - 1 change detected: {(<Change.modified: 2>, 'E:\\Next JS\\researchbot\\backend\\logs\\research_assistant_20250907_111902.log')}
2025-09-07 11:53:04,718 - DEBUG - 1 change detected: {(<Change.modified: 2>, 'E:\\Next JS\\researchbot\\backend\\logs\\research_assistant_20250907_111902.log')}
2025-09-07 11:53:05,138 - DEBUG - 1 change detected: {(<Change.modified: 2>, 'E:\\Next JS\\researchbot\\backend\\logs\\research_assistant_20250907_111902.log')}
2025-09-07 11:53:05,557 - DEBUG - 1 change detected: {(<Change.modified: 2>, 'E:\\Next JS\\researchbot\\backend\\logs\\research_assistant_20250907_111902.log')}
2025-09-07 11:53:05,922 - DEBUG - 1 change detected: {(<Change.modified: 2>, 'E:\\Next JS\\researchbot\\backend\\logs\\research_assistant_20250907_111902.log')}
2025-09-07 11:53:06,389 - DEBUG - 1 change detected: {(<Change.modified: 2>, 'E:\\Next JS\\researchbot\\backend\\logs\\research_assistant_20250907_111902.log')}
2025-09-07 11:53:06,758 - DEBUG - 1 change detected: {(<Change.modified: 2>, 'E:\\Next JS\\researchbot\\backend\\logs\\research_assistant_20250907_111902.log')}
2025-09-07 11:53:07,177 - DEBUG - 1 change detected: {(<Change.modified: 2>, 'E:\\Next JS\\researchbot\\backend\\logs\\research_assistant_20250907_111902.log')}
2025-09-07 11:53:07,588 - DEBUG - 1 change detected: {(<Change.modified: 2>, 'E:\\Next JS\\researchbot\\backend\\logs\\research_assistant_20250907_111902.log')}
2025-09-07 11:53:08,003 - DEBUG - 1 change detected: {(<Change.modified: 2>, 'E:\\Next JS\\researchbot\\backend\\logs\\research_assistant_20250907_111902.log')}
2025-09-07 11:53:08,477 - DEBUG - 1 change detected: {(<Change.modified: 2>, 'E:\\Next JS\\researchbot\\backend\\logs\\research_assistant_20250907_111902.log')}
2025-09-07 11:53:08,832 - DEBUG - 1 change detected: {(<Change.modified: 2>, 'E:\\Next JS\\researchbot\\backend\\logs\\research_assistant_20250907_111902.log')}
2025-09-07 11:53:09,236 - DEBUG - 1 change detected: {(<Change.modified: 2>, 'E:\\Next JS\\researchbot\\backend\\logs\\research_assistant_20250907_111902.log')}
2025-09-07 11:53:09,658 - DEBUG - 1 change detected: {(<Change.modified: 2>, 'E:\\Next JS\\researchbot\\backend\\logs\\research_assistant_20250907_111902.log')}
2025-09-07 11:53:10,022 - DEBUG - 1 change detected: {(<Change.modified: 2>, 'E:\\Next JS\\researchbot\\backend\\logs\\research_assistant_20250907_111902.log')}
2025-09-07 11:53:10,441 - DEBUG - 1 change detected: {(<Change.modified: 2>, 'E:\\Next JS\\researchbot\\backend\\logs\\research_assistant_20250907_111902.log')}
2025-09-07 11:53:10,866 - DEBUG - 1 change detected: {(<Change.modified: 2>, 'E:\\Next JS\\researchbot\\backend\\logs\\research_assistant_20250907_111902.log')}
