2025-09-06 14:24:31,608 - DEBUG - 1 change detected: {(<Change.modified: 2>, 'E:\\Next JS\\researchbot\\backend\\logs')}
2025-09-06 14:24:36,156 - DEBUG - 1 change detected: {(<Change.added: 1>, 'E:\\Next JS\\researchbot\\backend\\logs\\research_assistant_20250906_142436.log')}
2025-09-06 14:24:36,526 - DEBUG - 2 changes detected: {(<Change.modified: 2>, 'E:\\Next JS\\researchbot\\backend\\logs'), (<Change.modified: 2>, 'E:\\Next JS\\researchbot\\backend\\logs\\research_assistant_20250906_142436.log')}
2025-09-06 14:26:29,993 - DEBUG - 1 change detected: {(<Change.modified: 2>, 'E:\\Next JS\\researchbot\\backend\\logs\\research_assistant_20250906_142429.log')}
2025-09-06 14:26:30,427 - DEBUG - 1 change detected: {(<Change.modified: 2>, 'E:\\Next JS\\researchbot\\backend\\logs\\research_assistant_20250906_142429.log')}
2025-09-06 14:26:30,815 - DEBUG - 1 change detected: {(<Change.modified: 2>, 'E:\\Next JS\\researchbot\\backend\\logs\\research_assistant_20250906_142429.log')}
2025-09-06 14:26:31,292 - DEBUG - 1 change detected: {(<Change.modified: 2>, 'E:\\Next JS\\researchbot\\backend\\logs\\research_assistant_20250906_142429.log')}
2025-09-06 14:26:31,896 - DEBUG - 1 change detected: {(<Change.modified: 2>, 'E:\\Next JS\\researchbot\\backend\\logs\\research_assistant_20250906_142429.log')}
2025-09-06 14:26:32,301 - DEBUG - 1 change detected: {(<Change.modified: 2>, 'E:\\Next JS\\researchbot\\backend\\logs\\research_assistant_20250906_142429.log')}
2025-09-06 14:26:32,736 - DEBUG - 1 change detected: {(<Change.modified: 2>, 'E:\\Next JS\\researchbot\\backend\\logs\\research_assistant_20250906_142429.log')}
2025-09-06 14:26:33,157 - DEBUG - 1 change detected: {(<Change.modified: 2>, 'E:\\Next JS\\researchbot\\backend\\logs\\research_assistant_20250906_142429.log')}
2025-09-06 14:26:33,687 - DEBUG - 1 change detected: {(<Change.modified: 2>, 'E:\\Next JS\\researchbot\\backend\\logs\\research_assistant_20250906_142429.log')}
2025-09-06 14:26:34,172 - DEBUG - 1 change detected: {(<Change.modified: 2>, 'E:\\Next JS\\researchbot\\backend\\logs\\research_assistant_20250906_142429.log')}
2025-09-06 14:26:34,611 - DEBUG - 1 change detected: {(<Change.modified: 2>, 'E:\\Next JS\\researchbot\\backend\\logs\\research_assistant_20250906_142429.log')}
2025-09-06 14:26:34,990 - DEBUG - 1 change detected: {(<Change.modified: 2>, 'E:\\Next JS\\researchbot\\backend\\logs\\research_assistant_20250906_142429.log')}
2025-09-06 14:26:35,513 - DEBUG - 1 change detected: {(<Change.modified: 2>, 'E:\\Next JS\\researchbot\\backend\\logs\\research_assistant_20250906_142429.log')}
2025-09-06 14:26:35,966 - DEBUG - 1 change detected: {(<Change.modified: 2>, 'E:\\Next JS\\researchbot\\backend\\logs\\research_assistant_20250906_142429.log')}
2025-09-06 14:26:36,849 - DEBUG - 1 change detected: {(<Change.modified: 2>, 'E:\\Next JS\\researchbot\\backend\\bot.py')}
2025-09-06 14:26:39,664 - DEBUG - 2 changes detected: {(<Change.modified: 2>, 'E:\\Next JS\\researchbot\\backend\\logs\\research_assistant_20250906_142429.log'), (<Change.modified: 2>, 'E:\\Next JS\\researchbot\\backend\\logs\\research_assistant_20250906_142436.log')}
2025-09-06 14:26:41,729 - DEBUG - 1 change detected: {(<Change.modified: 2>, 'E:\\Next JS\\researchbot\\backend\\bot.py')}
2025-09-06 14:26:44,026 - DEBUG - 1 change detected: {(<Change.modified: 2>, 'E:\\Next JS\\researchbot\\backend\\logs\\research_assistant_20250906_142429.log')}
2025-09-06 14:26:44,654 - DEBUG - 1 change detected: {(<Change.modified: 2>, 'E:\\Next JS\\researchbot\\backend\\logs\\research_assistant_20250906_142429.log')}
2025-09-06 14:26:45,041 - DEBUG - 1 change detected: {(<Change.modified: 2>, 'E:\\Next JS\\researchbot\\backend\\logs\\research_assistant_20250906_142429.log')}
2025-09-06 14:26:45,449 - DEBUG - 1 change detected: {(<Change.modified: 2>, 'E:\\Next JS\\researchbot\\backend\\logs\\research_assistant_20250906_142429.log')}
2025-09-06 14:26:46,137 - DEBUG - 1 change detected: {(<Change.modified: 2>, 'E:\\Next JS\\researchbot\\backend\\logs\\research_assistant_20250906_142429.log')}
2025-09-06 14:26:46,800 - DEBUG - 1 change detected: {(<Change.modified: 2>, 'E:\\Next JS\\researchbot\\backend\\logs\\research_assistant_20250906_142429.log')}
2025-09-06 14:26:47,188 - DEBUG - 1 change detected: {(<Change.modified: 2>, 'E:\\Next JS\\researchbot\\backend\\logs\\research_assistant_20250906_142429.log')}
2025-09-06 14:26:47,681 - DEBUG - 1 change detected: {(<Change.modified: 2>, 'E:\\Next JS\\researchbot\\backend\\logs\\research_assistant_20250906_142429.log')}
2025-09-06 14:26:48,265 - DEBUG - 1 change detected: {(<Change.modified: 2>, 'E:\\Next JS\\researchbot\\backend\\logs\\research_assistant_20250906_142429.log')}
2025-09-06 14:26:49,105 - DEBUG - 1 change detected: {(<Change.modified: 2>, 'E:\\Next JS\\researchbot\\backend\\logs\\research_assistant_20250906_142429.log')}
2025-09-06 14:26:49,932 - DEBUG - 1 change detected: {(<Change.modified: 2>, 'E:\\Next JS\\researchbot\\backend\\logs\\research_assistant_20250906_142429.log')}
2025-09-06 14:26:50,651 - DEBUG - 1 change detected: {(<Change.modified: 2>, 'E:\\Next JS\\researchbot\\backend\\bot.py')}
2025-09-06 14:26:56,859 - DEBUG - 1 change detected: {(<Change.modified: 2>, 'E:\\Next JS\\researchbot\\backend\\logs\\research_assistant_20250906_142429.log')}
2025-09-06 14:27:00,596 - DEBUG - 5 changes detected: {(<Change.deleted: 3>, 'E:\\Next JS\\researchbot\\backend\\__pycache__\\bot.cpython-313.pyc'), (<Change.deleted: 3>, 'E:\\Next JS\\researchbot\\backend\\__pycache__\\bot.cpython-313.pyc.1887379818288'), (<Change.added: 1>, 'E:\\Next JS\\researchbot\\backend\\__pycache__\\bot.cpython-313.pyc'), (<Change.added: 1>, 'E:\\Next JS\\researchbot\\backend\\__pycache__\\bot.cpython-313.pyc.1887379818288'), (<Change.modified: 2>, 'E:\\Next JS\\researchbot\\backend\\__pycache__')}
2025-09-06 14:27:04,323 - DEBUG - 1 change detected: {(<Change.added: 1>, 'E:\\Next JS\\researchbot\\backend\\logs\\research_assistant_20250906_142704.log')}
2025-09-06 14:27:04,702 - DEBUG - 2 changes detected: {(<Change.modified: 2>, 'E:\\Next JS\\researchbot\\backend\\logs\\research_assistant_20250906_142704.log'), (<Change.modified: 2>, 'E:\\Next JS\\researchbot\\backend\\logs')}
2025-09-06 14:27:10,507 - DEBUG - 1 change detected: {(<Change.modified: 2>, 'E:\\Next JS\\researchbot\\backend\\bot.py')}
2025-09-06 14:27:12,486 - DEBUG - 1 change detected: {(<Change.modified: 2>, 'E:\\Next JS\\researchbot\\backend\\logs\\research_assistant_20250906_142704.log')}
2025-09-06 14:27:14,783 - DEBUG - 5 changes detected: {(<Change.deleted: 3>, 'E:\\Next JS\\researchbot\\backend\\__pycache__\\bot.cpython-313.pyc'), (<Change.deleted: 3>, 'E:\\Next JS\\researchbot\\backend\\__pycache__\\bot.cpython-313.pyc.2886951470896'), (<Change.added: 1>, 'E:\\Next JS\\researchbot\\backend\\__pycache__\\bot.cpython-313.pyc'), (<Change.added: 1>, 'E:\\Next JS\\researchbot\\backend\\__pycache__\\bot.cpython-313.pyc.2886951470896'), (<Change.modified: 2>, 'E:\\Next JS\\researchbot\\backend\\__pycache__')}
2025-09-06 14:27:25,867 - DEBUG - 2 changes detected: {(<Change.modified: 2>, 'E:\\Next JS\\researchbot\\backend\\logs'), (<Change.added: 1>, 'E:\\Next JS\\researchbot\\backend\\logs\\research_assistant_20250906_142725.log')}
2025-09-06 14:27:50,590 - DEBUG - 1 change detected: {(<Change.modified: 2>, 'E:\\Next JS\\researchbot\\backend\\bot.py')}
2025-09-06 14:27:54,179 - DEBUG - 1 change detected: {(<Change.modified: 2>, 'E:\\Next JS\\researchbot\\backend\\logs\\research_assistant_20250906_142725.log')}
2025-09-06 14:28:19,148 - DEBUG - 5 changes detected: {(<Change.added: 1>, 'E:\\Next JS\\researchbot\\backend\\__pycache__\\bot.cpython-313.pyc.2231550773040'), (<Change.deleted: 3>, 'E:\\Next JS\\researchbot\\backend\\__pycache__\\bot.cpython-313.pyc'), (<Change.added: 1>, 'E:\\Next JS\\researchbot\\backend\\__pycache__\\bot.cpython-313.pyc'), (<Change.deleted: 3>, 'E:\\Next JS\\researchbot\\backend\\__pycache__\\bot.cpython-313.pyc.2231550773040'), (<Change.modified: 2>, 'E:\\Next JS\\researchbot\\backend\\__pycache__')}
2025-09-06 14:28:52,405 - DEBUG - 1 change detected: {(<Change.added: 1>, 'E:\\Next JS\\researchbot\\backend\\logs\\research_assistant_20250906_142852.log')}
2025-09-06 14:28:52,867 - DEBUG - 2 changes detected: {(<Change.modified: 2>, 'E:\\Next JS\\researchbot\\backend\\logs\\research_assistant_20250906_142852.log'), (<Change.modified: 2>, 'E:\\Next JS\\researchbot\\backend\\logs')}
2025-09-06 14:29:04,805 - DEBUG - 1 change detected: {(<Change.modified: 2>, 'E:\\Next JS\\researchbot\\backend\\logs\\research_assistant_20250906_142429.log')}
2025-09-06 14:29:05,271 - DEBUG - 1 change detected: {(<Change.modified: 2>, 'E:\\Next JS\\researchbot\\backend\\logs\\research_assistant_20250906_142429.log')}
2025-09-06 14:29:05,773 - DEBUG - 1 change detected: {(<Change.modified: 2>, 'E:\\Next JS\\researchbot\\backend\\logs\\research_assistant_20250906_142429.log')}
2025-09-06 14:29:13,530 - DEBUG - 1 change detected: {(<Change.modified: 2>, 'E:\\Next JS\\researchbot\\backend\\logs\\research_assistant_20250906_142429.log')}
2025-09-06 14:29:13,903 - DEBUG - 1 change detected: {(<Change.modified: 2>, 'E:\\Next JS\\researchbot\\backend\\logs\\research_assistant_20250906_142429.log')}
2025-09-06 14:29:14,286 - DEBUG - 1 change detected: {(<Change.modified: 2>, 'E:\\Next JS\\researchbot\\backend\\logs\\research_assistant_20250906_142429.log')}
2025-09-06 14:29:14,723 - DEBUG - 1 change detected: {(<Change.modified: 2>, 'E:\\Next JS\\researchbot\\backend\\logs\\research_assistant_20250906_142429.log')}
2025-09-06 14:29:15,220 - DEBUG - 1 change detected: {(<Change.modified: 2>, 'E:\\Next JS\\researchbot\\backend\\logs\\research_assistant_20250906_142429.log')}
2025-09-06 14:29:15,678 - DEBUG - 1 change detected: {(<Change.modified: 2>, 'E:\\Next JS\\researchbot\\backend\\logs\\research_assistant_20250906_142429.log')}
2025-09-06 14:29:16,104 - DEBUG - 1 change detected: {(<Change.modified: 2>, 'E:\\Next JS\\researchbot\\backend\\logs\\research_assistant_20250906_142429.log')}
2025-09-06 14:29:16,510 - DEBUG - 1 change detected: {(<Change.modified: 2>, 'E:\\Next JS\\researchbot\\backend\\logs\\research_assistant_20250906_142429.log')}
2025-09-06 14:29:16,969 - DEBUG - 1 change detected: {(<Change.modified: 2>, 'E:\\Next JS\\researchbot\\backend\\logs\\research_assistant_20250906_142429.log')}
2025-09-06 14:29:17,333 - DEBUG - 1 change detected: {(<Change.modified: 2>, 'E:\\Next JS\\researchbot\\backend\\logs\\research_assistant_20250906_142429.log')}
2025-09-06 14:29:17,770 - DEBUG - 1 change detected: {(<Change.modified: 2>, 'E:\\Next JS\\researchbot\\backend\\logs\\research_assistant_20250906_142429.log')}
2025-09-06 14:29:18,138 - DEBUG - 1 change detected: {(<Change.modified: 2>, 'E:\\Next JS\\researchbot\\backend\\logs\\research_assistant_20250906_142429.log')}
2025-09-06 14:29:18,544 - DEBUG - 1 change detected: {(<Change.modified: 2>, 'E:\\Next JS\\researchbot\\backend\\logs\\research_assistant_20250906_142429.log')}
2025-09-06 14:29:18,955 - DEBUG - 1 change detected: {(<Change.modified: 2>, 'E:\\Next JS\\researchbot\\backend\\logs\\research_assistant_20250906_142429.log')}
2025-09-06 14:29:19,367 - DEBUG - 1 change detected: {(<Change.modified: 2>, 'E:\\Next JS\\researchbot\\backend\\logs\\research_assistant_20250906_142429.log')}
2025-09-06 14:29:19,787 - DEBUG - 1 change detected: {(<Change.modified: 2>, 'E:\\Next JS\\researchbot\\backend\\logs\\research_assistant_20250906_142429.log')}
2025-09-06 14:29:20,204 - DEBUG - 1 change detected: {(<Change.modified: 2>, 'E:\\Next JS\\researchbot\\backend\\logs\\research_assistant_20250906_142429.log')}
2025-09-06 14:29:20,594 - DEBUG - 1 change detected: {(<Change.modified: 2>, 'E:\\Next JS\\researchbot\\backend\\logs\\research_assistant_20250906_142429.log')}
2025-09-06 14:29:21,006 - DEBUG - 1 change detected: {(<Change.modified: 2>, 'E:\\Next JS\\researchbot\\backend\\logs\\research_assistant_20250906_142429.log')}
2025-09-06 14:29:21,409 - DEBUG - 1 change detected: {(<Change.modified: 2>, 'E:\\Next JS\\researchbot\\backend\\logs\\research_assistant_20250906_142429.log')}
2025-09-06 14:29:21,834 - DEBUG - 1 change detected: {(<Change.modified: 2>, 'E:\\Next JS\\researchbot\\backend\\logs\\research_assistant_20250906_142429.log')}
2025-09-06 14:29:22,193 - DEBUG - 1 change detected: {(<Change.modified: 2>, 'E:\\Next JS\\researchbot\\backend\\logs\\research_assistant_20250906_142429.log')}
2025-09-06 14:29:22,623 - DEBUG - 1 change detected: {(<Change.modified: 2>, 'E:\\Next JS\\researchbot\\backend\\logs\\research_assistant_20250906_142429.log')}
2025-09-06 14:29:23,048 - DEBUG - 1 change detected: {(<Change.modified: 2>, 'E:\\Next JS\\researchbot\\backend\\logs\\research_assistant_20250906_142429.log')}
2025-09-06 14:29:23,453 - DEBUG - 1 change detected: {(<Change.modified: 2>, 'E:\\Next JS\\researchbot\\backend\\logs\\research_assistant_20250906_142429.log')}
2025-09-06 14:29:23,879 - DEBUG - 1 change detected: {(<Change.modified: 2>, 'E:\\Next JS\\researchbot\\backend\\logs\\research_assistant_20250906_142429.log')}
2025-09-06 14:29:24,290 - DEBUG - 1 change detected: {(<Change.modified: 2>, 'E:\\Next JS\\researchbot\\backend\\logs\\research_assistant_20250906_142429.log')}
2025-09-06 14:29:24,652 - DEBUG - 1 change detected: {(<Change.modified: 2>, 'E:\\Next JS\\researchbot\\backend\\logs\\research_assistant_20250906_142429.log')}
2025-09-06 14:29:25,116 - DEBUG - 1 change detected: {(<Change.modified: 2>, 'E:\\Next JS\\researchbot\\backend\\logs\\research_assistant_20250906_142429.log')}
2025-09-06 14:29:25,534 - DEBUG - 1 change detected: {(<Change.modified: 2>, 'E:\\Next JS\\researchbot\\backend\\logs\\research_assistant_20250906_142429.log')}
2025-09-06 14:29:26,004 - DEBUG - 1 change detected: {(<Change.modified: 2>, 'E:\\Next JS\\researchbot\\backend\\logs\\research_assistant_20250906_142429.log')}
2025-09-06 14:29:26,411 - DEBUG - 1 change detected: {(<Change.modified: 2>, 'E:\\Next JS\\researchbot\\backend\\logs\\research_assistant_20250906_142429.log')}
2025-09-06 14:29:26,779 - DEBUG - 1 change detected: {(<Change.modified: 2>, 'E:\\Next JS\\researchbot\\backend\\logs\\research_assistant_20250906_142429.log')}
2025-09-06 14:29:27,207 - DEBUG - 1 change detected: {(<Change.modified: 2>, 'E:\\Next JS\\researchbot\\backend\\logs\\research_assistant_20250906_142429.log')}
2025-09-06 14:29:27,613 - DEBUG - 1 change detected: {(<Change.modified: 2>, 'E:\\Next JS\\researchbot\\backend\\logs\\research_assistant_20250906_142429.log')}
2025-09-06 14:29:28,026 - DEBUG - 1 change detected: {(<Change.modified: 2>, 'E:\\Next JS\\researchbot\\backend\\logs\\research_assistant_20250906_142429.log')}
2025-09-06 14:29:28,442 - DEBUG - 1 change detected: {(<Change.modified: 2>, 'E:\\Next JS\\researchbot\\backend\\logs\\research_assistant_20250906_142429.log')}
2025-09-06 14:29:28,803 - DEBUG - 1 change detected: {(<Change.modified: 2>, 'E:\\Next JS\\researchbot\\backend\\logs\\research_assistant_20250906_142429.log')}
2025-09-06 14:29:29,213 - DEBUG - 1 change detected: {(<Change.modified: 2>, 'E:\\Next JS\\researchbot\\backend\\logs\\research_assistant_20250906_142429.log')}
2025-09-06 14:29:29,626 - DEBUG - 1 change detected: {(<Change.modified: 2>, 'E:\\Next JS\\researchbot\\backend\\logs\\research_assistant_20250906_142429.log')}
2025-09-06 14:29:30,047 - DEBUG - 1 change detected: {(<Change.modified: 2>, 'E:\\Next JS\\researchbot\\backend\\logs\\research_assistant_20250906_142429.log')}
2025-09-06 14:29:30,464 - DEBUG - 1 change detected: {(<Change.modified: 2>, 'E:\\Next JS\\researchbot\\backend\\logs\\research_assistant_20250906_142429.log')}
2025-09-06 14:29:30,872 - DEBUG - 1 change detected: {(<Change.modified: 2>, 'E:\\Next JS\\researchbot\\backend\\logs\\research_assistant_20250906_142429.log')}
2025-09-06 14:29:31,234 - DEBUG - 1 change detected: {(<Change.modified: 2>, 'E:\\Next JS\\researchbot\\backend\\logs\\research_assistant_20250906_142429.log')}
2025-09-06 14:29:31,663 - DEBUG - 1 change detected: {(<Change.modified: 2>, 'E:\\Next JS\\researchbot\\backend\\logs\\research_assistant_20250906_142429.log')}
2025-09-06 14:29:32,090 - DEBUG - 1 change detected: {(<Change.modified: 2>, 'E:\\Next JS\\researchbot\\backend\\logs\\research_assistant_20250906_142429.log')}
2025-09-06 14:29:32,502 - DEBUG - 1 change detected: {(<Change.modified: 2>, 'E:\\Next JS\\researchbot\\backend\\logs\\research_assistant_20250906_142429.log')}
2025-09-06 14:29:32,912 - DEBUG - 1 change detected: {(<Change.modified: 2>, 'E:\\Next JS\\researchbot\\backend\\logs\\research_assistant_20250906_142429.log')}
2025-09-06 14:29:33,274 - DEBUG - 1 change detected: {(<Change.modified: 2>, 'E:\\Next JS\\researchbot\\backend\\logs\\research_assistant_20250906_142429.log')}
2025-09-06 14:29:33,684 - DEBUG - 1 change detected: {(<Change.modified: 2>, 'E:\\Next JS\\researchbot\\backend\\logs\\research_assistant_20250906_142429.log')}
2025-09-06 14:29:34,093 - DEBUG - 1 change detected: {(<Change.modified: 2>, 'E:\\Next JS\\researchbot\\backend\\logs\\research_assistant_20250906_142429.log')}
2025-09-06 14:29:34,581 - DEBUG - 1 change detected: {(<Change.modified: 2>, 'E:\\Next JS\\researchbot\\backend\\logs\\research_assistant_20250906_142429.log')}
2025-09-06 14:29:34,994 - DEBUG - 1 change detected: {(<Change.modified: 2>, 'E:\\Next JS\\researchbot\\backend\\logs\\research_assistant_20250906_142429.log')}
2025-09-06 14:29:35,413 - DEBUG - 1 change detected: {(<Change.modified: 2>, 'E:\\Next JS\\researchbot\\backend\\logs\\research_assistant_20250906_142429.log')}
2025-09-06 14:29:35,833 - DEBUG - 1 change detected: {(<Change.modified: 2>, 'E:\\Next JS\\researchbot\\backend\\logs\\research_assistant_20250906_142429.log')}
2025-09-06 14:29:36,192 - DEBUG - 1 change detected: {(<Change.modified: 2>, 'E:\\Next JS\\researchbot\\backend\\logs\\research_assistant_20250906_142429.log')}
2025-09-06 14:29:36,603 - DEBUG - 1 change detected: {(<Change.modified: 2>, 'E:\\Next JS\\researchbot\\backend\\logs\\research_assistant_20250906_142429.log')}
2025-09-06 14:29:37,042 - DEBUG - 1 change detected: {(<Change.modified: 2>, 'E:\\Next JS\\researchbot\\backend\\logs\\research_assistant_20250906_142429.log')}
2025-09-06 14:29:37,531 - DEBUG - 1 change detected: {(<Change.modified: 2>, 'E:\\Next JS\\researchbot\\backend\\logs\\research_assistant_20250906_142429.log')}
2025-09-06 14:29:37,923 - DEBUG - 1 change detected: {(<Change.modified: 2>, 'E:\\Next JS\\researchbot\\backend\\logs\\research_assistant_20250906_142429.log')}
2025-09-06 14:29:38,448 - DEBUG - 1 change detected: {(<Change.modified: 2>, 'E:\\Next JS\\researchbot\\backend\\logs\\research_assistant_20250906_142429.log')}
2025-09-06 14:29:39,347 - DEBUG - 1 change detected: {(<Change.modified: 2>, 'E:\\Next JS\\researchbot\\backend\\logs\\research_assistant_20250906_142429.log')}
2025-09-06 14:29:40,227 - DEBUG - 1 change detected: {(<Change.modified: 2>, 'E:\\Next JS\\researchbot\\backend\\logs\\research_assistant_20250906_142429.log')}
2025-09-06 14:30:19,540 - DEBUG - 1 change detected: {(<Change.modified: 2>, 'E:\\Next JS\\researchbot\\backend\\bot.py')}
2025-09-06 14:30:20,642 - DEBUG - 1 change detected: {(<Change.modified: 2>, 'E:\\Next JS\\researchbot\\backend\\logs\\research_assistant_20250906_142852.log')}
2025-09-06 14:30:22,328 - DEBUG - 5 changes detected: {(<Change.deleted: 3>, 'E:\\Next JS\\researchbot\\backend\\__pycache__\\bot.cpython-313.pyc'), (<Change.added: 1>, 'E:\\Next JS\\researchbot\\backend\\__pycache__\\bot.cpython-313.pyc.2554234308400'), (<Change.added: 1>, 'E:\\Next JS\\researchbot\\backend\\__pycache__\\bot.cpython-313.pyc'), (<Change.modified: 2>, 'E:\\Next JS\\researchbot\\backend\\__pycache__'), (<Change.deleted: 3>, 'E:\\Next JS\\researchbot\\backend\\__pycache__\\bot.cpython-313.pyc.2554234308400')}
2025-09-06 14:30:24,507 - DEBUG - 1 change detected: {(<Change.added: 1>, 'E:\\Next JS\\researchbot\\backend\\logs\\research_assistant_20250906_143024.log')}
2025-09-06 14:30:24,906 - DEBUG - 2 changes detected: {(<Change.modified: 2>, 'E:\\Next JS\\researchbot\\backend\\logs'), (<Change.modified: 2>, 'E:\\Next JS\\researchbot\\backend\\logs\\research_assistant_20250906_143024.log')}
2025-09-06 14:34:16,639 - DEBUG - 1 change detected: {(<Change.modified: 2>, 'E:\\Next JS\\researchbot\\backend\\logs\\research_assistant_20250906_142429.log')}
2025-09-06 14:34:17,888 - DEBUG - 1 change detected: {(<Change.modified: 2>, 'E:\\Next JS\\researchbot\\backend\\logs\\research_assistant_20250906_142429.log')}
2025-09-06 14:34:19,126 - DEBUG - 1 change detected: {(<Change.modified: 2>, 'E:\\Next JS\\researchbot\\backend\\logs\\research_assistant_20250906_142429.log')}
2025-09-06 14:34:20,651 - DEBUG - 1 change detected: {(<Change.modified: 2>, 'E:\\Next JS\\researchbot\\backend\\logs\\research_assistant_20250906_142429.log')}
2025-09-06 14:34:21,621 - DEBUG - 1 change detected: {(<Change.modified: 2>, 'E:\\Next JS\\researchbot\\backend\\logs\\research_assistant_20250906_142429.log')}
2025-09-06 14:34:22,074 - DEBUG - 1 change detected: {(<Change.modified: 2>, 'E:\\Next JS\\researchbot\\backend\\logs\\research_assistant_20250906_142429.log')}
2025-09-06 14:39:28,461 - DEBUG - 1 change detected: {(<Change.modified: 2>, 'E:\\Next JS\\researchbot\\backend\\logs\\research_assistant_20250906_142429.log')}
2025-09-06 14:39:28,822 - DEBUG - 1 change detected: {(<Change.modified: 2>, 'E:\\Next JS\\researchbot\\backend\\logs\\research_assistant_20250906_142429.log')}
2025-09-06 14:39:29,190 - DEBUG - 1 change detected: {(<Change.modified: 2>, 'E:\\Next JS\\researchbot\\backend\\logs\\research_assistant_20250906_142429.log')}
2025-09-06 14:39:29,557 - DEBUG - 1 change detected: {(<Change.modified: 2>, 'E:\\Next JS\\researchbot\\backend\\logs\\research_assistant_20250906_142429.log')}
2025-09-06 14:39:29,940 - DEBUG - 1 change detected: {(<Change.modified: 2>, 'E:\\Next JS\\researchbot\\backend\\logs\\research_assistant_20250906_142429.log')}
2025-09-06 14:39:30,293 - DEBUG - 1 change detected: {(<Change.modified: 2>, 'E:\\Next JS\\researchbot\\backend\\logs\\research_assistant_20250906_142429.log')}
2025-09-06 14:39:30,699 - DEBUG - 1 change detected: {(<Change.modified: 2>, 'E:\\Next JS\\researchbot\\backend\\logs\\research_assistant_20250906_142429.log')}
2025-09-06 14:39:32,147 - DEBUG - 1 change detected: {(<Change.modified: 2>, 'E:\\Next JS\\researchbot\\backend\\logs\\research_assistant_20250906_142429.log')}
2025-09-06 14:39:32,505 - DEBUG - 1 change detected: {(<Change.modified: 2>, 'E:\\Next JS\\researchbot\\backend\\logs\\research_assistant_20250906_142429.log')}
2025-09-06 14:39:32,860 - DEBUG - 1 change detected: {(<Change.modified: 2>, 'E:\\Next JS\\researchbot\\backend\\logs\\research_assistant_20250906_142429.log')}
2025-09-06 14:39:33,314 - DEBUG - 1 change detected: {(<Change.modified: 2>, 'E:\\Next JS\\researchbot\\backend\\logs\\research_assistant_20250906_142429.log')}
2025-09-06 14:39:33,723 - DEBUG - 1 change detected: {(<Change.modified: 2>, 'E:\\Next JS\\researchbot\\backend\\logs\\research_assistant_20250906_142429.log')}
2025-09-06 14:39:34,135 - DEBUG - 1 change detected: {(<Change.modified: 2>, 'E:\\Next JS\\researchbot\\backend\\logs\\research_assistant_20250906_142429.log')}
2025-09-06 14:39:34,551 - DEBUG - 1 change detected: {(<Change.modified: 2>, 'E:\\Next JS\\researchbot\\backend\\logs\\research_assistant_20250906_142429.log')}
2025-09-06 14:39:35,931 - DEBUG - 1 change detected: {(<Change.modified: 2>, 'E:\\Next JS\\researchbot\\backend\\logs\\research_assistant_20250906_142429.log')}
2025-09-06 14:39:36,343 - DEBUG - 1 change detected: {(<Change.modified: 2>, 'E:\\Next JS\\researchbot\\backend\\logs\\research_assistant_20250906_142429.log')}
2025-09-06 14:39:36,786 - DEBUG - 1 change detected: {(<Change.modified: 2>, 'E:\\Next JS\\researchbot\\backend\\logs\\research_assistant_20250906_142429.log')}
2025-09-06 14:39:37,978 - DEBUG - 1 change detected: {(<Change.modified: 2>, 'E:\\Next JS\\researchbot\\backend\\logs\\research_assistant_20250906_142429.log')}
2025-09-06 14:39:38,756 - DEBUG - 1 change detected: {(<Change.modified: 2>, 'E:\\Next JS\\researchbot\\backend\\logs\\research_assistant_20250906_142429.log')}
2025-09-06 14:39:39,143 - DEBUG - 1 change detected: {(<Change.modified: 2>, 'E:\\Next JS\\researchbot\\backend\\logs\\research_assistant_20250906_142429.log')}
2025-09-06 14:39:39,648 - DEBUG - 1 change detected: {(<Change.modified: 2>, 'E:\\Next JS\\researchbot\\backend\\logs\\research_assistant_20250906_142429.log')}
2025-09-06 14:39:41,159 - DEBUG - 1 change detected: {(<Change.modified: 2>, 'E:\\Next JS\\researchbot\\backend\\logs\\research_assistant_20250906_142429.log')}
2025-09-06 14:39:42,500 - DEBUG - 1 change detected: {(<Change.modified: 2>, 'E:\\Next JS\\researchbot\\backend\\logs\\research_assistant_20250906_142429.log')}
2025-09-06 14:39:45,459 - DEBUG - 1 change detected: {(<Change.modified: 2>, 'E:\\Next JS\\researchbot\\backend\\logs\\research_assistant_20250906_142429.log')}
2025-09-06 14:39:46,573 - DEBUG - 1 change detected: {(<Change.modified: 2>, 'E:\\Next JS\\researchbot\\backend\\logs\\research_assistant_20250906_142429.log')}
2025-09-06 14:39:47,218 - DEBUG - 1 change detected: {(<Change.modified: 2>, 'E:\\Next JS\\researchbot\\backend\\logs\\research_assistant_20250906_142429.log')}
2025-09-06 14:39:47,914 - DEBUG - 1 change detected: {(<Change.modified: 2>, 'E:\\Next JS\\researchbot\\backend\\logs\\research_assistant_20250906_142429.log')}
2025-09-06 14:39:49,221 - DEBUG - 1 change detected: {(<Change.modified: 2>, 'E:\\Next JS\\researchbot\\backend\\logs\\research_assistant_20250906_142429.log')}
2025-09-06 14:39:49,769 - DEBUG - 1 change detected: {(<Change.modified: 2>, 'E:\\Next JS\\researchbot\\backend\\logs\\research_assistant_20250906_142429.log')}
2025-09-06 14:39:51,305 - DEBUG - 1 change detected: {(<Change.modified: 2>, 'E:\\Next JS\\researchbot\\backend\\logs\\research_assistant_20250906_142429.log')}
2025-09-06 14:39:52,676 - DEBUG - 1 change detected: {(<Change.modified: 2>, 'E:\\Next JS\\researchbot\\backend\\logs\\research_assistant_20250906_142429.log')}
2025-09-06 14:39:54,285 - DEBUG - 1 change detected: {(<Change.modified: 2>, 'E:\\Next JS\\researchbot\\backend\\logs\\research_assistant_20250906_142429.log')}
2025-09-06 14:39:54,647 - DEBUG - 1 change detected: {(<Change.modified: 2>, 'E:\\Next JS\\researchbot\\backend\\logs\\research_assistant_20250906_142429.log')}
2025-09-06 14:39:56,575 - DEBUG - 1 change detected: {(<Change.modified: 2>, 'E:\\Next JS\\researchbot\\backend\\logs\\research_assistant_20250906_142429.log')}
2025-09-06 14:39:56,933 - DEBUG - 1 change detected: {(<Change.modified: 2>, 'E:\\Next JS\\researchbot\\backend\\logs\\research_assistant_20250906_142429.log')}
2025-09-06 14:39:57,297 - DEBUG - 1 change detected: {(<Change.modified: 2>, 'E:\\Next JS\\researchbot\\backend\\logs\\research_assistant_20250906_142429.log')}
2025-09-06 14:39:57,702 - DEBUG - 1 change detected: {(<Change.modified: 2>, 'E:\\Next JS\\researchbot\\backend\\logs\\research_assistant_20250906_142429.log')}
2025-09-06 14:39:58,068 - DEBUG - 1 change detected: {(<Change.modified: 2>, 'E:\\Next JS\\researchbot\\backend\\logs\\research_assistant_20250906_142429.log')}
2025-09-06 14:39:58,524 - DEBUG - 1 change detected: {(<Change.modified: 2>, 'E:\\Next JS\\researchbot\\backend\\logs\\research_assistant_20250906_142429.log')}
2025-09-06 14:39:58,884 - DEBUG - 1 change detected: {(<Change.modified: 2>, 'E:\\Next JS\\researchbot\\backend\\logs\\research_assistant_20250906_142429.log')}
2025-09-06 14:39:59,294 - DEBUG - 1 change detected: {(<Change.modified: 2>, 'E:\\Next JS\\researchbot\\backend\\logs\\research_assistant_20250906_142429.log')}
2025-09-06 14:39:59,721 - DEBUG - 1 change detected: {(<Change.modified: 2>, 'E:\\Next JS\\researchbot\\backend\\logs\\research_assistant_20250906_142429.log')}
2025-09-06 14:40:00,133 - DEBUG - 1 change detected: {(<Change.modified: 2>, 'E:\\Next JS\\researchbot\\backend\\logs\\research_assistant_20250906_142429.log')}
2025-09-06 14:40:00,544 - DEBUG - 1 change detected: {(<Change.modified: 2>, 'E:\\Next JS\\researchbot\\backend\\logs\\research_assistant_20250906_142429.log')}
2025-09-06 14:40:00,903 - DEBUG - 1 change detected: {(<Change.modified: 2>, 'E:\\Next JS\\researchbot\\backend\\logs\\research_assistant_20250906_142429.log')}
2025-09-06 14:40:01,327 - DEBUG - 1 change detected: {(<Change.modified: 2>, 'E:\\Next JS\\researchbot\\backend\\logs\\research_assistant_20250906_142429.log')}
2025-09-06 14:40:01,775 - DEBUG - 1 change detected: {(<Change.modified: 2>, 'E:\\Next JS\\researchbot\\backend\\logs\\research_assistant_20250906_142429.log')}
2025-09-06 14:40:02,749 - DEBUG - 1 change detected: {(<Change.modified: 2>, 'E:\\Next JS\\researchbot\\backend\\logs\\research_assistant_20250906_142429.log')}
2025-09-06 14:40:03,105 - DEBUG - 1 change detected: {(<Change.modified: 2>, 'E:\\Next JS\\researchbot\\backend\\logs\\research_assistant_20250906_142429.log')}
2025-09-06 14:40:03,469 - DEBUG - 1 change detected: {(<Change.modified: 2>, 'E:\\Next JS\\researchbot\\backend\\logs\\research_assistant_20250906_142429.log')}
2025-09-06 14:40:03,874 - DEBUG - 1 change detected: {(<Change.modified: 2>, 'E:\\Next JS\\researchbot\\backend\\logs\\research_assistant_20250906_142429.log')}
2025-09-06 14:40:04,287 - DEBUG - 1 change detected: {(<Change.modified: 2>, 'E:\\Next JS\\researchbot\\backend\\logs\\research_assistant_20250906_142429.log')}
2025-09-06 14:40:04,698 - DEBUG - 1 change detected: {(<Change.modified: 2>, 'E:\\Next JS\\researchbot\\backend\\logs\\research_assistant_20250906_142429.log')}
2025-09-06 14:40:06,694 - DEBUG - 1 change detected: {(<Change.modified: 2>, 'E:\\Next JS\\researchbot\\backend\\logs\\research_assistant_20250906_142429.log')}
2025-09-06 14:40:15,590 - DEBUG - 1 change detected: {(<Change.modified: 2>, 'E:\\Next JS\\researchbot\\backend\\logs\\research_assistant_20250906_142429.log')}
2025-09-06 14:40:16,861 - DEBUG - 1 change detected: {(<Change.modified: 2>, 'E:\\Next JS\\researchbot\\backend\\logs\\research_assistant_20250906_142429.log')}
2025-09-06 14:40:21,327 - DEBUG - 1 change detected: {(<Change.modified: 2>, 'E:\\Next JS\\researchbot\\backend\\logs\\research_assistant_20250906_142429.log')}
2025-09-06 14:40:22,251 - DEBUG - 1 change detected: {(<Change.modified: 2>, 'E:\\Next JS\\researchbot\\backend\\logs\\research_assistant_20250906_142429.log')}
2025-09-06 14:40:23,338 - DEBUG - 1 change detected: {(<Change.modified: 2>, 'E:\\Next JS\\researchbot\\backend\\logs\\research_assistant_20250906_142429.log')}
2025-09-06 14:40:26,130 - DEBUG - 1 change detected: {(<Change.modified: 2>, 'E:\\Next JS\\researchbot\\backend\\logs\\research_assistant_20250906_142429.log')}
2025-09-06 14:40:26,786 - DEBUG - 1 change detected: {(<Change.modified: 2>, 'E:\\Next JS\\researchbot\\backend\\logs\\research_assistant_20250906_142429.log')}
2025-09-06 14:40:27,377 - DEBUG - 1 change detected: {(<Change.modified: 2>, 'E:\\Next JS\\researchbot\\backend\\logs\\research_assistant_20250906_142429.log')}
2025-09-06 14:44:40,462 - DEBUG - 1 change detected: {(<Change.modified: 2>, 'E:\\Next JS\\researchbot\\backend\\logs\\research_assistant_20250906_142429.log')}
2025-09-06 14:44:41,245 - DEBUG - 1 change detected: {(<Change.modified: 2>, 'E:\\Next JS\\researchbot\\backend\\logs\\research_assistant_20250906_142429.log')}
2025-09-06 14:44:41,606 - DEBUG - 1 change detected: {(<Change.modified: 2>, 'E:\\Next JS\\researchbot\\backend\\logs\\research_assistant_20250906_142429.log')}
2025-09-06 14:44:42,027 - DEBUG - 1 change detected: {(<Change.modified: 2>, 'E:\\Next JS\\researchbot\\backend\\logs\\research_assistant_20250906_142429.log')}
2025-09-06 14:44:42,444 - DEBUG - 1 change detected: {(<Change.modified: 2>, 'E:\\Next JS\\researchbot\\backend\\logs\\research_assistant_20250906_142429.log')}
2025-09-06 14:44:42,811 - DEBUG - 1 change detected: {(<Change.modified: 2>, 'E:\\Next JS\\researchbot\\backend\\logs\\research_assistant_20250906_142429.log')}
2025-09-06 14:44:43,167 - DEBUG - 1 change detected: {(<Change.modified: 2>, 'E:\\Next JS\\researchbot\\backend\\logs\\research_assistant_20250906_142429.log')}
2025-09-06 14:44:43,536 - DEBUG - 1 change detected: {(<Change.modified: 2>, 'E:\\Next JS\\researchbot\\backend\\logs\\research_assistant_20250906_142429.log')}
2025-09-06 14:44:43,899 - DEBUG - 1 change detected: {(<Change.modified: 2>, 'E:\\Next JS\\researchbot\\backend\\logs\\research_assistant_20250906_142429.log')}
2025-09-06 14:44:44,310 - DEBUG - 1 change detected: {(<Change.modified: 2>, 'E:\\Next JS\\researchbot\\backend\\logs\\research_assistant_20250906_142429.log')}
2025-09-06 14:44:44,673 - DEBUG - 1 change detected: {(<Change.modified: 2>, 'E:\\Next JS\\researchbot\\backend\\logs\\research_assistant_20250906_142429.log')}
2025-09-06 14:44:45,133 - DEBUG - 1 change detected: {(<Change.modified: 2>, 'E:\\Next JS\\researchbot\\backend\\logs\\research_assistant_20250906_142429.log')}
2025-09-06 14:44:45,621 - DEBUG - 1 change detected: {(<Change.modified: 2>, 'E:\\Next JS\\researchbot\\backend\\logs\\research_assistant_20250906_142429.log')}
2025-09-06 14:44:46,092 - DEBUG - 1 change detected: {(<Change.modified: 2>, 'E:\\Next JS\\researchbot\\backend\\logs\\research_assistant_20250906_142429.log')}
2025-09-06 14:44:46,502 - DEBUG - 1 change detected: {(<Change.modified: 2>, 'E:\\Next JS\\researchbot\\backend\\logs\\research_assistant_20250906_142429.log')}
2025-09-06 14:44:46,919 - DEBUG - 1 change detected: {(<Change.modified: 2>, 'E:\\Next JS\\researchbot\\backend\\logs\\research_assistant_20250906_142429.log')}
2025-09-06 14:44:47,327 - DEBUG - 1 change detected: {(<Change.modified: 2>, 'E:\\Next JS\\researchbot\\backend\\logs\\research_assistant_20250906_142429.log')}
2025-09-06 14:44:47,738 - DEBUG - 1 change detected: {(<Change.modified: 2>, 'E:\\Next JS\\researchbot\\backend\\logs\\research_assistant_20250906_142429.log')}
2025-09-06 14:44:48,163 - DEBUG - 1 change detected: {(<Change.modified: 2>, 'E:\\Next JS\\researchbot\\backend\\logs\\research_assistant_20250906_142429.log')}
2025-09-06 14:44:48,675 - DEBUG - 1 change detected: {(<Change.modified: 2>, 'E:\\Next JS\\researchbot\\backend\\logs\\research_assistant_20250906_142429.log')}
2025-09-06 14:44:49,170 - DEBUG - 1 change detected: {(<Change.modified: 2>, 'E:\\Next JS\\researchbot\\backend\\logs\\research_assistant_20250906_142429.log')}
2025-09-06 14:44:49,561 - DEBUG - 1 change detected: {(<Change.modified: 2>, 'E:\\Next JS\\researchbot\\backend\\logs\\research_assistant_20250906_142429.log')}
2025-09-06 14:44:50,169 - DEBUG - 1 change detected: {(<Change.modified: 2>, 'E:\\Next JS\\researchbot\\backend\\logs\\research_assistant_20250906_142429.log')}
2025-09-06 14:44:50,587 - DEBUG - 1 change detected: {(<Change.modified: 2>, 'E:\\Next JS\\researchbot\\backend\\logs\\research_assistant_20250906_142429.log')}
2025-09-06 14:44:50,946 - DEBUG - 1 change detected: {(<Change.modified: 2>, 'E:\\Next JS\\researchbot\\backend\\logs\\research_assistant_20250906_142429.log')}
2025-09-06 14:44:51,356 - DEBUG - 1 change detected: {(<Change.modified: 2>, 'E:\\Next JS\\researchbot\\backend\\logs\\research_assistant_20250906_142429.log')}
2025-09-06 14:44:51,905 - DEBUG - 1 change detected: {(<Change.modified: 2>, 'E:\\Next JS\\researchbot\\backend\\logs\\research_assistant_20250906_142429.log')}
2025-09-06 14:44:52,318 - DEBUG - 1 change detected: {(<Change.modified: 2>, 'E:\\Next JS\\researchbot\\backend\\logs\\research_assistant_20250906_142429.log')}
2025-09-06 14:44:52,726 - DEBUG - 1 change detected: {(<Change.modified: 2>, 'E:\\Next JS\\researchbot\\backend\\logs\\research_assistant_20250906_142429.log')}
2025-09-06 14:44:53,137 - DEBUG - 1 change detected: {(<Change.modified: 2>, 'E:\\Next JS\\researchbot\\backend\\logs\\research_assistant_20250906_142429.log')}
2025-09-06 14:44:53,562 - DEBUG - 1 change detected: {(<Change.modified: 2>, 'E:\\Next JS\\researchbot\\backend\\logs\\research_assistant_20250906_142429.log')}
2025-09-06 14:44:53,928 - DEBUG - 1 change detected: {(<Change.modified: 2>, 'E:\\Next JS\\researchbot\\backend\\logs\\research_assistant_20250906_142429.log')}
2025-09-06 14:44:54,347 - DEBUG - 1 change detected: {(<Change.modified: 2>, 'E:\\Next JS\\researchbot\\backend\\logs\\research_assistant_20250906_142429.log')}
2025-09-06 14:44:54,774 - DEBUG - 1 change detected: {(<Change.modified: 2>, 'E:\\Next JS\\researchbot\\backend\\logs\\research_assistant_20250906_142429.log')}
2025-09-06 14:44:55,142 - DEBUG - 1 change detected: {(<Change.modified: 2>, 'E:\\Next JS\\researchbot\\backend\\logs\\research_assistant_20250906_142429.log')}
2025-09-06 14:44:55,613 - DEBUG - 1 change detected: {(<Change.modified: 2>, 'E:\\Next JS\\researchbot\\backend\\logs\\research_assistant_20250906_142429.log')}
2025-09-06 14:44:55,982 - DEBUG - 1 change detected: {(<Change.modified: 2>, 'E:\\Next JS\\researchbot\\backend\\logs\\research_assistant_20250906_142429.log')}
2025-09-06 14:44:56,379 - DEBUG - 1 change detected: {(<Change.modified: 2>, 'E:\\Next JS\\researchbot\\backend\\logs\\research_assistant_20250906_142429.log')}
2025-09-06 14:44:56,798 - DEBUG - 1 change detected: {(<Change.modified: 2>, 'E:\\Next JS\\researchbot\\backend\\logs\\research_assistant_20250906_142429.log')}
2025-09-06 14:44:57,207 - DEBUG - 1 change detected: {(<Change.modified: 2>, 'E:\\Next JS\\researchbot\\backend\\logs\\research_assistant_20250906_142429.log')}
2025-09-06 14:44:57,641 - DEBUG - 1 change detected: {(<Change.modified: 2>, 'E:\\Next JS\\researchbot\\backend\\logs\\research_assistant_20250906_142429.log')}
2025-09-06 14:44:58,133 - DEBUG - 1 change detected: {(<Change.modified: 2>, 'E:\\Next JS\\researchbot\\backend\\logs\\research_assistant_20250906_142429.log')}
2025-09-06 14:44:58,544 - DEBUG - 1 change detected: {(<Change.modified: 2>, 'E:\\Next JS\\researchbot\\backend\\logs\\research_assistant_20250906_142429.log')}
2025-09-06 14:44:58,956 - DEBUG - 1 change detected: {(<Change.modified: 2>, 'E:\\Next JS\\researchbot\\backend\\logs\\research_assistant_20250906_142429.log')}
2025-09-06 14:44:59,367 - DEBUG - 1 change detected: {(<Change.modified: 2>, 'E:\\Next JS\\researchbot\\backend\\logs\\research_assistant_20250906_142429.log')}
2025-09-06 14:44:59,777 - DEBUG - 1 change detected: {(<Change.modified: 2>, 'E:\\Next JS\\researchbot\\backend\\logs\\research_assistant_20250906_142429.log')}
2025-09-06 14:45:00,162 - DEBUG - 1 change detected: {(<Change.modified: 2>, 'E:\\Next JS\\researchbot\\backend\\logs\\research_assistant_20250906_142429.log')}
2025-09-06 14:45:00,582 - DEBUG - 1 change detected: {(<Change.modified: 2>, 'E:\\Next JS\\researchbot\\backend\\logs\\research_assistant_20250906_142429.log')}
2025-09-06 14:45:00,946 - DEBUG - 1 change detected: {(<Change.modified: 2>, 'E:\\Next JS\\researchbot\\backend\\logs\\research_assistant_20250906_142429.log')}
2025-09-06 14:45:01,357 - DEBUG - 1 change detected: {(<Change.modified: 2>, 'E:\\Next JS\\researchbot\\backend\\logs\\research_assistant_20250906_142429.log')}
2025-09-06 14:45:01,767 - DEBUG - 1 change detected: {(<Change.modified: 2>, 'E:\\Next JS\\researchbot\\backend\\logs\\research_assistant_20250906_142429.log')}
2025-09-06 14:45:02,136 - DEBUG - 1 change detected: {(<Change.modified: 2>, 'E:\\Next JS\\researchbot\\backend\\logs\\research_assistant_20250906_142429.log')}
2025-09-06 14:45:02,546 - DEBUG - 1 change detected: {(<Change.modified: 2>, 'E:\\Next JS\\researchbot\\backend\\logs\\research_assistant_20250906_142429.log')}
2025-09-06 14:45:02,957 - DEBUG - 1 change detected: {(<Change.modified: 2>, 'E:\\Next JS\\researchbot\\backend\\logs\\research_assistant_20250906_142429.log')}
2025-09-06 14:45:03,368 - DEBUG - 1 change detected: {(<Change.modified: 2>, 'E:\\Next JS\\researchbot\\backend\\logs\\research_assistant_20250906_142429.log')}
2025-09-06 14:45:03,783 - DEBUG - 1 change detected: {(<Change.modified: 2>, 'E:\\Next JS\\researchbot\\backend\\logs\\research_assistant_20250906_142429.log')}
2025-09-06 14:45:04,187 - DEBUG - 1 change detected: {(<Change.modified: 2>, 'E:\\Next JS\\researchbot\\backend\\logs\\research_assistant_20250906_142429.log')}
2025-09-06 14:45:04,630 - DEBUG - 1 change detected: {(<Change.modified: 2>, 'E:\\Next JS\\researchbot\\backend\\logs\\research_assistant_20250906_142429.log')}
2025-09-06 14:45:04,990 - DEBUG - 1 change detected: {(<Change.modified: 2>, 'E:\\Next JS\\researchbot\\backend\\logs\\research_assistant_20250906_142429.log')}
2025-09-06 14:45:05,404 - DEBUG - 1 change detected: {(<Change.modified: 2>, 'E:\\Next JS\\researchbot\\backend\\logs\\research_assistant_20250906_142429.log')}
2025-09-06 14:45:05,817 - DEBUG - 1 change detected: {(<Change.modified: 2>, 'E:\\Next JS\\researchbot\\backend\\logs\\research_assistant_20250906_142429.log')}
2025-09-06 14:45:06,268 - DEBUG - 1 change detected: {(<Change.modified: 2>, 'E:\\Next JS\\researchbot\\backend\\logs\\research_assistant_20250906_142429.log')}
2025-09-06 14:45:06,663 - DEBUG - 1 change detected: {(<Change.modified: 2>, 'E:\\Next JS\\researchbot\\backend\\logs\\research_assistant_20250906_142429.log')}
2025-09-06 14:45:07,077 - DEBUG - 1 change detected: {(<Change.modified: 2>, 'E:\\Next JS\\researchbot\\backend\\logs\\research_assistant_20250906_142429.log')}
2025-09-06 14:45:07,489 - DEBUG - 1 change detected: {(<Change.modified: 2>, 'E:\\Next JS\\researchbot\\backend\\logs\\research_assistant_20250906_142429.log')}
2025-09-06 14:45:07,897 - DEBUG - 1 change detected: {(<Change.modified: 2>, 'E:\\Next JS\\researchbot\\backend\\logs\\research_assistant_20250906_142429.log')}
2025-09-06 14:45:08,358 - DEBUG - 1 change detected: {(<Change.modified: 2>, 'E:\\Next JS\\researchbot\\backend\\logs\\research_assistant_20250906_142429.log')}
2025-09-06 14:45:08,720 - DEBUG - 1 change detected: {(<Change.modified: 2>, 'E:\\Next JS\\researchbot\\backend\\logs\\research_assistant_20250906_142429.log')}
2025-09-06 14:45:09,136 - DEBUG - 1 change detected: {(<Change.modified: 2>, 'E:\\Next JS\\researchbot\\backend\\logs\\research_assistant_20250906_142429.log')}
2025-09-06 14:45:09,559 - DEBUG - 1 change detected: {(<Change.modified: 2>, 'E:\\Next JS\\researchbot\\backend\\logs\\research_assistant_20250906_142429.log')}
2025-09-06 14:45:09,967 - DEBUG - 1 change detected: {(<Change.modified: 2>, 'E:\\Next JS\\researchbot\\backend\\logs\\research_assistant_20250906_142429.log')}
2025-09-06 14:45:10,327 - DEBUG - 1 change detected: {(<Change.modified: 2>, 'E:\\Next JS\\researchbot\\backend\\logs\\research_assistant_20250906_142429.log')}
2025-09-06 14:45:10,790 - DEBUG - 1 change detected: {(<Change.modified: 2>, 'E:\\Next JS\\researchbot\\backend\\logs\\research_assistant_20250906_142429.log')}
2025-09-06 14:45:11,149 - DEBUG - 1 change detected: {(<Change.modified: 2>, 'E:\\Next JS\\researchbot\\backend\\logs\\research_assistant_20250906_142429.log')}
2025-09-06 14:45:11,572 - DEBUG - 1 change detected: {(<Change.modified: 2>, 'E:\\Next JS\\researchbot\\backend\\logs\\research_assistant_20250906_142429.log')}
2025-09-06 14:45:11,976 - DEBUG - 1 change detected: {(<Change.modified: 2>, 'E:\\Next JS\\researchbot\\backend\\logs\\research_assistant_20250906_142429.log')}
2025-09-06 14:45:12,388 - DEBUG - 1 change detected: {(<Change.modified: 2>, 'E:\\Next JS\\researchbot\\backend\\logs\\research_assistant_20250906_142429.log')}
2025-09-06 14:45:12,803 - DEBUG - 1 change detected: {(<Change.modified: 2>, 'E:\\Next JS\\researchbot\\backend\\logs\\research_assistant_20250906_142429.log')}
2025-09-06 14:45:13,218 - DEBUG - 1 change detected: {(<Change.modified: 2>, 'E:\\Next JS\\researchbot\\backend\\logs\\research_assistant_20250906_142429.log')}
2025-09-06 14:45:13,626 - DEBUG - 1 change detected: {(<Change.modified: 2>, 'E:\\Next JS\\researchbot\\backend\\logs\\research_assistant_20250906_142429.log')}
2025-09-06 14:45:13,987 - DEBUG - 1 change detected: {(<Change.modified: 2>, 'E:\\Next JS\\researchbot\\backend\\logs\\research_assistant_20250906_142429.log')}
2025-09-06 14:45:14,399 - DEBUG - 1 change detected: {(<Change.modified: 2>, 'E:\\Next JS\\researchbot\\backend\\logs\\research_assistant_20250906_142429.log')}
2025-09-06 14:45:14,813 - DEBUG - 1 change detected: {(<Change.modified: 2>, 'E:\\Next JS\\researchbot\\backend\\logs\\research_assistant_20250906_142429.log')}
2025-09-06 14:45:15,228 - DEBUG - 1 change detected: {(<Change.modified: 2>, 'E:\\Next JS\\researchbot\\backend\\logs\\research_assistant_20250906_142429.log')}
2025-09-06 14:45:15,588 - DEBUG - 1 change detected: {(<Change.modified: 2>, 'E:\\Next JS\\researchbot\\backend\\logs\\research_assistant_20250906_142429.log')}
2025-09-06 14:45:16,005 - DEBUG - 1 change detected: {(<Change.modified: 2>, 'E:\\Next JS\\researchbot\\backend\\logs\\research_assistant_20250906_142429.log')}
2025-09-06 14:45:16,416 - DEBUG - 1 change detected: {(<Change.modified: 2>, 'E:\\Next JS\\researchbot\\backend\\logs\\research_assistant_20250906_142429.log')}
2025-09-06 14:45:16,877 - DEBUG - 1 change detected: {(<Change.modified: 2>, 'E:\\Next JS\\researchbot\\backend\\logs\\research_assistant_20250906_142429.log')}
2025-09-06 14:45:17,294 - DEBUG - 1 change detected: {(<Change.modified: 2>, 'E:\\Next JS\\researchbot\\backend\\logs\\research_assistant_20250906_142429.log')}
2025-09-06 14:45:17,666 - DEBUG - 1 change detected: {(<Change.modified: 2>, 'E:\\Next JS\\researchbot\\backend\\logs\\research_assistant_20250906_142429.log')}
2025-09-06 14:45:18,129 - DEBUG - 1 change detected: {(<Change.modified: 2>, 'E:\\Next JS\\researchbot\\backend\\logs\\research_assistant_20250906_142429.log')}
2025-09-06 14:45:18,497 - DEBUG - 1 change detected: {(<Change.modified: 2>, 'E:\\Next JS\\researchbot\\backend\\logs\\research_assistant_20250906_142429.log')}
2025-09-06 14:45:18,911 - DEBUG - 1 change detected: {(<Change.modified: 2>, 'E:\\Next JS\\researchbot\\backend\\logs\\research_assistant_20250906_142429.log')}
2025-09-06 14:45:19,318 - DEBUG - 1 change detected: {(<Change.modified: 2>, 'E:\\Next JS\\researchbot\\backend\\logs\\research_assistant_20250906_142429.log')}
2025-09-06 14:45:19,736 - DEBUG - 1 change detected: {(<Change.modified: 2>, 'E:\\Next JS\\researchbot\\backend\\logs\\research_assistant_20250906_142429.log')}
2025-09-06 14:45:20,146 - DEBUG - 1 change detected: {(<Change.modified: 2>, 'E:\\Next JS\\researchbot\\backend\\logs\\research_assistant_20250906_142429.log')}
2025-09-06 14:45:20,559 - DEBUG - 1 change detected: {(<Change.modified: 2>, 'E:\\Next JS\\researchbot\\backend\\logs\\research_assistant_20250906_142429.log')}
2025-09-06 14:45:21,003 - DEBUG - 1 change detected: {(<Change.modified: 2>, 'E:\\Next JS\\researchbot\\backend\\logs\\research_assistant_20250906_142429.log')}
2025-09-06 14:45:21,999 - DEBUG - 1 change detected: {(<Change.modified: 2>, 'E:\\Next JS\\researchbot\\backend\\logs\\research_assistant_20250906_142429.log')}
2025-09-06 14:45:22,615 - DEBUG - 1 change detected: {(<Change.modified: 2>, 'E:\\Next JS\\researchbot\\backend\\logs\\research_assistant_20250906_142429.log')}
2025-09-06 14:45:23,362 - DEBUG - 1 change detected: {(<Change.modified: 2>, 'E:\\Next JS\\researchbot\\backend\\logs\\research_assistant_20250906_142429.log')}
2025-09-06 14:45:23,824 - DEBUG - 1 change detected: {(<Change.modified: 2>, 'E:\\Next JS\\researchbot\\backend\\logs\\research_assistant_20250906_142429.log')}
2025-09-06 14:45:24,219 - DEBUG - 1 change detected: {(<Change.modified: 2>, 'E:\\Next JS\\researchbot\\backend\\logs\\research_assistant_20250906_142429.log')}
2025-09-06 14:45:24,606 - DEBUG - 1 change detected: {(<Change.modified: 2>, 'E:\\Next JS\\researchbot\\backend\\logs\\research_assistant_20250906_142429.log')}
2025-09-06 14:45:25,074 - DEBUG - 1 change detected: {(<Change.modified: 2>, 'E:\\Next JS\\researchbot\\backend\\logs\\research_assistant_20250906_142429.log')}
2025-09-06 14:45:25,879 - DEBUG - 1 change detected: {(<Change.modified: 2>, 'E:\\Next JS\\researchbot\\backend\\logs\\research_assistant_20250906_142429.log')}
2025-09-06 14:45:26,454 - DEBUG - 1 change detected: {(<Change.modified: 2>, 'E:\\Next JS\\researchbot\\backend\\logs\\research_assistant_20250906_142429.log')}
2025-09-06 14:45:30,971 - DEBUG - 1 change detected: {(<Change.modified: 2>, 'E:\\Next JS\\researchbot\\backend\\logs\\research_assistant_20250906_142429.log')}
2025-09-06 14:45:31,368 - DEBUG - 1 change detected: {(<Change.modified: 2>, 'E:\\Next JS\\researchbot\\backend\\logs\\research_assistant_20250906_142429.log')}
2025-09-06 14:45:31,788 - DEBUG - 1 change detected: {(<Change.modified: 2>, 'E:\\Next JS\\researchbot\\backend\\logs\\research_assistant_20250906_142429.log')}
2025-09-06 14:45:32,221 - DEBUG - 1 change detected: {(<Change.modified: 2>, 'E:\\Next JS\\researchbot\\backend\\logs\\research_assistant_20250906_142429.log')}
2025-09-06 14:45:32,995 - DEBUG - 1 change detected: {(<Change.modified: 2>, 'E:\\Next JS\\researchbot\\backend\\logs\\research_assistant_20250906_142429.log')}
2025-09-06 14:45:33,651 - DEBUG - 1 change detected: {(<Change.modified: 2>, 'E:\\Next JS\\researchbot\\backend\\logs\\research_assistant_20250906_142429.log')}
2025-09-06 14:45:34,052 - DEBUG - 1 change detected: {(<Change.modified: 2>, 'E:\\Next JS\\researchbot\\backend\\logs\\research_assistant_20250906_142429.log')}
2025-09-06 14:45:34,415 - DEBUG - 1 change detected: {(<Change.modified: 2>, 'E:\\Next JS\\researchbot\\backend\\logs\\research_assistant_20250906_142429.log')}
2025-09-06 14:45:34,778 - DEBUG - 1 change detected: {(<Change.modified: 2>, 'E:\\Next JS\\researchbot\\backend\\logs\\research_assistant_20250906_142429.log')}
2025-09-06 14:45:35,142 - DEBUG - 1 change detected: {(<Change.modified: 2>, 'E:\\Next JS\\researchbot\\backend\\logs\\research_assistant_20250906_142429.log')}
2025-09-06 14:45:35,599 - DEBUG - 1 change detected: {(<Change.modified: 2>, 'E:\\Next JS\\researchbot\\backend\\logs\\research_assistant_20250906_142429.log')}
2025-09-06 14:45:36,006 - DEBUG - 1 change detected: {(<Change.modified: 2>, 'E:\\Next JS\\researchbot\\backend\\logs\\research_assistant_20250906_142429.log')}
2025-09-06 14:45:36,422 - DEBUG - 1 change detected: {(<Change.modified: 2>, 'E:\\Next JS\\researchbot\\backend\\logs\\research_assistant_20250906_142429.log')}
2025-09-06 14:45:36,818 - DEBUG - 1 change detected: {(<Change.modified: 2>, 'E:\\Next JS\\researchbot\\backend\\logs\\research_assistant_20250906_142429.log')}
2025-09-06 14:45:37,235 - DEBUG - 1 change detected: {(<Change.modified: 2>, 'E:\\Next JS\\researchbot\\backend\\logs\\research_assistant_20250906_142429.log')}
2025-09-06 14:45:37,906 - DEBUG - 1 change detected: {(<Change.modified: 2>, 'E:\\Next JS\\researchbot\\backend\\logs\\research_assistant_20250906_142429.log')}
2025-09-06 14:45:38,275 - DEBUG - 1 change detected: {(<Change.modified: 2>, 'E:\\Next JS\\researchbot\\backend\\logs\\research_assistant_20250906_142429.log')}
2025-09-06 14:45:38,700 - DEBUG - 1 change detected: {(<Change.modified: 2>, 'E:\\Next JS\\researchbot\\backend\\logs\\research_assistant_20250906_142429.log')}
2025-09-06 14:45:39,743 - DEBUG - 1 change detected: {(<Change.modified: 2>, 'E:\\Next JS\\researchbot\\backend\\logs\\research_assistant_20250906_142429.log')}
2025-09-06 14:45:40,635 - DEBUG - 1 change detected: {(<Change.modified: 2>, 'E:\\Next JS\\researchbot\\backend\\logs\\research_assistant_20250906_142429.log')}
2025-09-06 14:45:43,532 - DEBUG - 1 change detected: {(<Change.modified: 2>, 'E:\\Next JS\\researchbot\\backend\\logs\\research_assistant_20250906_142429.log')}
2025-09-06 14:45:44,501 - DEBUG - 1 change detected: {(<Change.modified: 2>, 'E:\\Next JS\\researchbot\\backend\\logs\\research_assistant_20250906_142429.log')}
2025-09-06 14:45:45,008 - DEBUG - 1 change detected: {(<Change.modified: 2>, 'E:\\Next JS\\researchbot\\backend\\logs\\research_assistant_20250906_142429.log')}
2025-09-06 14:45:45,485 - DEBUG - 1 change detected: {(<Change.modified: 2>, 'E:\\Next JS\\researchbot\\backend\\logs\\research_assistant_20250906_142429.log')}
2025-09-06 14:45:46,001 - DEBUG - 1 change detected: {(<Change.modified: 2>, 'E:\\Next JS\\researchbot\\backend\\logs\\research_assistant_20250906_142429.log')}
2025-09-06 14:45:46,436 - DEBUG - 1 change detected: {(<Change.modified: 2>, 'E:\\Next JS\\researchbot\\backend\\logs\\research_assistant_20250906_142429.log')}
2025-09-06 14:45:46,797 - DEBUG - 1 change detected: {(<Change.modified: 2>, 'E:\\Next JS\\researchbot\\backend\\logs\\research_assistant_20250906_142429.log')}
2025-09-06 14:45:47,209 - DEBUG - 1 change detected: {(<Change.modified: 2>, 'E:\\Next JS\\researchbot\\backend\\logs\\research_assistant_20250906_142429.log')}
2025-09-06 14:45:47,616 - DEBUG - 1 change detected: {(<Change.modified: 2>, 'E:\\Next JS\\researchbot\\backend\\logs\\research_assistant_20250906_142429.log')}
2025-09-06 14:45:48,027 - DEBUG - 1 change detected: {(<Change.modified: 2>, 'E:\\Next JS\\researchbot\\backend\\logs\\research_assistant_20250906_142429.log')}
2025-09-06 14:45:48,442 - DEBUG - 1 change detected: {(<Change.modified: 2>, 'E:\\Next JS\\researchbot\\backend\\logs\\research_assistant_20250906_142429.log')}
2025-09-06 14:45:48,846 - DEBUG - 1 change detected: {(<Change.modified: 2>, 'E:\\Next JS\\researchbot\\backend\\logs\\research_assistant_20250906_142429.log')}
2025-09-06 14:45:49,257 - DEBUG - 1 change detected: {(<Change.modified: 2>, 'E:\\Next JS\\researchbot\\backend\\logs\\research_assistant_20250906_142429.log')}
2025-09-06 14:45:49,671 - DEBUG - 1 change detected: {(<Change.modified: 2>, 'E:\\Next JS\\researchbot\\backend\\logs\\research_assistant_20250906_142429.log')}
2025-09-06 14:45:50,270 - DEBUG - 1 change detected: {(<Change.modified: 2>, 'E:\\Next JS\\researchbot\\backend\\logs\\research_assistant_20250906_142429.log')}
2025-09-06 14:45:50,741 - DEBUG - 1 change detected: {(<Change.modified: 2>, 'E:\\Next JS\\researchbot\\backend\\logs\\research_assistant_20250906_142429.log')}
2025-09-06 14:45:51,097 - DEBUG - 1 change detected: {(<Change.modified: 2>, 'E:\\Next JS\\researchbot\\backend\\logs\\research_assistant_20250906_142429.log')}
2025-09-06 14:45:51,457 - DEBUG - 1 change detected: {(<Change.modified: 2>, 'E:\\Next JS\\researchbot\\backend\\logs\\research_assistant_20250906_142429.log')}
2025-09-06 14:45:51,894 - DEBUG - 1 change detected: {(<Change.modified: 2>, 'E:\\Next JS\\researchbot\\backend\\logs\\research_assistant_20250906_142429.log')}
2025-09-06 14:45:52,319 - DEBUG - 1 change detected: {(<Change.modified: 2>, 'E:\\Next JS\\researchbot\\backend\\logs\\research_assistant_20250906_142429.log')}
2025-09-06 14:45:52,679 - DEBUG - 1 change detected: {(<Change.modified: 2>, 'E:\\Next JS\\researchbot\\backend\\logs\\research_assistant_20250906_142429.log')}
2025-09-06 14:45:53,112 - DEBUG - 1 change detected: {(<Change.modified: 2>, 'E:\\Next JS\\researchbot\\backend\\logs\\research_assistant_20250906_142429.log')}
2025-09-06 14:45:54,439 - DEBUG - 1 change detected: {(<Change.modified: 2>, 'E:\\Next JS\\researchbot\\backend\\logs\\research_assistant_20250906_142429.log')}
2025-09-06 14:45:55,997 - DEBUG - 1 change detected: {(<Change.modified: 2>, 'E:\\Next JS\\researchbot\\backend\\logs\\research_assistant_20250906_142429.log')}
2025-09-06 14:45:56,732 - DEBUG - 1 change detected: {(<Change.modified: 2>, 'E:\\Next JS\\researchbot\\backend\\logs\\research_assistant_20250906_142429.log')}
2025-09-06 14:45:57,171 - DEBUG - 1 change detected: {(<Change.modified: 2>, 'E:\\Next JS\\researchbot\\backend\\logs\\research_assistant_20250906_142429.log')}
2025-09-06 14:45:57,850 - DEBUG - 1 change detected: {(<Change.modified: 2>, 'E:\\Next JS\\researchbot\\backend\\logs\\research_assistant_20250906_142429.log')}
2025-09-06 14:45:58,468 - DEBUG - 1 change detected: {(<Change.modified: 2>, 'E:\\Next JS\\researchbot\\backend\\logs\\research_assistant_20250906_142429.log')}
2025-09-06 14:45:59,029 - DEBUG - 1 change detected: {(<Change.modified: 2>, 'E:\\Next JS\\researchbot\\backend\\logs\\research_assistant_20250906_142429.log')}
2025-09-06 14:45:59,432 - DEBUG - 1 change detected: {(<Change.modified: 2>, 'E:\\Next JS\\researchbot\\backend\\logs\\research_assistant_20250906_142429.log')}
2025-09-06 14:45:59,803 - DEBUG - 1 change detected: {(<Change.modified: 2>, 'E:\\Next JS\\researchbot\\backend\\logs\\research_assistant_20250906_142429.log')}
2025-09-06 14:46:00,168 - DEBUG - 1 change detected: {(<Change.modified: 2>, 'E:\\Next JS\\researchbot\\backend\\logs\\research_assistant_20250906_142429.log')}
2025-09-06 14:46:00,526 - DEBUG - 1 change detected: {(<Change.modified: 2>, 'E:\\Next JS\\researchbot\\backend\\logs\\research_assistant_20250906_142429.log')}
2025-09-06 14:46:00,920 - DEBUG - 1 change detected: {(<Change.modified: 2>, 'E:\\Next JS\\researchbot\\backend\\logs\\research_assistant_20250906_142429.log')}
2025-09-06 14:46:01,355 - DEBUG - 1 change detected: {(<Change.modified: 2>, 'E:\\Next JS\\researchbot\\backend\\logs\\research_assistant_20250906_142429.log')}
2025-09-06 14:46:01,776 - DEBUG - 1 change detected: {(<Change.modified: 2>, 'E:\\Next JS\\researchbot\\backend\\logs\\research_assistant_20250906_142429.log')}
2025-09-06 14:46:02,191 - DEBUG - 1 change detected: {(<Change.modified: 2>, 'E:\\Next JS\\researchbot\\backend\\logs\\research_assistant_20250906_142429.log')}
2025-09-06 14:46:02,612 - DEBUG - 1 change detected: {(<Change.modified: 2>, 'E:\\Next JS\\researchbot\\backend\\logs\\research_assistant_20250906_142429.log')}
2025-09-06 14:46:03,035 - DEBUG - 1 change detected: {(<Change.modified: 2>, 'E:\\Next JS\\researchbot\\backend\\logs\\research_assistant_20250906_142429.log')}
2025-09-06 14:46:03,450 - DEBUG - 1 change detected: {(<Change.modified: 2>, 'E:\\Next JS\\researchbot\\backend\\logs\\research_assistant_20250906_142429.log')}
2025-09-06 14:46:03,817 - DEBUG - 1 change detected: {(<Change.modified: 2>, 'E:\\Next JS\\researchbot\\backend\\logs\\research_assistant_20250906_142429.log')}
2025-09-06 14:46:04,226 - DEBUG - 1 change detected: {(<Change.modified: 2>, 'E:\\Next JS\\researchbot\\backend\\logs\\research_assistant_20250906_142429.log')}
2025-09-06 14:46:04,616 - DEBUG - 1 change detected: {(<Change.modified: 2>, 'E:\\Next JS\\researchbot\\backend\\logs\\research_assistant_20250906_142429.log')}
2025-09-06 14:46:05,031 - DEBUG - 1 change detected: {(<Change.modified: 2>, 'E:\\Next JS\\researchbot\\backend\\logs\\research_assistant_20250906_142429.log')}
2025-09-06 14:46:05,437 - DEBUG - 1 change detected: {(<Change.modified: 2>, 'E:\\Next JS\\researchbot\\backend\\logs\\research_assistant_20250906_142429.log')}
2025-09-06 14:46:05,847 - DEBUG - 1 change detected: {(<Change.modified: 2>, 'E:\\Next JS\\researchbot\\backend\\logs\\research_assistant_20250906_142429.log')}
2025-09-06 14:46:06,270 - DEBUG - 1 change detected: {(<Change.modified: 2>, 'E:\\Next JS\\researchbot\\backend\\logs\\research_assistant_20250906_142429.log')}
2025-09-06 14:46:06,726 - DEBUG - 1 change detected: {(<Change.modified: 2>, 'E:\\Next JS\\researchbot\\backend\\logs\\research_assistant_20250906_142429.log')}
2025-09-06 14:46:07,136 - DEBUG - 1 change detected: {(<Change.modified: 2>, 'E:\\Next JS\\researchbot\\backend\\logs\\research_assistant_20250906_142429.log')}
2025-09-06 14:46:07,498 - DEBUG - 1 change detected: {(<Change.modified: 2>, 'E:\\Next JS\\researchbot\\backend\\logs\\research_assistant_20250906_142429.log')}
2025-09-06 14:46:07,912 - DEBUG - 1 change detected: {(<Change.modified: 2>, 'E:\\Next JS\\researchbot\\backend\\logs\\research_assistant_20250906_142429.log')}
2025-09-06 14:46:08,317 - DEBUG - 1 change detected: {(<Change.modified: 2>, 'E:\\Next JS\\researchbot\\backend\\logs\\research_assistant_20250906_142429.log')}
2025-09-06 14:46:08,733 - DEBUG - 1 change detected: {(<Change.modified: 2>, 'E:\\Next JS\\researchbot\\backend\\logs\\research_assistant_20250906_142429.log')}
2025-09-06 14:46:09,175 - DEBUG - 1 change detected: {(<Change.modified: 2>, 'E:\\Next JS\\researchbot\\backend\\logs\\research_assistant_20250906_142429.log')}
2025-09-06 14:46:09,632 - DEBUG - 1 change detected: {(<Change.modified: 2>, 'E:\\Next JS\\researchbot\\backend\\logs\\research_assistant_20250906_142429.log')}
2025-09-06 14:46:10,040 - DEBUG - 1 change detected: {(<Change.modified: 2>, 'E:\\Next JS\\researchbot\\backend\\logs\\research_assistant_20250906_142429.log')}
2025-09-06 14:46:10,466 - DEBUG - 1 change detected: {(<Change.modified: 2>, 'E:\\Next JS\\researchbot\\backend\\logs\\research_assistant_20250906_142429.log')}
2025-09-06 14:46:10,825 - DEBUG - 1 change detected: {(<Change.modified: 2>, 'E:\\Next JS\\researchbot\\backend\\logs\\research_assistant_20250906_142429.log')}
2025-09-06 14:46:11,238 - DEBUG - 1 change detected: {(<Change.modified: 2>, 'E:\\Next JS\\researchbot\\backend\\logs\\research_assistant_20250906_142429.log')}
2025-09-06 14:46:11,808 - DEBUG - 1 change detected: {(<Change.modified: 2>, 'E:\\Next JS\\researchbot\\backend\\logs\\research_assistant_20250906_142429.log')}
2025-09-06 14:46:12,265 - DEBUG - 1 change detected: {(<Change.modified: 2>, 'E:\\Next JS\\researchbot\\backend\\bot.py')}
2025-09-06 14:46:13,615 - DEBUG - 2 changes detected: {(<Change.modified: 2>, 'E:\\Next JS\\researchbot\\backend\\logs\\research_assistant_20250906_142429.log'), (<Change.modified: 2>, 'E:\\Next JS\\researchbot\\backend\\logs\\research_assistant_20250906_143024.log')}
2025-09-06 14:46:16,306 - DEBUG - 5 changes detected: {(<Change.deleted: 3>, 'E:\\Next JS\\researchbot\\backend\\__pycache__\\bot.cpython-313.pyc'), (<Change.added: 1>, 'E:\\Next JS\\researchbot\\backend\\__pycache__\\bot.cpython-313.pyc.2042973030192'), (<Change.added: 1>, 'E:\\Next JS\\researchbot\\backend\\__pycache__\\bot.cpython-313.pyc'), (<Change.modified: 2>, 'E:\\Next JS\\researchbot\\backend\\__pycache__'), (<Change.deleted: 3>, 'E:\\Next JS\\researchbot\\backend\\__pycache__\\bot.cpython-313.pyc.2042973030192')}
2025-09-06 14:46:18,862 - DEBUG - 1 change detected: {(<Change.added: 1>, 'E:\\Next JS\\researchbot\\backend\\logs\\research_assistant_20250906_144618.log')}
2025-09-06 14:46:19,218 - DEBUG - 1 change detected: {(<Change.modified: 2>, 'E:\\Next JS\\researchbot\\backend\\logs')}
2025-09-06 14:49:52,443 - DEBUG - 1 change detected: {(<Change.modified: 2>, 'E:\\Next JS\\researchbot\\backend\\logs\\research_assistant_20250906_142429.log')}
2025-09-06 14:49:52,797 - DEBUG - 1 change detected: {(<Change.modified: 2>, 'E:\\Next JS\\researchbot\\backend\\logs\\research_assistant_20250906_142429.log')}
2025-09-06 14:49:53,212 - DEBUG - 1 change detected: {(<Change.modified: 2>, 'E:\\Next JS\\researchbot\\backend\\logs\\research_assistant_20250906_142429.log')}
2025-09-06 14:49:53,687 - DEBUG - 1 change detected: {(<Change.modified: 2>, 'E:\\Next JS\\researchbot\\backend\\logs\\research_assistant_20250906_142429.log')}
2025-09-06 14:49:54,148 - DEBUG - 1 change detected: {(<Change.modified: 2>, 'E:\\Next JS\\researchbot\\backend\\logs\\research_assistant_20250906_142429.log')}
2025-09-06 14:49:54,563 - DEBUG - 1 change detected: {(<Change.modified: 2>, 'E:\\Next JS\\researchbot\\backend\\logs\\research_assistant_20250906_142429.log')}
2025-09-06 14:49:54,978 - DEBUG - 1 change detected: {(<Change.modified: 2>, 'E:\\Next JS\\researchbot\\backend\\logs\\research_assistant_20250906_142429.log')}
2025-09-06 14:49:55,760 - DEBUG - 1 change detected: {(<Change.modified: 2>, 'E:\\Next JS\\researchbot\\backend\\logs\\research_assistant_20250906_142429.log')}
2025-09-06 14:49:56,144 - DEBUG - 1 change detected: {(<Change.modified: 2>, 'E:\\Next JS\\researchbot\\backend\\logs\\research_assistant_20250906_142429.log')}
2025-09-06 14:49:56,682 - DEBUG - 1 change detected: {(<Change.modified: 2>, 'E:\\Next JS\\researchbot\\backend\\logs\\research_assistant_20250906_142429.log')}
2025-09-06 14:49:57,122 - DEBUG - 1 change detected: {(<Change.modified: 2>, 'E:\\Next JS\\researchbot\\backend\\logs\\research_assistant_20250906_142429.log')}
2025-09-06 14:49:57,476 - DEBUG - 1 change detected: {(<Change.modified: 2>, 'E:\\Next JS\\researchbot\\backend\\logs\\research_assistant_20250906_142429.log')}
2025-09-06 14:49:57,887 - DEBUG - 1 change detected: {(<Change.modified: 2>, 'E:\\Next JS\\researchbot\\backend\\logs\\research_assistant_20250906_142429.log')}
2025-09-06 14:49:58,322 - DEBUG - 1 change detected: {(<Change.modified: 2>, 'E:\\Next JS\\researchbot\\backend\\logs\\research_assistant_20250906_142429.log')}
2025-09-06 14:49:58,775 - DEBUG - 1 change detected: {(<Change.modified: 2>, 'E:\\Next JS\\researchbot\\backend\\logs\\research_assistant_20250906_142429.log')}
2025-09-06 14:49:59,237 - DEBUG - 1 change detected: {(<Change.modified: 2>, 'E:\\Next JS\\researchbot\\backend\\logs\\research_assistant_20250906_142429.log')}
2025-09-06 14:49:59,654 - DEBUG - 1 change detected: {(<Change.modified: 2>, 'E:\\Next JS\\researchbot\\backend\\logs\\research_assistant_20250906_142429.log')}
2025-09-06 14:50:00,088 - DEBUG - 1 change detected: {(<Change.modified: 2>, 'E:\\Next JS\\researchbot\\backend\\logs\\research_assistant_20250906_142429.log')}
2025-09-06 14:50:00,506 - DEBUG - 1 change detected: {(<Change.modified: 2>, 'E:\\Next JS\\researchbot\\backend\\logs\\research_assistant_20250906_142429.log')}
2025-09-06 14:50:00,878 - DEBUG - 1 change detected: {(<Change.modified: 2>, 'E:\\Next JS\\researchbot\\backend\\logs\\research_assistant_20250906_142429.log')}
2025-09-06 14:50:01,400 - DEBUG - 1 change detected: {(<Change.modified: 2>, 'E:\\Next JS\\researchbot\\backend\\logs\\research_assistant_20250906_142429.log')}
2025-09-06 14:50:02,152 - DEBUG - 1 change detected: {(<Change.modified: 2>, 'E:\\Next JS\\researchbot\\backend\\logs\\research_assistant_20250906_142429.log')}
2025-09-06 14:50:02,569 - DEBUG - 1 change detected: {(<Change.modified: 2>, 'E:\\Next JS\\researchbot\\backend\\logs\\research_assistant_20250906_142429.log')}
2025-09-06 14:50:02,998 - DEBUG - 1 change detected: {(<Change.modified: 2>, 'E:\\Next JS\\researchbot\\backend\\logs\\research_assistant_20250906_142429.log')}
2025-09-06 14:50:03,365 - DEBUG - 1 change detected: {(<Change.modified: 2>, 'E:\\Next JS\\researchbot\\backend\\logs\\research_assistant_20250906_142429.log')}
2025-09-06 14:50:03,779 - DEBUG - 1 change detected: {(<Change.modified: 2>, 'E:\\Next JS\\researchbot\\backend\\logs\\research_assistant_20250906_142429.log')}
2025-09-06 14:50:04,197 - DEBUG - 1 change detected: {(<Change.modified: 2>, 'E:\\Next JS\\researchbot\\backend\\logs\\research_assistant_20250906_142429.log')}
2025-09-06 14:50:04,562 - DEBUG - 1 change detected: {(<Change.modified: 2>, 'E:\\Next JS\\researchbot\\backend\\logs\\research_assistant_20250906_142429.log')}
2025-09-06 14:50:05,061 - DEBUG - 1 change detected: {(<Change.modified: 2>, 'E:\\Next JS\\researchbot\\backend\\logs\\research_assistant_20250906_142429.log')}
2025-09-06 14:50:05,722 - DEBUG - 1 change detected: {(<Change.modified: 2>, 'E:\\Next JS\\researchbot\\backend\\logs\\research_assistant_20250906_142429.log')}
2025-09-06 14:50:06,148 - DEBUG - 1 change detected: {(<Change.modified: 2>, 'E:\\Next JS\\researchbot\\backend\\logs\\research_assistant_20250906_142429.log')}
2025-09-06 14:50:06,576 - DEBUG - 1 change detected: {(<Change.modified: 2>, 'E:\\Next JS\\researchbot\\backend\\logs\\research_assistant_20250906_142429.log')}
2025-09-06 14:50:06,943 - DEBUG - 1 change detected: {(<Change.modified: 2>, 'E:\\Next JS\\researchbot\\backend\\logs\\research_assistant_20250906_142429.log')}
2025-09-06 14:50:07,346 - DEBUG - 1 change detected: {(<Change.modified: 2>, 'E:\\Next JS\\researchbot\\backend\\logs\\research_assistant_20250906_142429.log')}
2025-09-06 14:50:07,953 - DEBUG - 1 change detected: {(<Change.modified: 2>, 'E:\\Next JS\\researchbot\\backend\\logs\\research_assistant_20250906_142429.log')}
2025-09-06 14:50:08,560 - DEBUG - 1 change detected: {(<Change.modified: 2>, 'E:\\Next JS\\researchbot\\backend\\logs\\research_assistant_20250906_142429.log')}
2025-09-06 14:50:09,340 - DEBUG - 1 change detected: {(<Change.modified: 2>, 'E:\\Next JS\\researchbot\\backend\\logs\\research_assistant_20250906_142429.log')}
2025-09-06 14:50:09,755 - DEBUG - 1 change detected: {(<Change.modified: 2>, 'E:\\Next JS\\researchbot\\backend\\logs\\research_assistant_20250906_142429.log')}
2025-09-06 14:50:10,126 - DEBUG - 1 change detected: {(<Change.modified: 2>, 'E:\\Next JS\\researchbot\\backend\\logs\\research_assistant_20250906_142429.log')}
2025-09-06 14:50:10,519 - DEBUG - 1 change detected: {(<Change.modified: 2>, 'E:\\Next JS\\researchbot\\backend\\logs\\research_assistant_20250906_142429.log')}
2025-09-06 14:50:10,969 - DEBUG - 1 change detected: {(<Change.modified: 2>, 'E:\\Next JS\\researchbot\\backend\\logs\\research_assistant_20250906_142429.log')}
2025-09-06 14:50:11,409 - DEBUG - 1 change detected: {(<Change.modified: 2>, 'E:\\Next JS\\researchbot\\backend\\logs\\research_assistant_20250906_142429.log')}
2025-09-06 14:50:11,840 - DEBUG - 1 change detected: {(<Change.modified: 2>, 'E:\\Next JS\\researchbot\\backend\\logs\\research_assistant_20250906_142429.log')}
2025-09-06 14:50:12,434 - DEBUG - 1 change detected: {(<Change.modified: 2>, 'E:\\Next JS\\researchbot\\backend\\logs\\research_assistant_20250906_142429.log')}
2025-09-06 14:50:12,868 - DEBUG - 1 change detected: {(<Change.modified: 2>, 'E:\\Next JS\\researchbot\\backend\\logs\\research_assistant_20250906_142429.log')}
2025-09-06 14:50:13,385 - DEBUG - 1 change detected: {(<Change.modified: 2>, 'E:\\Next JS\\researchbot\\backend\\logs\\research_assistant_20250906_142429.log')}
2025-09-06 14:50:13,852 - DEBUG - 1 change detected: {(<Change.modified: 2>, 'E:\\Next JS\\researchbot\\backend\\logs\\research_assistant_20250906_142429.log')}
2025-09-06 14:50:14,232 - DEBUG - 1 change detected: {(<Change.modified: 2>, 'E:\\Next JS\\researchbot\\backend\\logs\\research_assistant_20250906_142429.log')}
2025-09-06 14:50:14,655 - DEBUG - 1 change detected: {(<Change.modified: 2>, 'E:\\Next JS\\researchbot\\backend\\logs\\research_assistant_20250906_142429.log')}
2025-09-06 14:50:15,061 - DEBUG - 1 change detected: {(<Change.modified: 2>, 'E:\\Next JS\\researchbot\\backend\\logs\\research_assistant_20250906_142429.log')}
2025-09-06 14:50:15,519 - DEBUG - 1 change detected: {(<Change.modified: 2>, 'E:\\Next JS\\researchbot\\backend\\logs\\research_assistant_20250906_142429.log')}
2025-09-06 14:50:15,898 - DEBUG - 1 change detected: {(<Change.modified: 2>, 'E:\\Next JS\\researchbot\\backend\\logs\\research_assistant_20250906_142429.log')}
2025-09-06 14:50:16,354 - DEBUG - 1 change detected: {(<Change.modified: 2>, 'E:\\Next JS\\researchbot\\backend\\logs\\research_assistant_20250906_142429.log')}
2025-09-06 14:50:16,811 - DEBUG - 1 change detected: {(<Change.modified: 2>, 'E:\\Next JS\\researchbot\\backend\\logs\\research_assistant_20250906_142429.log')}
2025-09-06 14:50:17,279 - DEBUG - 1 change detected: {(<Change.modified: 2>, 'E:\\Next JS\\researchbot\\backend\\logs\\research_assistant_20250906_142429.log')}
2025-09-06 14:50:17,694 - DEBUG - 1 change detected: {(<Change.modified: 2>, 'E:\\Next JS\\researchbot\\backend\\logs\\research_assistant_20250906_142429.log')}
2025-09-06 14:50:18,105 - DEBUG - 1 change detected: {(<Change.modified: 2>, 'E:\\Next JS\\researchbot\\backend\\logs\\research_assistant_20250906_142429.log')}
2025-09-06 14:50:18,524 - DEBUG - 1 change detected: {(<Change.modified: 2>, 'E:\\Next JS\\researchbot\\backend\\logs\\research_assistant_20250906_142429.log')}
2025-09-06 14:50:18,945 - DEBUG - 1 change detected: {(<Change.modified: 2>, 'E:\\Next JS\\researchbot\\backend\\logs\\research_assistant_20250906_142429.log')}
2025-09-06 14:50:19,363 - DEBUG - 1 change detected: {(<Change.modified: 2>, 'E:\\Next JS\\researchbot\\backend\\logs\\research_assistant_20250906_142429.log')}
2025-09-06 14:50:19,779 - DEBUG - 1 change detected: {(<Change.modified: 2>, 'E:\\Next JS\\researchbot\\backend\\logs\\research_assistant_20250906_142429.log')}
2025-09-06 14:50:20,262 - DEBUG - 1 change detected: {(<Change.modified: 2>, 'E:\\Next JS\\researchbot\\backend\\logs\\research_assistant_20250906_142429.log')}
2025-09-06 14:50:20,651 - DEBUG - 1 change detected: {(<Change.modified: 2>, 'E:\\Next JS\\researchbot\\backend\\logs\\research_assistant_20250906_142429.log')}
2025-09-06 14:50:21,123 - DEBUG - 1 change detected: {(<Change.modified: 2>, 'E:\\Next JS\\researchbot\\backend\\logs\\research_assistant_20250906_142429.log')}
2025-09-06 14:50:21,477 - DEBUG - 1 change detected: {(<Change.modified: 2>, 'E:\\Next JS\\researchbot\\backend\\logs\\research_assistant_20250906_142429.log')}
2025-09-06 14:50:22,225 - DEBUG - 1 change detected: {(<Change.modified: 2>, 'E:\\Next JS\\researchbot\\backend\\logs\\research_assistant_20250906_142429.log')}
2025-09-06 14:50:22,591 - DEBUG - 1 change detected: {(<Change.modified: 2>, 'E:\\Next JS\\researchbot\\backend\\logs\\research_assistant_20250906_142429.log')}
2025-09-06 14:50:23,011 - DEBUG - 1 change detected: {(<Change.modified: 2>, 'E:\\Next JS\\researchbot\\backend\\logs\\research_assistant_20250906_142429.log')}
2025-09-06 14:50:23,426 - DEBUG - 1 change detected: {(<Change.modified: 2>, 'E:\\Next JS\\researchbot\\backend\\logs\\research_assistant_20250906_142429.log')}
2025-09-06 14:50:23,843 - DEBUG - 1 change detected: {(<Change.modified: 2>, 'E:\\Next JS\\researchbot\\backend\\logs\\research_assistant_20250906_142429.log')}
2025-09-06 14:50:24,258 - DEBUG - 1 change detected: {(<Change.modified: 2>, 'E:\\Next JS\\researchbot\\backend\\logs\\research_assistant_20250906_142429.log')}
2025-09-06 14:50:24,675 - DEBUG - 1 change detected: {(<Change.modified: 2>, 'E:\\Next JS\\researchbot\\backend\\logs\\research_assistant_20250906_142429.log')}
2025-09-06 14:50:25,621 - DEBUG - 1 change detected: {(<Change.modified: 2>, 'E:\\Next JS\\researchbot\\backend\\logs\\research_assistant_20250906_142429.log')}
2025-09-06 14:50:25,983 - DEBUG - 1 change detected: {(<Change.modified: 2>, 'E:\\Next JS\\researchbot\\backend\\logs\\research_assistant_20250906_142429.log')}
2025-09-06 14:50:26,367 - DEBUG - 1 change detected: {(<Change.modified: 2>, 'E:\\Next JS\\researchbot\\backend\\logs\\research_assistant_20250906_142429.log')}
2025-09-06 14:50:26,967 - DEBUG - 1 change detected: {(<Change.modified: 2>, 'E:\\Next JS\\researchbot\\backend\\logs\\research_assistant_20250906_142429.log')}
2025-09-06 14:50:27,421 - DEBUG - 1 change detected: {(<Change.modified: 2>, 'E:\\Next JS\\researchbot\\backend\\logs\\research_assistant_20250906_142429.log')}
2025-09-06 14:50:28,130 - DEBUG - 1 change detected: {(<Change.modified: 2>, 'E:\\Next JS\\researchbot\\backend\\logs\\research_assistant_20250906_142429.log')}
2025-09-06 14:50:28,747 - DEBUG - 1 change detected: {(<Change.modified: 2>, 'E:\\Next JS\\researchbot\\backend\\logs\\research_assistant_20250906_142429.log')}
2025-09-06 14:50:29,519 - DEBUG - 1 change detected: {(<Change.modified: 2>, 'E:\\Next JS\\researchbot\\backend\\logs\\research_assistant_20250906_142429.log')}
2025-09-06 14:50:30,144 - DEBUG - 1 change detected: {(<Change.modified: 2>, 'E:\\Next JS\\researchbot\\backend\\logs\\research_assistant_20250906_142429.log')}
2025-09-06 14:50:30,624 - DEBUG - 1 change detected: {(<Change.modified: 2>, 'E:\\Next JS\\researchbot\\backend\\logs\\research_assistant_20250906_142429.log')}
2025-09-06 14:50:31,093 - DEBUG - 1 change detected: {(<Change.modified: 2>, 'E:\\Next JS\\researchbot\\backend\\logs\\research_assistant_20250906_142429.log')}
2025-09-06 14:50:31,563 - DEBUG - 1 change detected: {(<Change.modified: 2>, 'E:\\Next JS\\researchbot\\backend\\logs\\research_assistant_20250906_142429.log')}
2025-09-06 14:50:31,992 - DEBUG - 1 change detected: {(<Change.modified: 2>, 'E:\\Next JS\\researchbot\\backend\\logs\\research_assistant_20250906_142429.log')}
2025-09-06 14:50:32,608 - DEBUG - 1 change detected: {(<Change.modified: 2>, 'E:\\Next JS\\researchbot\\backend\\logs\\research_assistant_20250906_142429.log')}
2025-09-06 14:50:32,998 - DEBUG - 1 change detected: {(<Change.modified: 2>, 'E:\\Next JS\\researchbot\\backend\\logs\\research_assistant_20250906_142429.log')}
2025-09-06 14:50:33,413 - DEBUG - 1 change detected: {(<Change.modified: 2>, 'E:\\Next JS\\researchbot\\backend\\logs\\research_assistant_20250906_142429.log')}
2025-09-06 14:50:33,860 - DEBUG - 1 change detected: {(<Change.modified: 2>, 'E:\\Next JS\\researchbot\\backend\\logs\\research_assistant_20250906_142429.log')}
2025-09-06 14:50:34,339 - DEBUG - 1 change detected: {(<Change.modified: 2>, 'E:\\Next JS\\researchbot\\backend\\logs\\research_assistant_20250906_142429.log')}
2025-09-06 14:50:34,841 - DEBUG - 1 change detected: {(<Change.modified: 2>, 'E:\\Next JS\\researchbot\\backend\\logs\\research_assistant_20250906_142429.log')}
2025-09-06 14:50:35,389 - DEBUG - 1 change detected: {(<Change.modified: 2>, 'E:\\Next JS\\researchbot\\backend\\logs\\research_assistant_20250906_142429.log')}
2025-09-06 14:50:35,842 - DEBUG - 1 change detected: {(<Change.modified: 2>, 'E:\\Next JS\\researchbot\\backend\\logs\\research_assistant_20250906_142429.log')}
2025-09-06 14:50:36,391 - DEBUG - 1 change detected: {(<Change.modified: 2>, 'E:\\Next JS\\researchbot\\backend\\logs\\research_assistant_20250906_142429.log')}
2025-09-06 14:50:36,753 - DEBUG - 1 change detected: {(<Change.modified: 2>, 'E:\\Next JS\\researchbot\\backend\\logs\\research_assistant_20250906_142429.log')}
2025-09-06 14:50:37,171 - DEBUG - 1 change detected: {(<Change.modified: 2>, 'E:\\Next JS\\researchbot\\backend\\logs\\research_assistant_20250906_142429.log')}
2025-09-06 14:50:37,620 - DEBUG - 1 change detected: {(<Change.modified: 2>, 'E:\\Next JS\\researchbot\\backend\\logs\\research_assistant_20250906_142429.log')}
2025-09-06 14:50:38,031 - DEBUG - 1 change detected: {(<Change.modified: 2>, 'E:\\Next JS\\researchbot\\backend\\logs\\research_assistant_20250906_142429.log')}
2025-09-06 14:50:38,451 - DEBUG - 1 change detected: {(<Change.modified: 2>, 'E:\\Next JS\\researchbot\\backend\\logs\\research_assistant_20250906_142429.log')}
2025-09-06 14:50:38,937 - DEBUG - 1 change detected: {(<Change.modified: 2>, 'E:\\Next JS\\researchbot\\backend\\logs\\research_assistant_20250906_142429.log')}
2025-09-06 14:50:39,347 - DEBUG - 1 change detected: {(<Change.modified: 2>, 'E:\\Next JS\\researchbot\\backend\\logs\\research_assistant_20250906_142429.log')}
2025-09-06 14:50:39,819 - DEBUG - 1 change detected: {(<Change.modified: 2>, 'E:\\Next JS\\researchbot\\backend\\logs\\research_assistant_20250906_142429.log')}
2025-09-06 14:50:40,271 - DEBUG - 1 change detected: {(<Change.modified: 2>, 'E:\\Next JS\\researchbot\\backend\\logs\\research_assistant_20250906_142429.log')}
2025-09-06 14:50:40,687 - DEBUG - 1 change detected: {(<Change.modified: 2>, 'E:\\Next JS\\researchbot\\backend\\logs\\research_assistant_20250906_142429.log')}
2025-09-06 14:50:41,054 - DEBUG - 1 change detected: {(<Change.modified: 2>, 'E:\\Next JS\\researchbot\\backend\\logs\\research_assistant_20250906_142429.log')}
2025-09-06 14:50:41,529 - DEBUG - 1 change detected: {(<Change.modified: 2>, 'E:\\Next JS\\researchbot\\backend\\logs\\research_assistant_20250906_142429.log')}
2025-09-06 14:50:41,948 - DEBUG - 1 change detected: {(<Change.modified: 2>, 'E:\\Next JS\\researchbot\\backend\\logs\\research_assistant_20250906_142429.log')}
2025-09-06 14:50:42,363 - DEBUG - 1 change detected: {(<Change.modified: 2>, 'E:\\Next JS\\researchbot\\backend\\logs\\research_assistant_20250906_142429.log')}
2025-09-06 14:50:42,833 - DEBUG - 1 change detected: {(<Change.modified: 2>, 'E:\\Next JS\\researchbot\\backend\\logs\\research_assistant_20250906_142429.log')}
2025-09-06 14:50:43,209 - DEBUG - 1 change detected: {(<Change.modified: 2>, 'E:\\Next JS\\researchbot\\backend\\logs\\research_assistant_20250906_142429.log')}
2025-09-06 14:50:43,679 - DEBUG - 1 change detected: {(<Change.modified: 2>, 'E:\\Next JS\\researchbot\\backend\\logs\\research_assistant_20250906_142429.log')}
2025-09-06 14:50:44,148 - DEBUG - 1 change detected: {(<Change.modified: 2>, 'E:\\Next JS\\researchbot\\backend\\logs\\research_assistant_20250906_142429.log')}
2025-09-06 14:50:44,574 - DEBUG - 1 change detected: {(<Change.modified: 2>, 'E:\\Next JS\\researchbot\\backend\\logs\\research_assistant_20250906_142429.log')}
2025-09-06 14:50:44,943 - DEBUG - 1 change detected: {(<Change.modified: 2>, 'E:\\Next JS\\researchbot\\backend\\logs\\research_assistant_20250906_142429.log')}
2025-09-06 14:50:45,400 - DEBUG - 1 change detected: {(<Change.modified: 2>, 'E:\\Next JS\\researchbot\\backend\\logs\\research_assistant_20250906_142429.log')}
2025-09-06 14:50:45,851 - DEBUG - 1 change detected: {(<Change.modified: 2>, 'E:\\Next JS\\researchbot\\backend\\logs\\research_assistant_20250906_142429.log')}
2025-09-06 14:50:46,307 - DEBUG - 1 change detected: {(<Change.modified: 2>, 'E:\\Next JS\\researchbot\\backend\\logs\\research_assistant_20250906_142429.log')}
2025-09-06 14:50:46,724 - DEBUG - 1 change detected: {(<Change.modified: 2>, 'E:\\Next JS\\researchbot\\backend\\logs\\research_assistant_20250906_142429.log')}
2025-09-06 14:50:47,126 - DEBUG - 1 change detected: {(<Change.modified: 2>, 'E:\\Next JS\\researchbot\\backend\\logs\\research_assistant_20250906_142429.log')}
2025-09-06 14:50:47,488 - DEBUG - 1 change detected: {(<Change.modified: 2>, 'E:\\Next JS\\researchbot\\backend\\logs\\research_assistant_20250906_142429.log')}
2025-09-06 14:50:47,978 - DEBUG - 1 change detected: {(<Change.modified: 2>, 'E:\\Next JS\\researchbot\\backend\\logs\\research_assistant_20250906_142429.log')}
2025-09-06 14:50:48,440 - DEBUG - 1 change detected: {(<Change.modified: 2>, 'E:\\Next JS\\researchbot\\backend\\logs\\research_assistant_20250906_142429.log')}
2025-09-06 14:50:48,855 - DEBUG - 1 change detected: {(<Change.modified: 2>, 'E:\\Next JS\\researchbot\\backend\\logs\\research_assistant_20250906_142429.log')}
2025-09-06 14:50:49,273 - DEBUG - 1 change detected: {(<Change.modified: 2>, 'E:\\Next JS\\researchbot\\backend\\logs\\research_assistant_20250906_142429.log')}
2025-09-06 14:50:49,639 - DEBUG - 1 change detected: {(<Change.modified: 2>, 'E:\\Next JS\\researchbot\\backend\\logs\\research_assistant_20250906_142429.log')}
2025-09-06 14:50:50,105 - DEBUG - 1 change detected: {(<Change.modified: 2>, 'E:\\Next JS\\researchbot\\backend\\logs\\research_assistant_20250906_142429.log')}
2025-09-06 14:50:50,506 - DEBUG - 1 change detected: {(<Change.modified: 2>, 'E:\\Next JS\\researchbot\\backend\\logs\\research_assistant_20250906_142429.log')}
2025-09-06 14:50:50,918 - DEBUG - 1 change detected: {(<Change.modified: 2>, 'E:\\Next JS\\researchbot\\backend\\logs\\research_assistant_20250906_142429.log')}
2025-09-06 14:50:51,356 - DEBUG - 1 change detected: {(<Change.modified: 2>, 'E:\\Next JS\\researchbot\\backend\\logs\\research_assistant_20250906_142429.log')}
2025-09-06 14:50:51,867 - DEBUG - 1 change detected: {(<Change.modified: 2>, 'E:\\Next JS\\researchbot\\backend\\logs\\research_assistant_20250906_142429.log')}
2025-09-06 14:50:52,265 - DEBUG - 1 change detected: {(<Change.modified: 2>, 'E:\\Next JS\\researchbot\\backend\\logs\\research_assistant_20250906_142429.log')}
2025-09-06 14:50:52,684 - DEBUG - 1 change detected: {(<Change.modified: 2>, 'E:\\Next JS\\researchbot\\backend\\logs\\research_assistant_20250906_142429.log')}
2025-09-06 14:50:53,104 - DEBUG - 1 change detected: {(<Change.modified: 2>, 'E:\\Next JS\\researchbot\\backend\\logs\\research_assistant_20250906_142429.log')}
2025-09-06 14:50:53,519 - DEBUG - 1 change detected: {(<Change.modified: 2>, 'E:\\Next JS\\researchbot\\backend\\logs\\research_assistant_20250906_142429.log')}
2025-09-06 14:50:53,881 - DEBUG - 1 change detected: {(<Change.modified: 2>, 'E:\\Next JS\\researchbot\\backend\\logs\\research_assistant_20250906_142429.log')}
2025-09-06 14:50:54,348 - DEBUG - 1 change detected: {(<Change.modified: 2>, 'E:\\Next JS\\researchbot\\backend\\logs\\research_assistant_20250906_142429.log')}
2025-09-06 14:50:54,816 - DEBUG - 1 change detected: {(<Change.modified: 2>, 'E:\\Next JS\\researchbot\\backend\\logs\\research_assistant_20250906_142429.log')}
2025-09-06 14:50:55,228 - DEBUG - 1 change detected: {(<Change.modified: 2>, 'E:\\Next JS\\researchbot\\backend\\logs\\research_assistant_20250906_142429.log')}
2025-09-06 14:50:55,592 - DEBUG - 1 change detected: {(<Change.modified: 2>, 'E:\\Next JS\\researchbot\\backend\\logs\\research_assistant_20250906_142429.log')}
2025-09-06 14:50:56,048 - DEBUG - 1 change detected: {(<Change.modified: 2>, 'E:\\Next JS\\researchbot\\backend\\logs\\research_assistant_20250906_142429.log')}
2025-09-06 14:50:56,498 - DEBUG - 1 change detected: {(<Change.modified: 2>, 'E:\\Next JS\\researchbot\\backend\\logs\\research_assistant_20250906_142429.log')}
2025-09-06 14:50:57,013 - DEBUG - 1 change detected: {(<Change.modified: 2>, 'E:\\Next JS\\researchbot\\backend\\logs\\research_assistant_20250906_142429.log')}
2025-09-06 14:50:57,442 - DEBUG - 1 change detected: {(<Change.modified: 2>, 'E:\\Next JS\\researchbot\\backend\\logs\\research_assistant_20250906_142429.log')}
2025-09-06 14:50:57,846 - DEBUG - 1 change detected: {(<Change.modified: 2>, 'E:\\Next JS\\researchbot\\backend\\logs\\research_assistant_20250906_142429.log')}
2025-09-06 14:50:58,357 - DEBUG - 1 change detected: {(<Change.modified: 2>, 'E:\\Next JS\\researchbot\\backend\\logs\\research_assistant_20250906_142429.log')}
2025-09-06 14:50:58,927 - DEBUG - 1 change detected: {(<Change.modified: 2>, 'E:\\Next JS\\researchbot\\backend\\logs\\research_assistant_20250906_142429.log')}
2025-09-06 14:50:59,319 - DEBUG - 1 change detected: {(<Change.modified: 2>, 'E:\\Next JS\\researchbot\\backend\\logs\\research_assistant_20250906_142429.log')}
2025-09-06 14:50:59,679 - DEBUG - 1 change detected: {(<Change.modified: 2>, 'E:\\Next JS\\researchbot\\backend\\logs\\research_assistant_20250906_142429.log')}
2025-09-06 14:51:00,098 - DEBUG - 1 change detected: {(<Change.modified: 2>, 'E:\\Next JS\\researchbot\\backend\\logs\\research_assistant_20250906_142429.log')}
2025-09-06 14:51:00,458 - DEBUG - 1 change detected: {(<Change.modified: 2>, 'E:\\Next JS\\researchbot\\backend\\logs\\research_assistant_20250906_142429.log')}
2025-09-06 14:51:02,121 - DEBUG - 1 change detected: {(<Change.modified: 2>, 'E:\\Next JS\\researchbot\\backend\\logs\\research_assistant_20250906_142429.log')}
2025-09-06 14:51:02,873 - DEBUG - 1 change detected: {(<Change.modified: 2>, 'E:\\Next JS\\researchbot\\backend\\logs\\research_assistant_20250906_142429.log')}
2025-09-06 14:51:03,304 - DEBUG - 1 change detected: {(<Change.modified: 2>, 'E:\\Next JS\\researchbot\\backend\\logs\\research_assistant_20250906_142429.log')}
2025-09-06 14:51:03,686 - DEBUG - 1 change detected: {(<Change.modified: 2>, 'E:\\Next JS\\researchbot\\backend\\logs\\research_assistant_20250906_142429.log')}
2025-09-06 14:51:04,101 - DEBUG - 1 change detected: {(<Change.modified: 2>, 'E:\\Next JS\\researchbot\\backend\\logs\\research_assistant_20250906_142429.log')}
2025-09-06 14:51:04,502 - DEBUG - 1 change detected: {(<Change.modified: 2>, 'E:\\Next JS\\researchbot\\backend\\logs\\research_assistant_20250906_142429.log')}
2025-09-06 14:51:04,911 - DEBUG - 1 change detected: {(<Change.modified: 2>, 'E:\\Next JS\\researchbot\\backend\\logs\\research_assistant_20250906_142429.log')}
2025-09-06 14:51:05,317 - DEBUG - 1 change detected: {(<Change.modified: 2>, 'E:\\Next JS\\researchbot\\backend\\logs\\research_assistant_20250906_142429.log')}
2025-09-06 14:51:05,722 - DEBUG - 1 change detected: {(<Change.modified: 2>, 'E:\\Next JS\\researchbot\\backend\\logs\\research_assistant_20250906_142429.log')}
2025-09-06 14:51:06,136 - DEBUG - 1 change detected: {(<Change.modified: 2>, 'E:\\Next JS\\researchbot\\backend\\logs\\research_assistant_20250906_142429.log')}
2025-09-06 14:51:06,553 - DEBUG - 1 change detected: {(<Change.modified: 2>, 'E:\\Next JS\\researchbot\\backend\\logs\\research_assistant_20250906_142429.log')}
2025-09-06 14:51:06,966 - DEBUG - 1 change detected: {(<Change.modified: 2>, 'E:\\Next JS\\researchbot\\backend\\logs\\research_assistant_20250906_142429.log')}
2025-09-06 14:51:07,608 - DEBUG - 1 change detected: {(<Change.modified: 2>, 'E:\\Next JS\\researchbot\\backend\\logs\\research_assistant_20250906_142429.log')}
2025-09-06 14:51:07,985 - DEBUG - 1 change detected: {(<Change.modified: 2>, 'E:\\Next JS\\researchbot\\backend\\logs\\research_assistant_20250906_142429.log')}
2025-09-06 14:51:08,484 - DEBUG - 1 change detected: {(<Change.modified: 2>, 'E:\\Next JS\\researchbot\\backend\\logs\\research_assistant_20250906_142429.log')}
2025-09-06 14:51:08,914 - DEBUG - 1 change detected: {(<Change.modified: 2>, 'E:\\Next JS\\researchbot\\backend\\logs\\research_assistant_20250906_142429.log')}
2025-09-06 14:51:09,275 - DEBUG - 1 change detected: {(<Change.modified: 2>, 'E:\\Next JS\\researchbot\\backend\\logs\\research_assistant_20250906_142429.log')}
2025-09-06 14:51:09,694 - DEBUG - 1 change detected: {(<Change.modified: 2>, 'E:\\Next JS\\researchbot\\backend\\logs\\research_assistant_20250906_142429.log')}
2025-09-06 14:51:10,108 - DEBUG - 1 change detected: {(<Change.modified: 2>, 'E:\\Next JS\\researchbot\\backend\\logs\\research_assistant_20250906_142429.log')}
2025-09-06 14:51:10,498 - DEBUG - 1 change detected: {(<Change.modified: 2>, 'E:\\Next JS\\researchbot\\backend\\logs\\research_assistant_20250906_142429.log')}
2025-09-06 14:51:11,195 - DEBUG - 1 change detected: {(<Change.modified: 2>, 'E:\\Next JS\\researchbot\\backend\\logs\\research_assistant_20250906_142429.log')}
2025-09-06 14:51:11,570 - DEBUG - 1 change detected: {(<Change.modified: 2>, 'E:\\Next JS\\researchbot\\backend\\logs\\research_assistant_20250906_142429.log')}
2025-09-06 14:51:11,941 - DEBUG - 1 change detected: {(<Change.modified: 2>, 'E:\\Next JS\\researchbot\\backend\\logs\\research_assistant_20250906_142429.log')}
2025-09-06 14:51:12,346 - DEBUG - 1 change detected: {(<Change.modified: 2>, 'E:\\Next JS\\researchbot\\backend\\logs\\research_assistant_20250906_142429.log')}
2025-09-06 14:51:12,761 - DEBUG - 1 change detected: {(<Change.modified: 2>, 'E:\\Next JS\\researchbot\\backend\\logs\\research_assistant_20250906_142429.log')}
2025-09-06 14:51:13,139 - DEBUG - 1 change detected: {(<Change.modified: 2>, 'E:\\Next JS\\researchbot\\backend\\logs\\research_assistant_20250906_142429.log')}
2025-09-06 14:51:13,574 - DEBUG - 1 change detected: {(<Change.modified: 2>, 'E:\\Next JS\\researchbot\\backend\\logs\\research_assistant_20250906_142429.log')}
2025-09-06 14:51:13,970 - DEBUG - 1 change detected: {(<Change.modified: 2>, 'E:\\Next JS\\researchbot\\backend\\logs\\research_assistant_20250906_142429.log')}
2025-09-06 14:51:14,405 - DEBUG - 1 change detected: {(<Change.modified: 2>, 'E:\\Next JS\\researchbot\\backend\\logs\\research_assistant_20250906_142429.log')}
2025-09-06 14:51:14,813 - DEBUG - 1 change detected: {(<Change.modified: 2>, 'E:\\Next JS\\researchbot\\backend\\logs\\research_assistant_20250906_142429.log')}
2025-09-06 14:51:15,239 - DEBUG - 1 change detected: {(<Change.modified: 2>, 'E:\\Next JS\\researchbot\\backend\\logs\\research_assistant_20250906_142429.log')}
2025-09-06 14:51:15,619 - DEBUG - 1 change detected: {(<Change.modified: 2>, 'E:\\Next JS\\researchbot\\backend\\logs\\research_assistant_20250906_142429.log')}
2025-09-06 14:51:16,049 - DEBUG - 1 change detected: {(<Change.modified: 2>, 'E:\\Next JS\\researchbot\\backend\\logs\\research_assistant_20250906_142429.log')}
2025-09-06 14:51:16,469 - DEBUG - 1 change detected: {(<Change.modified: 2>, 'E:\\Next JS\\researchbot\\backend\\logs\\research_assistant_20250906_142429.log')}
2025-09-06 14:51:16,930 - DEBUG - 1 change detected: {(<Change.modified: 2>, 'E:\\Next JS\\researchbot\\backend\\logs\\research_assistant_20250906_142429.log')}
2025-09-06 14:51:17,296 - DEBUG - 1 change detected: {(<Change.modified: 2>, 'E:\\Next JS\\researchbot\\backend\\logs\\research_assistant_20250906_142429.log')}
2025-09-06 14:51:17,687 - DEBUG - 1 change detected: {(<Change.modified: 2>, 'E:\\Next JS\\researchbot\\backend\\logs\\research_assistant_20250906_142429.log')}
2025-09-06 14:51:18,119 - DEBUG - 1 change detected: {(<Change.modified: 2>, 'E:\\Next JS\\researchbot\\backend\\logs\\research_assistant_20250906_142429.log')}
2025-09-06 14:51:18,548 - DEBUG - 1 change detected: {(<Change.modified: 2>, 'E:\\Next JS\\researchbot\\backend\\logs\\research_assistant_20250906_142429.log')}
2025-09-06 14:51:18,962 - DEBUG - 1 change detected: {(<Change.modified: 2>, 'E:\\Next JS\\researchbot\\backend\\logs\\research_assistant_20250906_142429.log')}
2025-09-06 14:51:19,379 - DEBUG - 1 change detected: {(<Change.modified: 2>, 'E:\\Next JS\\researchbot\\backend\\logs\\research_assistant_20250906_142429.log')}
2025-09-06 14:51:19,786 - DEBUG - 1 change detected: {(<Change.modified: 2>, 'E:\\Next JS\\researchbot\\backend\\logs\\research_assistant_20250906_142429.log')}
2025-09-06 14:51:20,198 - DEBUG - 1 change detected: {(<Change.modified: 2>, 'E:\\Next JS\\researchbot\\backend\\logs\\research_assistant_20250906_142429.log')}
2025-09-06 14:51:20,612 - DEBUG - 1 change detected: {(<Change.modified: 2>, 'E:\\Next JS\\researchbot\\backend\\logs\\research_assistant_20250906_142429.log')}
2025-09-06 14:51:21,014 - DEBUG - 1 change detected: {(<Change.modified: 2>, 'E:\\Next JS\\researchbot\\backend\\logs\\research_assistant_20250906_142429.log')}
2025-09-06 14:51:21,416 - DEBUG - 1 change detected: {(<Change.modified: 2>, 'E:\\Next JS\\researchbot\\backend\\logs\\research_assistant_20250906_142429.log')}
2025-09-06 14:51:21,863 - DEBUG - 1 change detected: {(<Change.modified: 2>, 'E:\\Next JS\\researchbot\\backend\\logs\\research_assistant_20250906_142429.log')}
2025-09-06 14:51:22,265 - DEBUG - 1 change detected: {(<Change.modified: 2>, 'E:\\Next JS\\researchbot\\backend\\logs\\research_assistant_20250906_142429.log')}
2025-09-06 14:51:22,749 - DEBUG - 1 change detected: {(<Change.modified: 2>, 'E:\\Next JS\\researchbot\\backend\\logs\\research_assistant_20250906_142429.log')}
2025-09-06 14:51:23,131 - DEBUG - 1 change detected: {(<Change.modified: 2>, 'E:\\Next JS\\researchbot\\backend\\logs\\research_assistant_20250906_142429.log')}
2025-09-06 14:51:23,540 - DEBUG - 1 change detected: {(<Change.modified: 2>, 'E:\\Next JS\\researchbot\\backend\\logs\\research_assistant_20250906_142429.log')}
2025-09-06 14:51:23,962 - DEBUG - 1 change detected: {(<Change.modified: 2>, 'E:\\Next JS\\researchbot\\backend\\logs\\research_assistant_20250906_142429.log')}
2025-09-06 14:51:24,379 - DEBUG - 1 change detected: {(<Change.modified: 2>, 'E:\\Next JS\\researchbot\\backend\\logs\\research_assistant_20250906_142429.log')}
2025-09-06 14:51:24,827 - DEBUG - 1 change detected: {(<Change.modified: 2>, 'E:\\Next JS\\researchbot\\backend\\logs\\research_assistant_20250906_142429.log')}
2025-09-06 14:51:25,246 - DEBUG - 1 change detected: {(<Change.modified: 2>, 'E:\\Next JS\\researchbot\\backend\\logs\\research_assistant_20250906_142429.log')}
2025-09-06 14:51:25,670 - DEBUG - 1 change detected: {(<Change.modified: 2>, 'E:\\Next JS\\researchbot\\backend\\logs\\research_assistant_20250906_142429.log')}
2025-09-06 14:51:26,077 - DEBUG - 1 change detected: {(<Change.modified: 2>, 'E:\\Next JS\\researchbot\\backend\\logs\\research_assistant_20250906_142429.log')}
2025-09-06 14:51:26,485 - DEBUG - 1 change detected: {(<Change.modified: 2>, 'E:\\Next JS\\researchbot\\backend\\logs\\research_assistant_20250906_142429.log')}
2025-09-06 14:51:26,925 - DEBUG - 1 change detected: {(<Change.modified: 2>, 'E:\\Next JS\\researchbot\\backend\\logs\\research_assistant_20250906_142429.log')}
2025-09-06 14:51:27,289 - DEBUG - 1 change detected: {(<Change.modified: 2>, 'E:\\Next JS\\researchbot\\backend\\logs\\research_assistant_20250906_142429.log')}
2025-09-06 14:51:27,707 - DEBUG - 1 change detected: {(<Change.modified: 2>, 'E:\\Next JS\\researchbot\\backend\\logs\\research_assistant_20250906_142429.log')}
2025-09-06 14:51:28,073 - DEBUG - 1 change detected: {(<Change.modified: 2>, 'E:\\Next JS\\researchbot\\backend\\logs\\research_assistant_20250906_142429.log')}
2025-09-06 14:51:28,536 - DEBUG - 1 change detected: {(<Change.modified: 2>, 'E:\\Next JS\\researchbot\\backend\\logs\\research_assistant_20250906_142429.log')}
2025-09-06 14:51:28,904 - DEBUG - 1 change detected: {(<Change.modified: 2>, 'E:\\Next JS\\researchbot\\backend\\logs\\research_assistant_20250906_142429.log')}
2025-09-06 14:51:29,819 - DEBUG - 1 change detected: {(<Change.modified: 2>, 'E:\\Next JS\\researchbot\\backend\\logs\\research_assistant_20250906_142429.log')}
2025-09-06 14:51:30,338 - DEBUG - 1 change detected: {(<Change.modified: 2>, 'E:\\Next JS\\researchbot\\backend\\logs\\research_assistant_20250906_142429.log')}
2025-09-06 14:51:30,808 - DEBUG - 1 change detected: {(<Change.modified: 2>, 'E:\\Next JS\\researchbot\\backend\\logs\\research_assistant_20250906_142429.log')}
2025-09-06 14:51:31,221 - DEBUG - 1 change detected: {(<Change.modified: 2>, 'E:\\Next JS\\researchbot\\backend\\logs\\research_assistant_20250906_142429.log')}
2025-09-06 14:51:31,634 - DEBUG - 1 change detected: {(<Change.modified: 2>, 'E:\\Next JS\\researchbot\\backend\\logs\\research_assistant_20250906_142429.log')}
2025-09-06 14:51:32,068 - DEBUG - 1 change detected: {(<Change.modified: 2>, 'E:\\Next JS\\researchbot\\backend\\logs\\research_assistant_20250906_142429.log')}
2025-09-06 14:51:32,514 - DEBUG - 1 change detected: {(<Change.modified: 2>, 'E:\\Next JS\\researchbot\\backend\\logs\\research_assistant_20250906_142429.log')}
2025-09-06 14:51:32,965 - DEBUG - 1 change detected: {(<Change.modified: 2>, 'E:\\Next JS\\researchbot\\backend\\logs\\research_assistant_20250906_142429.log')}
2025-09-06 14:51:33,330 - DEBUG - 1 change detected: {(<Change.modified: 2>, 'E:\\Next JS\\researchbot\\backend\\logs\\research_assistant_20250906_142429.log')}
2025-09-06 14:51:33,739 - DEBUG - 1 change detected: {(<Change.modified: 2>, 'E:\\Next JS\\researchbot\\backend\\logs\\research_assistant_20250906_142429.log')}
2025-09-06 14:51:34,146 - DEBUG - 1 change detected: {(<Change.modified: 2>, 'E:\\Next JS\\researchbot\\backend\\logs\\research_assistant_20250906_142429.log')}
2025-09-06 14:51:34,747 - DEBUG - 1 change detected: {(<Change.modified: 2>, 'E:\\Next JS\\researchbot\\backend\\logs\\research_assistant_20250906_142429.log')}
2025-09-06 14:51:35,313 - DEBUG - 1 change detected: {(<Change.modified: 2>, 'E:\\Next JS\\researchbot\\backend\\logs\\research_assistant_20250906_142429.log')}
2025-09-06 14:51:35,677 - DEBUG - 1 change detected: {(<Change.modified: 2>, 'E:\\Next JS\\researchbot\\backend\\logs\\research_assistant_20250906_142429.log')}
2025-09-06 14:51:36,094 - DEBUG - 1 change detected: {(<Change.modified: 2>, 'E:\\Next JS\\researchbot\\backend\\logs\\research_assistant_20250906_142429.log')}
2025-09-06 14:51:36,509 - DEBUG - 1 change detected: {(<Change.modified: 2>, 'E:\\Next JS\\researchbot\\backend\\logs\\research_assistant_20250906_142429.log')}
2025-09-06 14:51:36,922 - DEBUG - 1 change detected: {(<Change.modified: 2>, 'E:\\Next JS\\researchbot\\backend\\logs\\research_assistant_20250906_142429.log')}
2025-09-06 14:51:37,347 - DEBUG - 1 change detected: {(<Change.modified: 2>, 'E:\\Next JS\\researchbot\\backend\\logs\\research_assistant_20250906_142429.log')}
2025-09-06 14:51:37,793 - DEBUG - 1 change detected: {(<Change.modified: 2>, 'E:\\Next JS\\researchbot\\backend\\logs\\research_assistant_20250906_142429.log')}
2025-09-06 14:51:38,207 - DEBUG - 1 change detected: {(<Change.modified: 2>, 'E:\\Next JS\\researchbot\\backend\\logs\\research_assistant_20250906_142429.log')}
2025-09-06 14:51:38,672 - DEBUG - 1 change detected: {(<Change.modified: 2>, 'E:\\Next JS\\researchbot\\backend\\logs\\research_assistant_20250906_142429.log')}
2025-09-06 14:51:39,025 - DEBUG - 1 change detected: {(<Change.modified: 2>, 'E:\\Next JS\\researchbot\\backend\\logs\\research_assistant_20250906_142429.log')}
2025-09-06 14:51:39,457 - DEBUG - 1 change detected: {(<Change.modified: 2>, 'E:\\Next JS\\researchbot\\backend\\logs\\research_assistant_20250906_142429.log')}
2025-09-06 14:51:39,894 - DEBUG - 1 change detected: {(<Change.modified: 2>, 'E:\\Next JS\\researchbot\\backend\\logs\\research_assistant_20250906_142429.log')}
2025-09-06 14:51:40,320 - DEBUG - 1 change detected: {(<Change.modified: 2>, 'E:\\Next JS\\researchbot\\backend\\logs\\research_assistant_20250906_142429.log')}
2025-09-06 14:51:40,738 - DEBUG - 1 change detected: {(<Change.modified: 2>, 'E:\\Next JS\\researchbot\\backend\\logs\\research_assistant_20250906_142429.log')}
2025-09-06 14:51:41,155 - DEBUG - 1 change detected: {(<Change.modified: 2>, 'E:\\Next JS\\researchbot\\backend\\logs\\research_assistant_20250906_142429.log')}
2025-09-06 14:51:41,571 - DEBUG - 1 change detected: {(<Change.modified: 2>, 'E:\\Next JS\\researchbot\\backend\\logs\\research_assistant_20250906_142429.log')}
2025-09-06 14:51:41,978 - DEBUG - 1 change detected: {(<Change.modified: 2>, 'E:\\Next JS\\researchbot\\backend\\logs\\research_assistant_20250906_142429.log')}
2025-09-06 14:51:42,552 - DEBUG - 1 change detected: {(<Change.modified: 2>, 'E:\\Next JS\\researchbot\\backend\\logs\\research_assistant_20250906_142429.log')}
2025-09-06 14:51:43,618 - DEBUG - 1 change detected: {(<Change.modified: 2>, 'E:\\Next JS\\researchbot\\backend\\logs\\research_assistant_20250906_142429.log')}
2025-09-06 14:51:44,048 - DEBUG - 1 change detected: {(<Change.modified: 2>, 'E:\\Next JS\\researchbot\\backend\\logs\\research_assistant_20250906_142429.log')}
2025-09-06 14:51:44,425 - DEBUG - 1 change detected: {(<Change.modified: 2>, 'E:\\Next JS\\researchbot\\backend\\logs\\research_assistant_20250906_142429.log')}
2025-09-06 14:51:44,835 - DEBUG - 1 change detected: {(<Change.modified: 2>, 'E:\\Next JS\\researchbot\\backend\\logs\\research_assistant_20250906_142429.log')}
2025-09-06 14:51:45,248 - DEBUG - 1 change detected: {(<Change.modified: 2>, 'E:\\Next JS\\researchbot\\backend\\logs\\research_assistant_20250906_142429.log')}
2025-09-06 14:51:45,714 - DEBUG - 1 change detected: {(<Change.modified: 2>, 'E:\\Next JS\\researchbot\\backend\\logs\\research_assistant_20250906_142429.log')}
2025-09-06 14:51:46,216 - DEBUG - 1 change detected: {(<Change.modified: 2>, 'E:\\Next JS\\researchbot\\backend\\logs\\research_assistant_20250906_142429.log')}
2025-09-06 14:51:46,578 - DEBUG - 1 change detected: {(<Change.modified: 2>, 'E:\\Next JS\\researchbot\\backend\\logs\\research_assistant_20250906_142429.log')}
2025-09-06 14:51:46,989 - DEBUG - 1 change detected: {(<Change.modified: 2>, 'E:\\Next JS\\researchbot\\backend\\logs\\research_assistant_20250906_142429.log')}
2025-09-06 14:51:47,396 - DEBUG - 1 change detected: {(<Change.modified: 2>, 'E:\\Next JS\\researchbot\\backend\\logs\\research_assistant_20250906_142429.log')}
2025-09-06 14:51:47,880 - DEBUG - 1 change detected: {(<Change.modified: 2>, 'E:\\Next JS\\researchbot\\backend\\logs\\research_assistant_20250906_142429.log')}
2025-09-06 14:51:48,294 - DEBUG - 1 change detected: {(<Change.modified: 2>, 'E:\\Next JS\\researchbot\\backend\\logs\\research_assistant_20250906_142429.log')}
2025-09-06 14:51:48,709 - DEBUG - 1 change detected: {(<Change.modified: 2>, 'E:\\Next JS\\researchbot\\backend\\logs\\research_assistant_20250906_142429.log')}
2025-09-06 14:51:49,119 - DEBUG - 1 change detected: {(<Change.modified: 2>, 'E:\\Next JS\\researchbot\\backend\\logs\\research_assistant_20250906_142429.log')}
2025-09-06 14:51:49,643 - DEBUG - 1 change detected: {(<Change.modified: 2>, 'E:\\Next JS\\researchbot\\backend\\logs\\research_assistant_20250906_142429.log')}
2025-09-06 14:51:50,158 - DEBUG - 1 change detected: {(<Change.modified: 2>, 'E:\\Next JS\\researchbot\\backend\\logs\\research_assistant_20250906_142429.log')}
2025-09-06 14:51:50,563 - DEBUG - 1 change detected: {(<Change.modified: 2>, 'E:\\Next JS\\researchbot\\backend\\logs\\research_assistant_20250906_142429.log')}
2025-09-06 14:51:50,975 - DEBUG - 1 change detected: {(<Change.modified: 2>, 'E:\\Next JS\\researchbot\\backend\\logs\\research_assistant_20250906_142429.log')}
2025-09-06 14:51:51,388 - DEBUG - 1 change detected: {(<Change.modified: 2>, 'E:\\Next JS\\researchbot\\backend\\logs\\research_assistant_20250906_142429.log')}
2025-09-06 14:51:51,747 - DEBUG - 1 change detected: {(<Change.modified: 2>, 'E:\\Next JS\\researchbot\\backend\\logs\\research_assistant_20250906_142429.log')}
2025-09-06 14:51:52,158 - DEBUG - 1 change detected: {(<Change.modified: 2>, 'E:\\Next JS\\researchbot\\backend\\logs\\research_assistant_20250906_142429.log')}
2025-09-06 14:51:52,588 - DEBUG - 1 change detected: {(<Change.modified: 2>, 'E:\\Next JS\\researchbot\\backend\\logs\\research_assistant_20250906_142429.log')}
2025-09-06 14:51:52,954 - DEBUG - 1 change detected: {(<Change.modified: 2>, 'E:\\Next JS\\researchbot\\backend\\logs\\research_assistant_20250906_142429.log')}
2025-09-06 14:51:53,370 - DEBUG - 1 change detected: {(<Change.modified: 2>, 'E:\\Next JS\\researchbot\\backend\\logs\\research_assistant_20250906_142429.log')}
2025-09-06 14:51:53,828 - DEBUG - 1 change detected: {(<Change.modified: 2>, 'E:\\Next JS\\researchbot\\backend\\logs\\research_assistant_20250906_142429.log')}
2025-09-06 14:51:54,239 - DEBUG - 1 change detected: {(<Change.modified: 2>, 'E:\\Next JS\\researchbot\\backend\\logs\\research_assistant_20250906_142429.log')}
2025-09-06 14:51:54,604 - DEBUG - 1 change detected: {(<Change.modified: 2>, 'E:\\Next JS\\researchbot\\backend\\logs\\research_assistant_20250906_142429.log')}
2025-09-06 14:51:55,035 - DEBUG - 1 change detected: {(<Change.modified: 2>, 'E:\\Next JS\\researchbot\\backend\\logs\\research_assistant_20250906_142429.log')}
2025-09-06 14:51:55,454 - DEBUG - 1 change detected: {(<Change.modified: 2>, 'E:\\Next JS\\researchbot\\backend\\logs\\research_assistant_20250906_142429.log')}
2025-09-06 14:51:55,906 - DEBUG - 1 change detected: {(<Change.modified: 2>, 'E:\\Next JS\\researchbot\\backend\\logs\\research_assistant_20250906_142429.log')}
2025-09-06 14:51:56,344 - DEBUG - 1 change detected: {(<Change.modified: 2>, 'E:\\Next JS\\researchbot\\backend\\logs\\research_assistant_20250906_142429.log')}
2025-09-06 14:51:56,767 - DEBUG - 1 change detected: {(<Change.modified: 2>, 'E:\\Next JS\\researchbot\\backend\\logs\\research_assistant_20250906_142429.log')}
2025-09-06 14:51:57,197 - DEBUG - 1 change detected: {(<Change.modified: 2>, 'E:\\Next JS\\researchbot\\backend\\logs\\research_assistant_20250906_142429.log')}
2025-09-06 14:51:57,667 - DEBUG - 1 change detected: {(<Change.modified: 2>, 'E:\\Next JS\\researchbot\\backend\\logs\\research_assistant_20250906_142429.log')}
2025-09-06 14:51:58,170 - DEBUG - 1 change detected: {(<Change.modified: 2>, 'E:\\Next JS\\researchbot\\backend\\logs\\research_assistant_20250906_142429.log')}
2025-09-06 14:51:58,749 - DEBUG - 1 change detected: {(<Change.modified: 2>, 'E:\\Next JS\\researchbot\\backend\\logs\\research_assistant_20250906_142429.log')}
2025-09-06 14:51:59,248 - DEBUG - 1 change detected: {(<Change.modified: 2>, 'E:\\Next JS\\researchbot\\backend\\logs\\research_assistant_20250906_142429.log')}
2025-09-06 14:51:59,712 - DEBUG - 1 change detected: {(<Change.modified: 2>, 'E:\\Next JS\\researchbot\\backend\\logs\\research_assistant_20250906_142429.log')}
2025-09-06 14:52:00,118 - DEBUG - 1 change detected: {(<Change.modified: 2>, 'E:\\Next JS\\researchbot\\backend\\logs\\research_assistant_20250906_142429.log')}
2025-09-06 14:52:00,580 - DEBUG - 1 change detected: {(<Change.modified: 2>, 'E:\\Next JS\\researchbot\\backend\\logs\\research_assistant_20250906_142429.log')}
2025-09-06 14:52:01,146 - DEBUG - 1 change detected: {(<Change.modified: 2>, 'E:\\Next JS\\researchbot\\backend\\logs\\research_assistant_20250906_142429.log')}
2025-09-06 14:52:01,581 - DEBUG - 1 change detected: {(<Change.modified: 2>, 'E:\\Next JS\\researchbot\\backend\\logs\\research_assistant_20250906_142429.log')}
2025-09-06 14:52:02,024 - DEBUG - 1 change detected: {(<Change.modified: 2>, 'E:\\Next JS\\researchbot\\backend\\logs\\research_assistant_20250906_142429.log')}
2025-09-06 14:52:02,446 - DEBUG - 1 change detected: {(<Change.modified: 2>, 'E:\\Next JS\\researchbot\\backend\\logs\\research_assistant_20250906_142429.log')}
2025-09-06 14:52:02,860 - DEBUG - 1 change detected: {(<Change.modified: 2>, 'E:\\Next JS\\researchbot\\backend\\logs\\research_assistant_20250906_142429.log')}
2025-09-06 14:52:03,309 - DEBUG - 1 change detected: {(<Change.modified: 2>, 'E:\\Next JS\\researchbot\\backend\\logs\\research_assistant_20250906_142429.log')}
2025-09-06 14:52:03,775 - DEBUG - 1 change detected: {(<Change.modified: 2>, 'E:\\Next JS\\researchbot\\backend\\logs\\research_assistant_20250906_142429.log')}
2025-09-06 14:52:04,339 - DEBUG - 1 change detected: {(<Change.modified: 2>, 'E:\\Next JS\\researchbot\\backend\\logs\\research_assistant_20250906_142429.log')}
2025-09-06 14:52:04,785 - DEBUG - 1 change detected: {(<Change.modified: 2>, 'E:\\Next JS\\researchbot\\backend\\logs\\research_assistant_20250906_142429.log')}
2025-09-06 14:52:05,200 - DEBUG - 1 change detected: {(<Change.modified: 2>, 'E:\\Next JS\\researchbot\\backend\\logs\\research_assistant_20250906_142429.log')}
2025-09-06 14:52:05,610 - DEBUG - 1 change detected: {(<Change.modified: 2>, 'E:\\Next JS\\researchbot\\backend\\logs\\research_assistant_20250906_142429.log')}
2025-09-06 14:52:06,025 - DEBUG - 1 change detected: {(<Change.modified: 2>, 'E:\\Next JS\\researchbot\\backend\\logs\\research_assistant_20250906_142429.log')}
2025-09-06 14:52:06,449 - DEBUG - 1 change detected: {(<Change.modified: 2>, 'E:\\Next JS\\researchbot\\backend\\logs\\research_assistant_20250906_142429.log')}
2025-09-06 14:52:06,856 - DEBUG - 1 change detected: {(<Change.modified: 2>, 'E:\\Next JS\\researchbot\\backend\\logs\\research_assistant_20250906_142429.log')}
2025-09-06 14:52:07,278 - DEBUG - 1 change detected: {(<Change.modified: 2>, 'E:\\Next JS\\researchbot\\backend\\logs\\research_assistant_20250906_142429.log')}
2025-09-06 14:52:07,731 - DEBUG - 1 change detected: {(<Change.modified: 2>, 'E:\\Next JS\\researchbot\\backend\\logs\\research_assistant_20250906_142429.log')}
2025-09-06 14:52:08,205 - DEBUG - 1 change detected: {(<Change.modified: 2>, 'E:\\Next JS\\researchbot\\backend\\logs\\research_assistant_20250906_142429.log')}
2025-09-06 14:52:08,567 - DEBUG - 1 change detected: {(<Change.modified: 2>, 'E:\\Next JS\\researchbot\\backend\\logs\\research_assistant_20250906_142429.log')}
2025-09-06 14:52:08,989 - DEBUG - 1 change detected: {(<Change.modified: 2>, 'E:\\Next JS\\researchbot\\backend\\logs\\research_assistant_20250906_142429.log')}
2025-09-06 14:52:09,453 - DEBUG - 1 change detected: {(<Change.modified: 2>, 'E:\\Next JS\\researchbot\\backend\\logs\\research_assistant_20250906_142429.log')}
2025-09-06 14:52:09,855 - DEBUG - 1 change detected: {(<Change.modified: 2>, 'E:\\Next JS\\researchbot\\backend\\logs\\research_assistant_20250906_142429.log')}
2025-09-06 14:52:10,351 - DEBUG - 1 change detected: {(<Change.modified: 2>, 'E:\\Next JS\\researchbot\\backend\\logs\\research_assistant_20250906_142429.log')}
2025-09-06 14:52:10,780 - DEBUG - 1 change detected: {(<Change.modified: 2>, 'E:\\Next JS\\researchbot\\backend\\logs\\research_assistant_20250906_142429.log')}
2025-09-06 14:52:11,236 - DEBUG - 1 change detected: {(<Change.modified: 2>, 'E:\\Next JS\\researchbot\\backend\\logs\\research_assistant_20250906_142429.log')}
2025-09-06 14:52:11,750 - DEBUG - 1 change detected: {(<Change.modified: 2>, 'E:\\Next JS\\researchbot\\backend\\logs\\research_assistant_20250906_142429.log')}
2025-09-06 14:52:12,158 - DEBUG - 1 change detected: {(<Change.modified: 2>, 'E:\\Next JS\\researchbot\\backend\\logs\\research_assistant_20250906_142429.log')}
2025-09-06 14:52:12,617 - DEBUG - 1 change detected: {(<Change.modified: 2>, 'E:\\Next JS\\researchbot\\backend\\logs\\research_assistant_20250906_142429.log')}
2025-09-06 14:52:12,993 - DEBUG - 1 change detected: {(<Change.modified: 2>, 'E:\\Next JS\\researchbot\\backend\\logs\\research_assistant_20250906_142429.log')}
2025-09-06 14:52:13,411 - DEBUG - 1 change detected: {(<Change.modified: 2>, 'E:\\Next JS\\researchbot\\backend\\logs\\research_assistant_20250906_142429.log')}
2025-09-06 14:52:13,865 - DEBUG - 1 change detected: {(<Change.modified: 2>, 'E:\\Next JS\\researchbot\\backend\\logs\\research_assistant_20250906_142429.log')}
2025-09-06 14:52:14,474 - DEBUG - 1 change detected: {(<Change.modified: 2>, 'E:\\Next JS\\researchbot\\backend\\logs\\research_assistant_20250906_142429.log')}
2025-09-06 14:52:14,920 - DEBUG - 1 change detected: {(<Change.modified: 2>, 'E:\\Next JS\\researchbot\\backend\\logs\\research_assistant_20250906_142429.log')}
2025-09-06 14:52:15,281 - DEBUG - 1 change detected: {(<Change.modified: 2>, 'E:\\Next JS\\researchbot\\backend\\logs\\research_assistant_20250906_142429.log')}
2025-09-06 14:52:15,691 - DEBUG - 1 change detected: {(<Change.modified: 2>, 'E:\\Next JS\\researchbot\\backend\\logs\\research_assistant_20250906_142429.log')}
2025-09-06 14:52:16,108 - DEBUG - 1 change detected: {(<Change.modified: 2>, 'E:\\Next JS\\researchbot\\backend\\logs\\research_assistant_20250906_142429.log')}
2025-09-06 14:52:16,511 - DEBUG - 1 change detected: {(<Change.modified: 2>, 'E:\\Next JS\\researchbot\\backend\\logs\\research_assistant_20250906_142429.log')}
2025-09-06 14:52:16,954 - DEBUG - 1 change detected: {(<Change.modified: 2>, 'E:\\Next JS\\researchbot\\backend\\logs\\research_assistant_20250906_142429.log')}
2025-09-06 14:52:18,014 - DEBUG - 1 change detected: {(<Change.modified: 2>, 'E:\\Next JS\\researchbot\\backend\\logs\\research_assistant_20250906_142429.log')}
2025-09-06 14:52:18,991 - DEBUG - 1 change detected: {(<Change.modified: 2>, 'E:\\Next JS\\researchbot\\backend\\logs\\research_assistant_20250906_142429.log')}
2025-09-06 14:52:20,300 - DEBUG - 1 change detected: {(<Change.modified: 2>, 'E:\\Next JS\\researchbot\\backend\\logs\\research_assistant_20250906_142429.log')}
2025-09-06 14:52:21,702 - DEBUG - 1 change detected: {(<Change.modified: 2>, 'E:\\Next JS\\researchbot\\backend\\logs\\research_assistant_20250906_142429.log')}
2025-09-06 14:55:04,659 - DEBUG - 1 change detected: {(<Change.modified: 2>, 'E:\\Next JS\\researchbot\\backend\\logs\\research_assistant_20250906_142429.log')}
2025-09-06 14:55:05,037 - DEBUG - 1 change detected: {(<Change.modified: 2>, 'E:\\Next JS\\researchbot\\backend\\logs\\research_assistant_20250906_142429.log')}
2025-09-06 14:55:05,446 - DEBUG - 1 change detected: {(<Change.modified: 2>, 'E:\\Next JS\\researchbot\\backend\\logs\\research_assistant_20250906_142429.log')}
2025-09-06 14:55:05,860 - DEBUG - 1 change detected: {(<Change.modified: 2>, 'E:\\Next JS\\researchbot\\backend\\logs\\research_assistant_20250906_142429.log')}
2025-09-06 14:55:06,223 - DEBUG - 1 change detected: {(<Change.modified: 2>, 'E:\\Next JS\\researchbot\\backend\\logs\\research_assistant_20250906_142429.log')}
2025-09-06 14:55:06,635 - DEBUG - 1 change detected: {(<Change.modified: 2>, 'E:\\Next JS\\researchbot\\backend\\logs\\research_assistant_20250906_142429.log')}
2025-09-06 14:55:07,083 - DEBUG - 1 change detected: {(<Change.modified: 2>, 'E:\\Next JS\\researchbot\\backend\\logs\\research_assistant_20250906_142429.log')}
2025-09-06 14:55:07,465 - DEBUG - 1 change detected: {(<Change.modified: 2>, 'E:\\Next JS\\researchbot\\backend\\logs\\research_assistant_20250906_142429.log')}
2025-09-06 14:55:07,817 - DEBUG - 1 change detected: {(<Change.modified: 2>, 'E:\\Next JS\\researchbot\\backend\\logs\\research_assistant_20250906_142429.log')}
2025-09-06 14:55:08,176 - DEBUG - 1 change detected: {(<Change.modified: 2>, 'E:\\Next JS\\researchbot\\backend\\logs\\research_assistant_20250906_142429.log')}
2025-09-06 14:55:08,534 - DEBUG - 1 change detected: {(<Change.modified: 2>, 'E:\\Next JS\\researchbot\\backend\\logs\\research_assistant_20250906_142429.log')}
2025-09-06 14:55:08,912 - DEBUG - 1 change detected: {(<Change.modified: 2>, 'E:\\Next JS\\researchbot\\backend\\logs\\research_assistant_20250906_142429.log')}
2025-09-06 14:55:09,320 - DEBUG - 1 change detected: {(<Change.modified: 2>, 'E:\\Next JS\\researchbot\\backend\\logs\\research_assistant_20250906_142429.log')}
2025-09-06 14:55:09,736 - DEBUG - 1 change detected: {(<Change.modified: 2>, 'E:\\Next JS\\researchbot\\backend\\logs\\research_assistant_20250906_142429.log')}
2025-09-06 14:55:10,118 - DEBUG - 1 change detected: {(<Change.modified: 2>, 'E:\\Next JS\\researchbot\\backend\\logs\\research_assistant_20250906_142429.log')}
2025-09-06 14:55:10,997 - DEBUG - 1 change detected: {(<Change.modified: 2>, 'E:\\Next JS\\researchbot\\backend\\logs\\research_assistant_20250906_142429.log')}
2025-09-06 14:55:11,360 - DEBUG - 1 change detected: {(<Change.modified: 2>, 'E:\\Next JS\\researchbot\\backend\\logs\\research_assistant_20250906_142429.log')}
2025-09-06 14:55:11,819 - DEBUG - 1 change detected: {(<Change.modified: 2>, 'E:\\Next JS\\researchbot\\backend\\logs\\research_assistant_20250906_142429.log')}
2025-09-06 14:55:12,233 - DEBUG - 1 change detected: {(<Change.modified: 2>, 'E:\\Next JS\\researchbot\\backend\\logs\\research_assistant_20250906_142429.log')}
2025-09-06 14:55:12,663 - DEBUG - 1 change detected: {(<Change.modified: 2>, 'E:\\Next JS\\researchbot\\backend\\logs\\research_assistant_20250906_142429.log')}
2025-09-06 14:55:13,224 - DEBUG - 1 change detected: {(<Change.modified: 2>, 'E:\\Next JS\\researchbot\\backend\\logs\\research_assistant_20250906_142429.log')}
2025-09-06 14:55:13,598 - DEBUG - 1 change detected: {(<Change.modified: 2>, 'E:\\Next JS\\researchbot\\backend\\logs\\research_assistant_20250906_142429.log')}
2025-09-06 14:55:13,972 - DEBUG - 1 change detected: {(<Change.modified: 2>, 'E:\\Next JS\\researchbot\\backend\\logs\\research_assistant_20250906_142429.log')}
2025-09-06 14:55:14,387 - DEBUG - 1 change detected: {(<Change.modified: 2>, 'E:\\Next JS\\researchbot\\backend\\logs\\research_assistant_20250906_142429.log')}
2025-09-06 14:55:14,805 - DEBUG - 1 change detected: {(<Change.modified: 2>, 'E:\\Next JS\\researchbot\\backend\\logs\\research_assistant_20250906_142429.log')}
2025-09-06 14:55:15,275 - DEBUG - 1 change detected: {(<Change.modified: 2>, 'E:\\Next JS\\researchbot\\backend\\logs\\research_assistant_20250906_142429.log')}
2025-09-06 14:55:15,655 - DEBUG - 1 change detected: {(<Change.modified: 2>, 'E:\\Next JS\\researchbot\\backend\\logs\\research_assistant_20250906_142429.log')}
2025-09-06 14:55:16,077 - DEBUG - 1 change detected: {(<Change.modified: 2>, 'E:\\Next JS\\researchbot\\backend\\logs\\research_assistant_20250906_142429.log')}
2025-09-06 14:55:16,508 - DEBUG - 1 change detected: {(<Change.modified: 2>, 'E:\\Next JS\\researchbot\\backend\\logs\\research_assistant_20250906_142429.log')}
2025-09-06 14:55:16,991 - DEBUG - 1 change detected: {(<Change.modified: 2>, 'E:\\Next JS\\researchbot\\backend\\logs\\research_assistant_20250906_142429.log')}
2025-09-06 14:55:17,434 - DEBUG - 1 change detected: {(<Change.modified: 2>, 'E:\\Next JS\\researchbot\\backend\\logs\\research_assistant_20250906_142429.log')}
2025-09-06 14:55:17,914 - DEBUG - 1 change detected: {(<Change.modified: 2>, 'E:\\Next JS\\researchbot\\backend\\logs\\research_assistant_20250906_142429.log')}
2025-09-06 14:55:18,334 - DEBUG - 1 change detected: {(<Change.modified: 2>, 'E:\\Next JS\\researchbot\\backend\\logs\\research_assistant_20250906_142429.log')}
2025-09-06 14:55:18,700 - DEBUG - 1 change detected: {(<Change.modified: 2>, 'E:\\Next JS\\researchbot\\backend\\logs\\research_assistant_20250906_142429.log')}
2025-09-06 14:55:19,096 - DEBUG - 1 change detected: {(<Change.modified: 2>, 'E:\\Next JS\\researchbot\\backend\\logs\\research_assistant_20250906_142429.log')}
2025-09-06 14:55:19,513 - DEBUG - 1 change detected: {(<Change.modified: 2>, 'E:\\Next JS\\researchbot\\backend\\logs\\research_assistant_20250906_142429.log')}
2025-09-06 14:55:19,928 - DEBUG - 1 change detected: {(<Change.modified: 2>, 'E:\\Next JS\\researchbot\\backend\\logs\\research_assistant_20250906_142429.log')}
2025-09-06 14:55:20,398 - DEBUG - 1 change detected: {(<Change.modified: 2>, 'E:\\Next JS\\researchbot\\backend\\logs\\research_assistant_20250906_142429.log')}
2025-09-06 14:55:20,757 - DEBUG - 1 change detected: {(<Change.modified: 2>, 'E:\\Next JS\\researchbot\\backend\\logs\\research_assistant_20250906_142429.log')}
2025-09-06 14:55:21,186 - DEBUG - 1 change detected: {(<Change.modified: 2>, 'E:\\Next JS\\researchbot\\backend\\logs\\research_assistant_20250906_142429.log')}
2025-09-06 14:55:21,650 - DEBUG - 1 change detected: {(<Change.modified: 2>, 'E:\\Next JS\\researchbot\\backend\\logs\\research_assistant_20250906_142429.log')}
2025-09-06 14:55:22,078 - DEBUG - 1 change detected: {(<Change.modified: 2>, 'E:\\Next JS\\researchbot\\backend\\logs\\research_assistant_20250906_142429.log')}
2025-09-06 14:55:22,509 - DEBUG - 1 change detected: {(<Change.modified: 2>, 'E:\\Next JS\\researchbot\\backend\\logs\\research_assistant_20250906_142429.log')}
2025-09-06 14:55:22,917 - DEBUG - 1 change detected: {(<Change.modified: 2>, 'E:\\Next JS\\researchbot\\backend\\logs\\research_assistant_20250906_142429.log')}
2025-09-06 14:55:23,353 - DEBUG - 1 change detected: {(<Change.modified: 2>, 'E:\\Next JS\\researchbot\\backend\\logs\\research_assistant_20250906_142429.log')}
2025-09-06 14:55:23,784 - DEBUG - 1 change detected: {(<Change.modified: 2>, 'E:\\Next JS\\researchbot\\backend\\logs\\research_assistant_20250906_142429.log')}
2025-09-06 14:55:24,193 - DEBUG - 1 change detected: {(<Change.modified: 2>, 'E:\\Next JS\\researchbot\\backend\\logs\\research_assistant_20250906_142429.log')}
2025-09-06 14:55:24,609 - DEBUG - 1 change detected: {(<Change.modified: 2>, 'E:\\Next JS\\researchbot\\backend\\logs\\research_assistant_20250906_142429.log')}
2025-09-06 14:55:25,013 - DEBUG - 1 change detected: {(<Change.modified: 2>, 'E:\\Next JS\\researchbot\\backend\\logs\\research_assistant_20250906_142429.log')}
2025-09-06 14:55:25,445 - DEBUG - 1 change detected: {(<Change.modified: 2>, 'E:\\Next JS\\researchbot\\backend\\logs\\research_assistant_20250906_142429.log')}
2025-09-06 14:55:25,848 - DEBUG - 1 change detected: {(<Change.modified: 2>, 'E:\\Next JS\\researchbot\\backend\\logs\\research_assistant_20250906_142429.log')}
2025-09-06 14:55:26,270 - DEBUG - 1 change detected: {(<Change.modified: 2>, 'E:\\Next JS\\researchbot\\backend\\logs\\research_assistant_20250906_142429.log')}
2025-09-06 14:55:26,687 - DEBUG - 1 change detected: {(<Change.modified: 2>, 'E:\\Next JS\\researchbot\\backend\\logs\\research_assistant_20250906_142429.log')}
2025-09-06 14:55:27,101 - DEBUG - 1 change detected: {(<Change.modified: 2>, 'E:\\Next JS\\researchbot\\backend\\logs\\research_assistant_20250906_142429.log')}
2025-09-06 14:55:27,521 - DEBUG - 1 change detected: {(<Change.modified: 2>, 'E:\\Next JS\\researchbot\\backend\\logs\\research_assistant_20250906_142429.log')}
2025-09-06 14:55:27,907 - DEBUG - 1 change detected: {(<Change.modified: 2>, 'E:\\Next JS\\researchbot\\backend\\logs\\research_assistant_20250906_142429.log')}
2025-09-06 14:55:28,327 - DEBUG - 1 change detected: {(<Change.modified: 2>, 'E:\\Next JS\\researchbot\\backend\\logs\\research_assistant_20250906_142429.log')}
2025-09-06 14:55:28,739 - DEBUG - 1 change detected: {(<Change.modified: 2>, 'E:\\Next JS\\researchbot\\backend\\logs\\research_assistant_20250906_142429.log')}
2025-09-06 14:55:29,115 - DEBUG - 1 change detected: {(<Change.modified: 2>, 'E:\\Next JS\\researchbot\\backend\\logs\\research_assistant_20250906_142429.log')}
2025-09-06 14:55:29,593 - DEBUG - 1 change detected: {(<Change.modified: 2>, 'E:\\Next JS\\researchbot\\backend\\logs\\research_assistant_20250906_142429.log')}
2025-09-06 14:55:30,065 - DEBUG - 1 change detected: {(<Change.modified: 2>, 'E:\\Next JS\\researchbot\\backend\\logs\\research_assistant_20250906_142429.log')}
2025-09-06 14:55:30,476 - DEBUG - 1 change detected: {(<Change.modified: 2>, 'E:\\Next JS\\researchbot\\backend\\logs\\research_assistant_20250906_142429.log')}
2025-09-06 14:55:30,897 - DEBUG - 1 change detected: {(<Change.modified: 2>, 'E:\\Next JS\\researchbot\\backend\\logs\\research_assistant_20250906_142429.log')}
2025-09-06 14:55:31,273 - DEBUG - 1 change detected: {(<Change.modified: 2>, 'E:\\Next JS\\researchbot\\backend\\logs\\research_assistant_20250906_142429.log')}
2025-09-06 14:55:31,700 - DEBUG - 1 change detected: {(<Change.modified: 2>, 'E:\\Next JS\\researchbot\\backend\\logs\\research_assistant_20250906_142429.log')}
2025-09-06 14:55:32,068 - DEBUG - 1 change detected: {(<Change.modified: 2>, 'E:\\Next JS\\researchbot\\backend\\logs\\research_assistant_20250906_142429.log')}
2025-09-06 14:55:32,486 - DEBUG - 1 change detected: {(<Change.modified: 2>, 'E:\\Next JS\\researchbot\\backend\\logs\\research_assistant_20250906_142429.log')}
2025-09-06 14:55:32,904 - DEBUG - 1 change detected: {(<Change.modified: 2>, 'E:\\Next JS\\researchbot\\backend\\logs\\research_assistant_20250906_142429.log')}
2025-09-06 14:55:33,328 - DEBUG - 1 change detected: {(<Change.modified: 2>, 'E:\\Next JS\\researchbot\\backend\\logs\\research_assistant_20250906_142429.log')}
2025-09-06 14:55:33,746 - DEBUG - 1 change detected: {(<Change.modified: 2>, 'E:\\Next JS\\researchbot\\backend\\logs\\research_assistant_20250906_142429.log')}
2025-09-06 14:55:34,102 - DEBUG - 1 change detected: {(<Change.modified: 2>, 'E:\\Next JS\\researchbot\\backend\\logs\\research_assistant_20250906_142429.log')}
2025-09-06 14:55:34,581 - DEBUG - 1 change detected: {(<Change.modified: 2>, 'E:\\Next JS\\researchbot\\backend\\logs\\research_assistant_20250906_142429.log')}
2025-09-06 14:55:35,514 - DEBUG - 1 change detected: {(<Change.modified: 2>, 'E:\\Next JS\\researchbot\\backend\\logs\\research_assistant_20250906_142429.log')}
2025-09-06 14:55:35,873 - DEBUG - 1 change detected: {(<Change.modified: 2>, 'E:\\Next JS\\researchbot\\backend\\logs\\research_assistant_20250906_142429.log')}
2025-09-06 14:55:36,290 - DEBUG - 1 change detected: {(<Change.modified: 2>, 'E:\\Next JS\\researchbot\\backend\\logs\\research_assistant_20250906_142429.log')}
2025-09-06 14:55:36,700 - DEBUG - 1 change detected: {(<Change.modified: 2>, 'E:\\Next JS\\researchbot\\backend\\logs\\research_assistant_20250906_142429.log')}
2025-09-06 14:55:37,128 - DEBUG - 1 change detected: {(<Change.modified: 2>, 'E:\\Next JS\\researchbot\\backend\\logs\\research_assistant_20250906_142429.log')}
2025-09-06 14:55:37,565 - DEBUG - 1 change detected: {(<Change.modified: 2>, 'E:\\Next JS\\researchbot\\backend\\logs\\research_assistant_20250906_142429.log')}
2025-09-06 14:55:37,978 - DEBUG - 1 change detected: {(<Change.modified: 2>, 'E:\\Next JS\\researchbot\\backend\\logs\\research_assistant_20250906_142429.log')}
2025-09-06 14:55:38,392 - DEBUG - 1 change detected: {(<Change.modified: 2>, 'E:\\Next JS\\researchbot\\backend\\logs\\research_assistant_20250906_142429.log')}
2025-09-06 14:55:38,808 - DEBUG - 1 change detected: {(<Change.modified: 2>, 'E:\\Next JS\\researchbot\\backend\\logs\\research_assistant_20250906_142429.log')}
2025-09-06 14:55:39,237 - DEBUG - 1 change detected: {(<Change.modified: 2>, 'E:\\Next JS\\researchbot\\backend\\logs\\research_assistant_20250906_142429.log')}
2025-09-06 14:55:39,655 - DEBUG - 1 change detected: {(<Change.modified: 2>, 'E:\\Next JS\\researchbot\\backend\\logs\\research_assistant_20250906_142429.log')}
2025-09-06 14:55:40,074 - DEBUG - 1 change detected: {(<Change.modified: 2>, 'E:\\Next JS\\researchbot\\backend\\logs\\research_assistant_20250906_142429.log')}
2025-09-06 14:55:40,480 - DEBUG - 1 change detected: {(<Change.modified: 2>, 'E:\\Next JS\\researchbot\\backend\\logs\\research_assistant_20250906_142429.log')}
2025-09-06 14:55:40,894 - DEBUG - 1 change detected: {(<Change.modified: 2>, 'E:\\Next JS\\researchbot\\backend\\logs\\research_assistant_20250906_142429.log')}
2025-09-06 14:55:41,319 - DEBUG - 1 change detected: {(<Change.modified: 2>, 'E:\\Next JS\\researchbot\\backend\\logs\\research_assistant_20250906_142429.log')}
2025-09-06 14:55:41,727 - DEBUG - 1 change detected: {(<Change.modified: 2>, 'E:\\Next JS\\researchbot\\backend\\logs\\research_assistant_20250906_142429.log')}
2025-09-06 14:55:42,158 - DEBUG - 1 change detected: {(<Change.modified: 2>, 'E:\\Next JS\\researchbot\\backend\\logs\\research_assistant_20250906_142429.log')}
2025-09-06 14:55:42,580 - DEBUG - 1 change detected: {(<Change.modified: 2>, 'E:\\Next JS\\researchbot\\backend\\logs\\research_assistant_20250906_142429.log')}
2025-09-06 14:55:43,001 - DEBUG - 1 change detected: {(<Change.modified: 2>, 'E:\\Next JS\\researchbot\\backend\\logs\\research_assistant_20250906_142429.log')}
2025-09-06 14:55:43,370 - DEBUG - 1 change detected: {(<Change.modified: 2>, 'E:\\Next JS\\researchbot\\backend\\logs\\research_assistant_20250906_142429.log')}
2025-09-06 14:55:43,858 - DEBUG - 1 change detected: {(<Change.modified: 2>, 'E:\\Next JS\\researchbot\\backend\\logs\\research_assistant_20250906_142429.log')}
2025-09-06 14:55:44,225 - DEBUG - 1 change detected: {(<Change.modified: 2>, 'E:\\Next JS\\researchbot\\backend\\logs\\research_assistant_20250906_142429.log')}
2025-09-06 14:55:44,638 - DEBUG - 1 change detected: {(<Change.modified: 2>, 'E:\\Next JS\\researchbot\\backend\\logs\\research_assistant_20250906_142429.log')}
2025-09-06 14:55:45,053 - DEBUG - 1 change detected: {(<Change.modified: 2>, 'E:\\Next JS\\researchbot\\backend\\logs\\research_assistant_20250906_142429.log')}
2025-09-06 14:55:45,460 - DEBUG - 1 change detected: {(<Change.modified: 2>, 'E:\\Next JS\\researchbot\\backend\\logs\\research_assistant_20250906_142429.log')}
2025-09-06 14:55:45,899 - DEBUG - 1 change detected: {(<Change.modified: 2>, 'E:\\Next JS\\researchbot\\backend\\logs\\research_assistant_20250906_142429.log')}
2025-09-06 14:55:46,303 - DEBUG - 1 change detected: {(<Change.modified: 2>, 'E:\\Next JS\\researchbot\\backend\\logs\\research_assistant_20250906_142429.log')}
2025-09-06 14:55:46,719 - DEBUG - 1 change detected: {(<Change.modified: 2>, 'E:\\Next JS\\researchbot\\backend\\logs\\research_assistant_20250906_142429.log')}
2025-09-06 14:55:47,137 - DEBUG - 1 change detected: {(<Change.modified: 2>, 'E:\\Next JS\\researchbot\\backend\\logs\\research_assistant_20250906_142429.log')}
2025-09-06 14:55:47,502 - DEBUG - 1 change detected: {(<Change.modified: 2>, 'E:\\Next JS\\researchbot\\backend\\logs\\research_assistant_20250906_142429.log')}
2025-09-06 14:55:47,881 - DEBUG - 1 change detected: {(<Change.modified: 2>, 'E:\\Next JS\\researchbot\\backend\\logs\\research_assistant_20250906_142429.log')}
2025-09-06 14:55:48,336 - DEBUG - 1 change detected: {(<Change.modified: 2>, 'E:\\Next JS\\researchbot\\backend\\logs\\research_assistant_20250906_142429.log')}
2025-09-06 14:55:48,721 - DEBUG - 1 change detected: {(<Change.modified: 2>, 'E:\\Next JS\\researchbot\\backend\\logs\\research_assistant_20250906_142429.log')}
2025-09-06 14:55:49,197 - DEBUG - 1 change detected: {(<Change.modified: 2>, 'E:\\Next JS\\researchbot\\backend\\logs\\research_assistant_20250906_142429.log')}
2025-09-06 14:55:49,672 - DEBUG - 1 change detected: {(<Change.modified: 2>, 'E:\\Next JS\\researchbot\\backend\\logs\\research_assistant_20250906_142429.log')}
2025-09-06 14:55:50,150 - DEBUG - 1 change detected: {(<Change.modified: 2>, 'E:\\Next JS\\researchbot\\backend\\logs\\research_assistant_20250906_142429.log')}
2025-09-06 14:55:50,576 - DEBUG - 1 change detected: {(<Change.modified: 2>, 'E:\\Next JS\\researchbot\\backend\\logs\\research_assistant_20250906_142429.log')}
2025-09-06 14:55:50,937 - DEBUG - 1 change detected: {(<Change.modified: 2>, 'E:\\Next JS\\researchbot\\backend\\logs\\research_assistant_20250906_142429.log')}
2025-09-06 14:55:51,353 - DEBUG - 1 change detected: {(<Change.modified: 2>, 'E:\\Next JS\\researchbot\\backend\\logs\\research_assistant_20250906_142429.log')}
2025-09-06 14:55:51,758 - DEBUG - 1 change detected: {(<Change.modified: 2>, 'E:\\Next JS\\researchbot\\backend\\logs\\research_assistant_20250906_142429.log')}
2025-09-06 14:55:52,178 - DEBUG - 1 change detected: {(<Change.modified: 2>, 'E:\\Next JS\\researchbot\\backend\\logs\\research_assistant_20250906_142429.log')}
2025-09-06 14:55:52,601 - DEBUG - 1 change detected: {(<Change.modified: 2>, 'E:\\Next JS\\researchbot\\backend\\logs\\research_assistant_20250906_142429.log')}
2025-09-06 14:55:53,018 - DEBUG - 1 change detected: {(<Change.modified: 2>, 'E:\\Next JS\\researchbot\\backend\\logs\\research_assistant_20250906_142429.log')}
2025-09-06 14:55:53,483 - DEBUG - 1 change detected: {(<Change.modified: 2>, 'E:\\Next JS\\researchbot\\backend\\logs\\research_assistant_20250906_142429.log')}
2025-09-06 14:55:53,894 - DEBUG - 1 change detected: {(<Change.modified: 2>, 'E:\\Next JS\\researchbot\\backend\\logs\\research_assistant_20250906_142429.log')}
2025-09-06 14:55:54,267 - DEBUG - 1 change detected: {(<Change.modified: 2>, 'E:\\Next JS\\researchbot\\backend\\logs\\research_assistant_20250906_142429.log')}
2025-09-06 14:55:54,733 - DEBUG - 1 change detected: {(<Change.modified: 2>, 'E:\\Next JS\\researchbot\\backend\\logs\\research_assistant_20250906_142429.log')}
2025-09-06 14:55:55,148 - DEBUG - 1 change detected: {(<Change.modified: 2>, 'E:\\Next JS\\researchbot\\backend\\logs\\research_assistant_20250906_142429.log')}
2025-09-06 14:55:55,569 - DEBUG - 1 change detected: {(<Change.modified: 2>, 'E:\\Next JS\\researchbot\\backend\\logs\\research_assistant_20250906_142429.log')}
2025-09-06 14:55:55,987 - DEBUG - 1 change detected: {(<Change.modified: 2>, 'E:\\Next JS\\researchbot\\backend\\logs\\research_assistant_20250906_142429.log')}
2025-09-06 14:55:56,408 - DEBUG - 1 change detected: {(<Change.modified: 2>, 'E:\\Next JS\\researchbot\\backend\\logs\\research_assistant_20250906_142429.log')}
2025-09-06 14:55:56,800 - DEBUG - 1 change detected: {(<Change.modified: 2>, 'E:\\Next JS\\researchbot\\backend\\logs\\research_assistant_20250906_142429.log')}
2025-09-06 14:55:57,219 - DEBUG - 1 change detected: {(<Change.modified: 2>, 'E:\\Next JS\\researchbot\\backend\\logs\\research_assistant_20250906_142429.log')}
2025-09-06 14:55:57,690 - DEBUG - 1 change detected: {(<Change.modified: 2>, 'E:\\Next JS\\researchbot\\backend\\logs\\research_assistant_20250906_142429.log')}
2025-09-06 14:55:58,050 - DEBUG - 1 change detected: {(<Change.modified: 2>, 'E:\\Next JS\\researchbot\\backend\\logs\\research_assistant_20250906_142429.log')}
2025-09-06 14:55:58,503 - DEBUG - 1 change detected: {(<Change.modified: 2>, 'E:\\Next JS\\researchbot\\backend\\logs\\research_assistant_20250906_142429.log')}
2025-09-06 14:55:58,901 - DEBUG - 1 change detected: {(<Change.modified: 2>, 'E:\\Next JS\\researchbot\\backend\\logs\\research_assistant_20250906_142429.log')}
2025-09-06 14:55:59,272 - DEBUG - 1 change detected: {(<Change.modified: 2>, 'E:\\Next JS\\researchbot\\backend\\logs\\research_assistant_20250906_142429.log')}
2025-09-06 14:55:59,683 - DEBUG - 1 change detected: {(<Change.modified: 2>, 'E:\\Next JS\\researchbot\\backend\\logs\\research_assistant_20250906_142429.log')}
2025-09-06 14:56:00,112 - DEBUG - 1 change detected: {(<Change.modified: 2>, 'E:\\Next JS\\researchbot\\backend\\logs\\research_assistant_20250906_142429.log')}
2025-09-06 14:56:00,537 - DEBUG - 1 change detected: {(<Change.modified: 2>, 'E:\\Next JS\\researchbot\\backend\\logs\\research_assistant_20250906_142429.log')}
2025-09-06 14:56:00,958 - DEBUG - 1 change detected: {(<Change.modified: 2>, 'E:\\Next JS\\researchbot\\backend\\logs\\research_assistant_20250906_142429.log')}
2025-09-06 14:56:01,373 - DEBUG - 1 change detected: {(<Change.modified: 2>, 'E:\\Next JS\\researchbot\\backend\\logs\\research_assistant_20250906_142429.log')}
2025-09-06 14:56:01,782 - DEBUG - 1 change detected: {(<Change.modified: 2>, 'E:\\Next JS\\researchbot\\backend\\logs\\research_assistant_20250906_142429.log')}
2025-09-06 14:56:02,200 - DEBUG - 1 change detected: {(<Change.modified: 2>, 'E:\\Next JS\\researchbot\\backend\\logs\\research_assistant_20250906_142429.log')}
2025-09-06 14:56:02,646 - DEBUG - 1 change detected: {(<Change.modified: 2>, 'E:\\Next JS\\researchbot\\backend\\logs\\research_assistant_20250906_142429.log')}
2025-09-06 14:56:03,140 - DEBUG - 1 change detected: {(<Change.modified: 2>, 'E:\\Next JS\\researchbot\\backend\\logs\\research_assistant_20250906_142429.log')}
2025-09-06 14:56:03,500 - DEBUG - 1 change detected: {(<Change.modified: 2>, 'E:\\Next JS\\researchbot\\backend\\logs\\research_assistant_20250906_142429.log')}
2025-09-06 14:56:03,906 - DEBUG - 1 change detected: {(<Change.modified: 2>, 'E:\\Next JS\\researchbot\\backend\\logs\\research_assistant_20250906_142429.log')}
2025-09-06 14:56:04,361 - DEBUG - 1 change detected: {(<Change.modified: 2>, 'E:\\Next JS\\researchbot\\backend\\logs\\research_assistant_20250906_142429.log')}
2025-09-06 14:56:04,925 - DEBUG - 1 change detected: {(<Change.modified: 2>, 'E:\\Next JS\\researchbot\\backend\\logs\\research_assistant_20250906_142429.log')}
2025-09-06 14:56:05,410 - DEBUG - 1 change detected: {(<Change.modified: 2>, 'E:\\Next JS\\researchbot\\backend\\logs\\research_assistant_20250906_142429.log')}
2025-09-06 14:56:05,818 - DEBUG - 1 change detected: {(<Change.modified: 2>, 'E:\\Next JS\\researchbot\\backend\\logs\\research_assistant_20250906_142429.log')}
2025-09-06 14:56:06,240 - DEBUG - 1 change detected: {(<Change.modified: 2>, 'E:\\Next JS\\researchbot\\backend\\logs\\research_assistant_20250906_142429.log')}
2025-09-06 14:56:06,600 - DEBUG - 1 change detected: {(<Change.modified: 2>, 'E:\\Next JS\\researchbot\\backend\\logs\\research_assistant_20250906_142429.log')}
2025-09-06 14:56:07,173 - DEBUG - 1 change detected: {(<Change.modified: 2>, 'E:\\Next JS\\researchbot\\backend\\logs\\research_assistant_20250906_142429.log')}
2025-09-06 14:56:07,665 - DEBUG - 1 change detected: {(<Change.modified: 2>, 'E:\\Next JS\\researchbot\\backend\\logs\\research_assistant_20250906_142429.log')}
2025-09-06 14:56:08,198 - DEBUG - 1 change detected: {(<Change.modified: 2>, 'E:\\Next JS\\researchbot\\backend\\logs\\research_assistant_20250906_142429.log')}
2025-09-06 14:56:08,615 - DEBUG - 1 change detected: {(<Change.modified: 2>, 'E:\\Next JS\\researchbot\\backend\\logs\\research_assistant_20250906_142429.log')}
2025-09-06 14:56:09,047 - DEBUG - 1 change detected: {(<Change.modified: 2>, 'E:\\Next JS\\researchbot\\backend\\logs\\research_assistant_20250906_142429.log')}
2025-09-06 14:56:09,420 - DEBUG - 1 change detected: {(<Change.modified: 2>, 'E:\\Next JS\\researchbot\\backend\\logs\\research_assistant_20250906_142429.log')}
2025-09-06 14:56:09,945 - DEBUG - 1 change detected: {(<Change.modified: 2>, 'E:\\Next JS\\researchbot\\backend\\logs\\research_assistant_20250906_142429.log')}
2025-09-06 14:56:10,372 - DEBUG - 1 change detected: {(<Change.modified: 2>, 'E:\\Next JS\\researchbot\\backend\\logs\\research_assistant_20250906_142429.log')}
2025-09-06 14:56:10,785 - DEBUG - 1 change detected: {(<Change.modified: 2>, 'E:\\Next JS\\researchbot\\backend\\logs\\research_assistant_20250906_142429.log')}
2025-09-06 14:56:11,144 - DEBUG - 1 change detected: {(<Change.modified: 2>, 'E:\\Next JS\\researchbot\\backend\\logs\\research_assistant_20250906_142429.log')}
2025-09-06 14:56:11,646 - DEBUG - 1 change detected: {(<Change.modified: 2>, 'E:\\Next JS\\researchbot\\backend\\logs\\research_assistant_20250906_142429.log')}
2025-09-06 14:56:12,201 - DEBUG - 1 change detected: {(<Change.modified: 2>, 'E:\\Next JS\\researchbot\\backend\\logs\\research_assistant_20250906_142429.log')}
2025-09-06 14:56:12,664 - DEBUG - 1 change detected: {(<Change.modified: 2>, 'E:\\Next JS\\researchbot\\backend\\logs\\research_assistant_20250906_142429.log')}
2025-09-06 14:56:13,288 - DEBUG - 1 change detected: {(<Change.modified: 2>, 'E:\\Next JS\\researchbot\\backend\\logs\\research_assistant_20250906_142429.log')}
2025-09-06 14:56:13,701 - DEBUG - 1 change detected: {(<Change.modified: 2>, 'E:\\Next JS\\researchbot\\backend\\logs\\research_assistant_20250906_142429.log')}
2025-09-06 14:56:14,063 - DEBUG - 1 change detected: {(<Change.modified: 2>, 'E:\\Next JS\\researchbot\\backend\\logs\\research_assistant_20250906_142429.log')}
2025-09-06 14:56:14,530 - DEBUG - 1 change detected: {(<Change.modified: 2>, 'E:\\Next JS\\researchbot\\backend\\logs\\research_assistant_20250906_142429.log')}
2025-09-06 14:56:14,994 - DEBUG - 1 change detected: {(<Change.modified: 2>, 'E:\\Next JS\\researchbot\\backend\\logs\\research_assistant_20250906_142429.log')}
2025-09-06 14:56:15,416 - DEBUG - 1 change detected: {(<Change.modified: 2>, 'E:\\Next JS\\researchbot\\backend\\logs\\research_assistant_20250906_142429.log')}
2025-09-06 14:56:15,826 - DEBUG - 1 change detected: {(<Change.modified: 2>, 'E:\\Next JS\\researchbot\\backend\\logs\\research_assistant_20250906_142429.log')}
2025-09-06 14:56:16,333 - DEBUG - 1 change detected: {(<Change.modified: 2>, 'E:\\Next JS\\researchbot\\backend\\logs\\research_assistant_20250906_142429.log')}
2025-09-06 14:56:16,756 - DEBUG - 1 change detected: {(<Change.modified: 2>, 'E:\\Next JS\\researchbot\\backend\\logs\\research_assistant_20250906_142429.log')}
2025-09-06 14:56:17,226 - DEBUG - 1 change detected: {(<Change.modified: 2>, 'E:\\Next JS\\researchbot\\backend\\logs\\research_assistant_20250906_142429.log')}
2025-09-06 14:56:17,643 - DEBUG - 1 change detected: {(<Change.modified: 2>, 'E:\\Next JS\\researchbot\\backend\\logs\\research_assistant_20250906_142429.log')}
2025-09-06 14:56:18,097 - DEBUG - 1 change detected: {(<Change.modified: 2>, 'E:\\Next JS\\researchbot\\backend\\logs\\research_assistant_20250906_142429.log')}
2025-09-06 14:56:18,572 - DEBUG - 1 change detected: {(<Change.modified: 2>, 'E:\\Next JS\\researchbot\\backend\\logs\\research_assistant_20250906_142429.log')}
2025-09-06 14:56:18,993 - DEBUG - 1 change detected: {(<Change.modified: 2>, 'E:\\Next JS\\researchbot\\backend\\logs\\research_assistant_20250906_142429.log')}
2025-09-06 14:56:19,446 - DEBUG - 1 change detected: {(<Change.modified: 2>, 'E:\\Next JS\\researchbot\\backend\\logs\\research_assistant_20250906_142429.log')}
2025-09-06 14:56:19,909 - DEBUG - 1 change detected: {(<Change.modified: 2>, 'E:\\Next JS\\researchbot\\backend\\logs\\research_assistant_20250906_142429.log')}
2025-09-06 14:56:20,345 - DEBUG - 1 change detected: {(<Change.modified: 2>, 'E:\\Next JS\\researchbot\\backend\\logs\\research_assistant_20250906_142429.log')}
2025-09-06 14:56:20,818 - DEBUG - 1 change detected: {(<Change.modified: 2>, 'E:\\Next JS\\researchbot\\backend\\logs\\research_assistant_20250906_142429.log')}
2025-09-06 14:56:21,364 - DEBUG - 1 change detected: {(<Change.modified: 2>, 'E:\\Next JS\\researchbot\\backend\\logs\\research_assistant_20250906_142429.log')}
2025-09-06 14:56:21,773 - DEBUG - 1 change detected: {(<Change.modified: 2>, 'E:\\Next JS\\researchbot\\backend\\logs\\research_assistant_20250906_142429.log')}
2025-09-06 14:56:22,139 - DEBUG - 1 change detected: {(<Change.modified: 2>, 'E:\\Next JS\\researchbot\\backend\\logs\\research_assistant_20250906_142429.log')}
2025-09-06 14:56:22,551 - DEBUG - 1 change detected: {(<Change.modified: 2>, 'E:\\Next JS\\researchbot\\backend\\logs\\research_assistant_20250906_142429.log')}
2025-09-06 14:56:22,972 - DEBUG - 1 change detected: {(<Change.modified: 2>, 'E:\\Next JS\\researchbot\\backend\\logs\\research_assistant_20250906_142429.log')}
2025-09-06 14:56:23,336 - DEBUG - 1 change detected: {(<Change.modified: 2>, 'E:\\Next JS\\researchbot\\backend\\logs\\research_assistant_20250906_142429.log')}
2025-09-06 14:56:23,752 - DEBUG - 1 change detected: {(<Change.modified: 2>, 'E:\\Next JS\\researchbot\\backend\\logs\\research_assistant_20250906_142429.log')}
2025-09-06 14:56:24,269 - DEBUG - 1 change detected: {(<Change.modified: 2>, 'E:\\Next JS\\researchbot\\backend\\logs\\research_assistant_20250906_142429.log')}
2025-09-06 14:56:24,743 - DEBUG - 1 change detected: {(<Change.modified: 2>, 'E:\\Next JS\\researchbot\\backend\\logs\\research_assistant_20250906_142429.log')}
2025-09-06 14:56:25,201 - DEBUG - 1 change detected: {(<Change.modified: 2>, 'E:\\Next JS\\researchbot\\backend\\logs\\research_assistant_20250906_142429.log')}
2025-09-06 14:56:25,568 - DEBUG - 1 change detected: {(<Change.modified: 2>, 'E:\\Next JS\\researchbot\\backend\\logs\\research_assistant_20250906_142429.log')}
2025-09-06 14:56:25,993 - DEBUG - 1 change detected: {(<Change.modified: 2>, 'E:\\Next JS\\researchbot\\backend\\logs\\research_assistant_20250906_142429.log')}
2025-09-06 14:56:26,412 - DEBUG - 1 change detected: {(<Change.modified: 2>, 'E:\\Next JS\\researchbot\\backend\\logs\\research_assistant_20250906_142429.log')}
2025-09-06 14:56:26,860 - DEBUG - 1 change detected: {(<Change.modified: 2>, 'E:\\Next JS\\researchbot\\backend\\logs\\research_assistant_20250906_142429.log')}
2025-09-06 14:56:27,279 - DEBUG - 1 change detected: {(<Change.modified: 2>, 'E:\\Next JS\\researchbot\\backend\\logs\\research_assistant_20250906_142429.log')}
2025-09-06 14:56:27,696 - DEBUG - 1 change detected: {(<Change.modified: 2>, 'E:\\Next JS\\researchbot\\backend\\logs\\research_assistant_20250906_142429.log')}
2025-09-06 14:56:28,106 - DEBUG - 1 change detected: {(<Change.modified: 2>, 'E:\\Next JS\\researchbot\\backend\\logs\\research_assistant_20250906_142429.log')}
2025-09-06 14:56:28,578 - DEBUG - 1 change detected: {(<Change.modified: 2>, 'E:\\Next JS\\researchbot\\backend\\logs\\research_assistant_20250906_142429.log')}
2025-09-06 14:56:29,040 - DEBUG - 1 change detected: {(<Change.modified: 2>, 'E:\\Next JS\\researchbot\\backend\\logs\\research_assistant_20250906_142429.log')}
2025-09-06 14:56:29,453 - DEBUG - 1 change detected: {(<Change.modified: 2>, 'E:\\Next JS\\researchbot\\backend\\logs\\research_assistant_20250906_142429.log')}
2025-09-06 14:56:29,878 - DEBUG - 1 change detected: {(<Change.modified: 2>, 'E:\\Next JS\\researchbot\\backend\\logs\\research_assistant_20250906_142429.log')}
2025-09-06 14:56:30,303 - DEBUG - 1 change detected: {(<Change.modified: 2>, 'E:\\Next JS\\researchbot\\backend\\logs\\research_assistant_20250906_142429.log')}
2025-09-06 14:56:30,674 - DEBUG - 1 change detected: {(<Change.modified: 2>, 'E:\\Next JS\\researchbot\\backend\\logs\\research_assistant_20250906_142429.log')}
2025-09-06 14:56:31,124 - DEBUG - 1 change detected: {(<Change.modified: 2>, 'E:\\Next JS\\researchbot\\backend\\logs\\research_assistant_20250906_142429.log')}
2025-09-06 14:56:31,486 - DEBUG - 1 change detected: {(<Change.modified: 2>, 'E:\\Next JS\\researchbot\\backend\\logs\\research_assistant_20250906_142429.log')}
2025-09-06 14:56:31,868 - DEBUG - 1 change detected: {(<Change.modified: 2>, 'E:\\Next JS\\researchbot\\backend\\logs\\research_assistant_20250906_142429.log')}
2025-09-06 14:56:32,277 - DEBUG - 1 change detected: {(<Change.modified: 2>, 'E:\\Next JS\\researchbot\\backend\\logs\\research_assistant_20250906_142429.log')}
2025-09-06 14:56:32,695 - DEBUG - 1 change detected: {(<Change.modified: 2>, 'E:\\Next JS\\researchbot\\backend\\logs\\research_assistant_20250906_142429.log')}
2025-09-06 14:56:33,124 - DEBUG - 1 change detected: {(<Change.modified: 2>, 'E:\\Next JS\\researchbot\\backend\\logs\\research_assistant_20250906_142429.log')}
2025-09-06 14:56:33,600 - DEBUG - 1 change detected: {(<Change.modified: 2>, 'E:\\Next JS\\researchbot\\backend\\logs\\research_assistant_20250906_142429.log')}
2025-09-06 14:56:34,032 - DEBUG - 1 change detected: {(<Change.modified: 2>, 'E:\\Next JS\\researchbot\\backend\\logs\\research_assistant_20250906_142429.log')}
2025-09-06 14:56:34,458 - DEBUG - 1 change detected: {(<Change.modified: 2>, 'E:\\Next JS\\researchbot\\backend\\logs\\research_assistant_20250906_142429.log')}
2025-09-06 14:56:34,873 - DEBUG - 1 change detected: {(<Change.modified: 2>, 'E:\\Next JS\\researchbot\\backend\\logs\\research_assistant_20250906_142429.log')}
2025-09-06 14:56:35,303 - DEBUG - 1 change detected: {(<Change.modified: 2>, 'E:\\Next JS\\researchbot\\backend\\logs\\research_assistant_20250906_142429.log')}
2025-09-06 14:56:35,674 - DEBUG - 1 change detected: {(<Change.modified: 2>, 'E:\\Next JS\\researchbot\\backend\\logs\\research_assistant_20250906_142429.log')}
2025-09-06 14:56:36,089 - DEBUG - 1 change detected: {(<Change.modified: 2>, 'E:\\Next JS\\researchbot\\backend\\logs\\research_assistant_20250906_142429.log')}
2025-09-06 14:56:36,502 - DEBUG - 1 change detected: {(<Change.modified: 2>, 'E:\\Next JS\\researchbot\\backend\\logs\\research_assistant_20250906_142429.log')}
2025-09-06 14:56:36,981 - DEBUG - 1 change detected: {(<Change.modified: 2>, 'E:\\Next JS\\researchbot\\backend\\logs\\research_assistant_20250906_142429.log')}
2025-09-06 14:56:37,367 - DEBUG - 1 change detected: {(<Change.modified: 2>, 'E:\\Next JS\\researchbot\\backend\\logs\\research_assistant_20250906_142429.log')}
2025-09-06 14:56:37,776 - DEBUG - 1 change detected: {(<Change.modified: 2>, 'E:\\Next JS\\researchbot\\backend\\logs\\research_assistant_20250906_142429.log')}
2025-09-06 14:56:38,195 - DEBUG - 1 change detected: {(<Change.modified: 2>, 'E:\\Next JS\\researchbot\\backend\\logs\\research_assistant_20250906_142429.log')}
2025-09-06 14:56:38,561 - DEBUG - 1 change detected: {(<Change.modified: 2>, 'E:\\Next JS\\researchbot\\backend\\logs\\research_assistant_20250906_142429.log')}
2025-09-06 14:56:38,992 - DEBUG - 1 change detected: {(<Change.modified: 2>, 'E:\\Next JS\\researchbot\\backend\\logs\\research_assistant_20250906_142429.log')}
2025-09-06 14:56:39,403 - DEBUG - 1 change detected: {(<Change.modified: 2>, 'E:\\Next JS\\researchbot\\backend\\logs\\research_assistant_20250906_142429.log')}
2025-09-06 14:56:39,814 - DEBUG - 1 change detected: {(<Change.modified: 2>, 'E:\\Next JS\\researchbot\\backend\\logs\\research_assistant_20250906_142429.log')}
2025-09-06 14:56:40,180 - DEBUG - 1 change detected: {(<Change.modified: 2>, 'E:\\Next JS\\researchbot\\backend\\logs\\research_assistant_20250906_142429.log')}
2025-09-06 14:56:40,606 - DEBUG - 1 change detected: {(<Change.modified: 2>, 'E:\\Next JS\\researchbot\\backend\\logs\\research_assistant_20250906_142429.log')}
2025-09-06 14:56:41,064 - DEBUG - 1 change detected: {(<Change.modified: 2>, 'E:\\Next JS\\researchbot\\backend\\logs\\research_assistant_20250906_142429.log')}
2025-09-06 14:56:41,479 - DEBUG - 1 change detected: {(<Change.modified: 2>, 'E:\\Next JS\\researchbot\\backend\\logs\\research_assistant_20250906_142429.log')}
2025-09-06 14:56:41,846 - DEBUG - 1 change detected: {(<Change.modified: 2>, 'E:\\Next JS\\researchbot\\backend\\logs\\research_assistant_20250906_142429.log')}
2025-09-06 14:56:42,278 - DEBUG - 1 change detected: {(<Change.modified: 2>, 'E:\\Next JS\\researchbot\\backend\\logs\\research_assistant_20250906_142429.log')}
2025-09-06 14:56:42,684 - DEBUG - 1 change detected: {(<Change.modified: 2>, 'E:\\Next JS\\researchbot\\backend\\logs\\research_assistant_20250906_142429.log')}
2025-09-06 14:56:43,103 - DEBUG - 1 change detected: {(<Change.modified: 2>, 'E:\\Next JS\\researchbot\\backend\\logs\\research_assistant_20250906_142429.log')}
2025-09-06 14:56:43,471 - DEBUG - 1 change detected: {(<Change.modified: 2>, 'E:\\Next JS\\researchbot\\backend\\logs\\research_assistant_20250906_142429.log')}
2025-09-06 14:56:43,891 - DEBUG - 1 change detected: {(<Change.modified: 2>, 'E:\\Next JS\\researchbot\\backend\\logs\\research_assistant_20250906_142429.log')}
2025-09-06 14:56:44,302 - DEBUG - 1 change detected: {(<Change.modified: 2>, 'E:\\Next JS\\researchbot\\backend\\logs\\research_assistant_20250906_142429.log')}
2025-09-06 14:56:44,785 - DEBUG - 1 change detected: {(<Change.modified: 2>, 'E:\\Next JS\\researchbot\\backend\\logs\\research_assistant_20250906_142429.log')}
2025-09-06 14:56:45,161 - DEBUG - 1 change detected: {(<Change.modified: 2>, 'E:\\Next JS\\researchbot\\backend\\logs\\research_assistant_20250906_142429.log')}
2025-09-06 14:56:45,581 - DEBUG - 1 change detected: {(<Change.modified: 2>, 'E:\\Next JS\\researchbot\\backend\\logs\\research_assistant_20250906_142429.log')}
2025-09-06 14:56:46,001 - DEBUG - 1 change detected: {(<Change.modified: 2>, 'E:\\Next JS\\researchbot\\backend\\logs\\research_assistant_20250906_142429.log')}
2025-09-06 14:56:46,517 - DEBUG - 1 change detected: {(<Change.modified: 2>, 'E:\\Next JS\\researchbot\\backend\\logs\\research_assistant_20250906_142429.log')}
2025-09-06 14:56:46,875 - DEBUG - 1 change detected: {(<Change.modified: 2>, 'E:\\Next JS\\researchbot\\backend\\logs\\research_assistant_20250906_142429.log')}
2025-09-06 14:56:47,299 - DEBUG - 1 change detected: {(<Change.modified: 2>, 'E:\\Next JS\\researchbot\\backend\\logs\\research_assistant_20250906_142429.log')}
2025-09-06 14:56:47,889 - DEBUG - 1 change detected: {(<Change.modified: 2>, 'E:\\Next JS\\researchbot\\backend\\logs\\research_assistant_20250906_142429.log')}
2025-09-06 14:56:48,548 - DEBUG - 1 change detected: {(<Change.modified: 2>, 'E:\\Next JS\\researchbot\\backend\\logs\\research_assistant_20250906_142429.log')}
2025-09-06 14:56:49,069 - DEBUG - 1 change detected: {(<Change.modified: 2>, 'E:\\Next JS\\researchbot\\backend\\logs\\research_assistant_20250906_142429.log')}
2025-09-06 14:56:49,481 - DEBUG - 1 change detected: {(<Change.modified: 2>, 'E:\\Next JS\\researchbot\\backend\\logs\\research_assistant_20250906_142429.log')}
2025-09-06 14:56:49,898 - DEBUG - 1 change detected: {(<Change.modified: 2>, 'E:\\Next JS\\researchbot\\backend\\logs\\research_assistant_20250906_142429.log')}
2025-09-06 14:56:50,327 - DEBUG - 1 change detected: {(<Change.modified: 2>, 'E:\\Next JS\\researchbot\\backend\\logs\\research_assistant_20250906_142429.log')}
2025-09-06 14:56:50,799 - DEBUG - 1 change detected: {(<Change.modified: 2>, 'E:\\Next JS\\researchbot\\backend\\logs\\research_assistant_20250906_142429.log')}
2025-09-06 14:56:51,201 - DEBUG - 1 change detected: {(<Change.modified: 2>, 'E:\\Next JS\\researchbot\\backend\\logs\\research_assistant_20250906_142429.log')}
2025-09-06 14:56:51,622 - DEBUG - 1 change detected: {(<Change.modified: 2>, 'E:\\Next JS\\researchbot\\backend\\logs\\research_assistant_20250906_142429.log')}
2025-09-06 14:56:51,985 - DEBUG - 1 change detected: {(<Change.modified: 2>, 'E:\\Next JS\\researchbot\\backend\\logs\\research_assistant_20250906_142429.log')}
2025-09-06 14:56:52,424 - DEBUG - 1 change detected: {(<Change.modified: 2>, 'E:\\Next JS\\researchbot\\backend\\logs\\research_assistant_20250906_142429.log')}
2025-09-06 14:56:52,849 - DEBUG - 1 change detected: {(<Change.modified: 2>, 'E:\\Next JS\\researchbot\\backend\\logs\\research_assistant_20250906_142429.log')}
2025-09-06 14:56:53,280 - DEBUG - 1 change detected: {(<Change.modified: 2>, 'E:\\Next JS\\researchbot\\backend\\logs\\research_assistant_20250906_142429.log')}
2025-09-06 14:56:53,709 - DEBUG - 1 change detected: {(<Change.modified: 2>, 'E:\\Next JS\\researchbot\\backend\\logs\\research_assistant_20250906_142429.log')}
2025-09-06 14:56:54,116 - DEBUG - 1 change detected: {(<Change.modified: 2>, 'E:\\Next JS\\researchbot\\backend\\logs\\research_assistant_20250906_142429.log')}
2025-09-06 14:56:54,483 - DEBUG - 1 change detected: {(<Change.modified: 2>, 'E:\\Next JS\\researchbot\\backend\\logs\\research_assistant_20250906_142429.log')}
2025-09-06 14:56:54,953 - DEBUG - 1 change detected: {(<Change.modified: 2>, 'E:\\Next JS\\researchbot\\backend\\logs\\research_assistant_20250906_142429.log')}
2025-09-06 14:56:55,427 - DEBUG - 1 change detected: {(<Change.modified: 2>, 'E:\\Next JS\\researchbot\\backend\\logs\\research_assistant_20250906_142429.log')}
2025-09-06 14:56:55,859 - DEBUG - 1 change detected: {(<Change.modified: 2>, 'E:\\Next JS\\researchbot\\backend\\logs\\research_assistant_20250906_142429.log')}
2025-09-06 14:56:56,287 - DEBUG - 1 change detected: {(<Change.modified: 2>, 'E:\\Next JS\\researchbot\\backend\\logs\\research_assistant_20250906_142429.log')}
2025-09-06 14:56:56,701 - DEBUG - 1 change detected: {(<Change.modified: 2>, 'E:\\Next JS\\researchbot\\backend\\logs\\research_assistant_20250906_142429.log')}
2025-09-06 14:56:57,158 - DEBUG - 1 change detected: {(<Change.modified: 2>, 'E:\\Next JS\\researchbot\\backend\\logs\\research_assistant_20250906_142429.log')}
2025-09-06 14:56:57,788 - DEBUG - 1 change detected: {(<Change.modified: 2>, 'E:\\Next JS\\researchbot\\backend\\logs\\research_assistant_20250906_142429.log')}
2025-09-06 14:56:58,257 - DEBUG - 1 change detected: {(<Change.modified: 2>, 'E:\\Next JS\\researchbot\\backend\\logs\\research_assistant_20250906_142429.log')}
2025-09-06 14:56:58,690 - DEBUG - 1 change detected: {(<Change.modified: 2>, 'E:\\Next JS\\researchbot\\backend\\logs\\research_assistant_20250906_142429.log')}
2025-09-06 14:56:59,057 - DEBUG - 1 change detected: {(<Change.modified: 2>, 'E:\\Next JS\\researchbot\\backend\\logs\\research_assistant_20250906_142429.log')}
2025-09-06 14:56:59,475 - DEBUG - 1 change detected: {(<Change.modified: 2>, 'E:\\Next JS\\researchbot\\backend\\logs\\research_assistant_20250906_142429.log')}
2025-09-06 14:56:59,910 - DEBUG - 1 change detected: {(<Change.modified: 2>, 'E:\\Next JS\\researchbot\\backend\\logs\\research_assistant_20250906_142429.log')}
2025-09-06 14:57:00,334 - DEBUG - 1 change detected: {(<Change.modified: 2>, 'E:\\Next JS\\researchbot\\backend\\logs\\research_assistant_20250906_142429.log')}
2025-09-06 14:57:00,889 - DEBUG - 1 change detected: {(<Change.modified: 2>, 'E:\\Next JS\\researchbot\\backend\\logs\\research_assistant_20250906_142429.log')}
2025-09-06 14:57:01,314 - DEBUG - 1 change detected: {(<Change.modified: 2>, 'E:\\Next JS\\researchbot\\backend\\logs\\research_assistant_20250906_142429.log')}
2025-09-06 14:57:01,805 - DEBUG - 1 change detected: {(<Change.modified: 2>, 'E:\\Next JS\\researchbot\\backend\\logs\\research_assistant_20250906_142429.log')}
2025-09-06 14:57:02,219 - DEBUG - 1 change detected: {(<Change.modified: 2>, 'E:\\Next JS\\researchbot\\backend\\logs\\research_assistant_20250906_142429.log')}
2025-09-06 14:57:02,672 - DEBUG - 1 change detected: {(<Change.modified: 2>, 'E:\\Next JS\\researchbot\\backend\\logs\\research_assistant_20250906_142429.log')}
2025-09-06 14:57:03,053 - DEBUG - 1 change detected: {(<Change.modified: 2>, 'E:\\Next JS\\researchbot\\backend\\logs\\research_assistant_20250906_142429.log')}
2025-09-06 14:57:03,471 - DEBUG - 1 change detected: {(<Change.modified: 2>, 'E:\\Next JS\\researchbot\\backend\\logs\\research_assistant_20250906_142429.log')}
2025-09-06 14:57:03,880 - DEBUG - 1 change detected: {(<Change.modified: 2>, 'E:\\Next JS\\researchbot\\backend\\logs\\research_assistant_20250906_142429.log')}
2025-09-06 14:57:04,294 - DEBUG - 1 change detected: {(<Change.modified: 2>, 'E:\\Next JS\\researchbot\\backend\\logs\\research_assistant_20250906_142429.log')}
2025-09-06 14:57:04,663 - DEBUG - 1 change detected: {(<Change.modified: 2>, 'E:\\Next JS\\researchbot\\backend\\logs\\research_assistant_20250906_142429.log')}
2025-09-06 14:57:05,097 - DEBUG - 1 change detected: {(<Change.modified: 2>, 'E:\\Next JS\\researchbot\\backend\\logs\\research_assistant_20250906_142429.log')}
2025-09-06 14:57:05,458 - DEBUG - 1 change detected: {(<Change.modified: 2>, 'E:\\Next JS\\researchbot\\backend\\logs\\research_assistant_20250906_142429.log')}
2025-09-06 14:57:05,881 - DEBUG - 1 change detected: {(<Change.modified: 2>, 'E:\\Next JS\\researchbot\\backend\\logs\\research_assistant_20250906_142429.log')}
2025-09-06 14:57:06,305 - DEBUG - 1 change detected: {(<Change.modified: 2>, 'E:\\Next JS\\researchbot\\backend\\logs\\research_assistant_20250906_142429.log')}
2025-09-06 14:57:06,724 - DEBUG - 1 change detected: {(<Change.modified: 2>, 'E:\\Next JS\\researchbot\\backend\\logs\\research_assistant_20250906_142429.log')}
2025-09-06 14:57:07,147 - DEBUG - 1 change detected: {(<Change.modified: 2>, 'E:\\Next JS\\researchbot\\backend\\logs\\research_assistant_20250906_142429.log')}
2025-09-06 14:57:07,570 - DEBUG - 1 change detected: {(<Change.modified: 2>, 'E:\\Next JS\\researchbot\\backend\\logs\\research_assistant_20250906_142429.log')}
2025-09-06 14:57:07,979 - DEBUG - 1 change detected: {(<Change.modified: 2>, 'E:\\Next JS\\researchbot\\backend\\logs\\research_assistant_20250906_142429.log')}
2025-09-06 14:57:08,345 - DEBUG - 1 change detected: {(<Change.modified: 2>, 'E:\\Next JS\\researchbot\\backend\\logs\\research_assistant_20250906_142429.log')}
2025-09-06 14:57:08,769 - DEBUG - 1 change detected: {(<Change.modified: 2>, 'E:\\Next JS\\researchbot\\backend\\logs\\research_assistant_20250906_142429.log')}
2025-09-06 14:57:09,212 - DEBUG - 1 change detected: {(<Change.modified: 2>, 'E:\\Next JS\\researchbot\\backend\\logs\\research_assistant_20250906_142429.log')}
2025-09-06 14:57:09,640 - DEBUG - 1 change detected: {(<Change.modified: 2>, 'E:\\Next JS\\researchbot\\backend\\logs\\research_assistant_20250906_142429.log')}
2025-09-06 14:57:09,993 - DEBUG - 1 change detected: {(<Change.modified: 2>, 'E:\\Next JS\\researchbot\\backend\\logs\\research_assistant_20250906_142429.log')}
2025-09-06 14:57:10,423 - DEBUG - 1 change detected: {(<Change.modified: 2>, 'E:\\Next JS\\researchbot\\backend\\logs\\research_assistant_20250906_142429.log')}
2025-09-06 14:57:10,857 - DEBUG - 1 change detected: {(<Change.modified: 2>, 'E:\\Next JS\\researchbot\\backend\\logs\\research_assistant_20250906_142429.log')}
2025-09-06 14:57:11,229 - DEBUG - 1 change detected: {(<Change.modified: 2>, 'E:\\Next JS\\researchbot\\backend\\logs\\research_assistant_20250906_142429.log')}
2025-09-06 14:57:11,691 - DEBUG - 1 change detected: {(<Change.modified: 2>, 'E:\\Next JS\\researchbot\\backend\\logs\\research_assistant_20250906_142429.log')}
2025-09-06 14:57:12,106 - DEBUG - 1 change detected: {(<Change.modified: 2>, 'E:\\Next JS\\researchbot\\backend\\logs\\research_assistant_20250906_142429.log')}
2025-09-06 14:57:12,472 - DEBUG - 1 change detected: {(<Change.modified: 2>, 'E:\\Next JS\\researchbot\\backend\\logs\\research_assistant_20250906_142429.log')}
2025-09-06 14:57:12,888 - DEBUG - 1 change detected: {(<Change.modified: 2>, 'E:\\Next JS\\researchbot\\backend\\logs\\research_assistant_20250906_142429.log')}
2025-09-06 14:57:13,287 - DEBUG - 1 change detected: {(<Change.modified: 2>, 'E:\\Next JS\\researchbot\\backend\\logs\\research_assistant_20250906_142429.log')}
2025-09-06 14:57:13,714 - DEBUG - 1 change detected: {(<Change.modified: 2>, 'E:\\Next JS\\researchbot\\backend\\logs\\research_assistant_20250906_142429.log')}
2025-09-06 14:57:14,130 - DEBUG - 1 change detected: {(<Change.modified: 2>, 'E:\\Next JS\\researchbot\\backend\\logs\\research_assistant_20250906_142429.log')}
2025-09-06 14:57:14,489 - DEBUG - 1 change detected: {(<Change.modified: 2>, 'E:\\Next JS\\researchbot\\backend\\logs\\research_assistant_20250906_142429.log')}
2025-09-06 14:57:14,931 - DEBUG - 1 change detected: {(<Change.modified: 2>, 'E:\\Next JS\\researchbot\\backend\\logs\\research_assistant_20250906_142429.log')}
2025-09-06 14:57:15,381 - DEBUG - 1 change detected: {(<Change.modified: 2>, 'E:\\Next JS\\researchbot\\backend\\logs\\research_assistant_20250906_142429.log')}
2025-09-06 14:57:15,796 - DEBUG - 1 change detected: {(<Change.modified: 2>, 'E:\\Next JS\\researchbot\\backend\\logs\\research_assistant_20250906_142429.log')}
2025-09-06 14:57:16,232 - DEBUG - 1 change detected: {(<Change.modified: 2>, 'E:\\Next JS\\researchbot\\backend\\logs\\research_assistant_20250906_142429.log')}
2025-09-06 14:57:16,594 - DEBUG - 1 change detected: {(<Change.modified: 2>, 'E:\\Next JS\\researchbot\\backend\\logs\\research_assistant_20250906_142429.log')}
2025-09-06 14:57:17,018 - DEBUG - 1 change detected: {(<Change.modified: 2>, 'E:\\Next JS\\researchbot\\backend\\logs\\research_assistant_20250906_142429.log')}
2025-09-06 14:57:17,483 - DEBUG - 1 change detected: {(<Change.modified: 2>, 'E:\\Next JS\\researchbot\\backend\\logs\\research_assistant_20250906_142429.log')}
2025-09-06 14:57:17,980 - DEBUG - 1 change detected: {(<Change.modified: 2>, 'E:\\Next JS\\researchbot\\backend\\logs\\research_assistant_20250906_142429.log')}
2025-09-06 14:57:18,415 - DEBUG - 1 change detected: {(<Change.modified: 2>, 'E:\\Next JS\\researchbot\\backend\\logs\\research_assistant_20250906_142429.log')}
2025-09-06 14:57:18,782 - DEBUG - 1 change detected: {(<Change.modified: 2>, 'E:\\Next JS\\researchbot\\backend\\logs\\research_assistant_20250906_142429.log')}
2025-09-06 14:57:19,194 - DEBUG - 1 change detected: {(<Change.modified: 2>, 'E:\\Next JS\\researchbot\\backend\\logs\\research_assistant_20250906_142429.log')}
2025-09-06 14:57:19,629 - DEBUG - 1 change detected: {(<Change.modified: 2>, 'E:\\Next JS\\researchbot\\backend\\logs\\research_assistant_20250906_142429.log')}
2025-09-06 14:57:19,996 - DEBUG - 1 change detected: {(<Change.modified: 2>, 'E:\\Next JS\\researchbot\\backend\\logs\\research_assistant_20250906_142429.log')}
2025-09-06 14:57:20,409 - DEBUG - 1 change detected: {(<Change.modified: 2>, 'E:\\Next JS\\researchbot\\backend\\logs\\research_assistant_20250906_142429.log')}
2025-09-06 14:57:20,826 - DEBUG - 1 change detected: {(<Change.modified: 2>, 'E:\\Next JS\\researchbot\\backend\\logs\\research_assistant_20250906_142429.log')}
2025-09-06 14:57:21,201 - DEBUG - 1 change detected: {(<Change.modified: 2>, 'E:\\Next JS\\researchbot\\backend\\logs\\research_assistant_20250906_142429.log')}
2025-09-06 14:57:21,669 - DEBUG - 1 change detected: {(<Change.modified: 2>, 'E:\\Next JS\\researchbot\\backend\\logs\\research_assistant_20250906_142429.log')}
2025-09-06 14:57:22,024 - DEBUG - 1 change detected: {(<Change.modified: 2>, 'E:\\Next JS\\researchbot\\backend\\logs\\research_assistant_20250906_142429.log')}
2025-09-06 14:57:22,480 - DEBUG - 1 change detected: {(<Change.modified: 2>, 'E:\\Next JS\\researchbot\\backend\\logs\\research_assistant_20250906_142429.log')}
2025-09-06 14:57:22,845 - DEBUG - 1 change detected: {(<Change.modified: 2>, 'E:\\Next JS\\researchbot\\backend\\logs\\research_assistant_20250906_142429.log')}
2025-09-06 14:57:23,261 - DEBUG - 1 change detected: {(<Change.modified: 2>, 'E:\\Next JS\\researchbot\\backend\\logs\\research_assistant_20250906_142429.log')}
2025-09-06 14:57:23,673 - DEBUG - 1 change detected: {(<Change.modified: 2>, 'E:\\Next JS\\researchbot\\backend\\logs\\research_assistant_20250906_142429.log')}
2025-09-06 14:57:24,056 - DEBUG - 1 change detected: {(<Change.modified: 2>, 'E:\\Next JS\\researchbot\\backend\\logs\\research_assistant_20250906_142429.log')}
2025-09-06 14:57:24,458 - DEBUG - 1 change detected: {(<Change.modified: 2>, 'E:\\Next JS\\researchbot\\backend\\logs\\research_assistant_20250906_142429.log')}
2025-09-06 14:57:24,882 - DEBUG - 1 change detected: {(<Change.modified: 2>, 'E:\\Next JS\\researchbot\\backend\\logs\\research_assistant_20250906_142429.log')}
2025-09-06 14:57:25,297 - DEBUG - 1 change detected: {(<Change.modified: 2>, 'E:\\Next JS\\researchbot\\backend\\logs\\research_assistant_20250906_142429.log')}
2025-09-06 14:57:25,706 - DEBUG - 1 change detected: {(<Change.modified: 2>, 'E:\\Next JS\\researchbot\\backend\\logs\\research_assistant_20250906_142429.log')}
2025-09-06 14:57:26,074 - DEBUG - 1 change detected: {(<Change.modified: 2>, 'E:\\Next JS\\researchbot\\backend\\logs\\research_assistant_20250906_142429.log')}
2025-09-06 14:57:26,670 - DEBUG - 1 change detected: {(<Change.modified: 2>, 'E:\\Next JS\\researchbot\\backend\\logs\\research_assistant_20250906_142429.log')}
2025-09-06 14:57:27,139 - DEBUG - 1 change detected: {(<Change.modified: 2>, 'E:\\Next JS\\researchbot\\backend\\logs\\research_assistant_20250906_142429.log')}
2025-09-06 14:57:27,568 - DEBUG - 1 change detected: {(<Change.modified: 2>, 'E:\\Next JS\\researchbot\\backend\\logs\\research_assistant_20250906_142429.log')}
2025-09-06 14:57:27,996 - DEBUG - 1 change detected: {(<Change.modified: 2>, 'E:\\Next JS\\researchbot\\backend\\logs\\research_assistant_20250906_142429.log')}
2025-09-06 14:57:28,398 - DEBUG - 1 change detected: {(<Change.modified: 2>, 'E:\\Next JS\\researchbot\\backend\\logs\\research_assistant_20250906_142429.log')}
2025-09-06 14:57:28,769 - DEBUG - 1 change detected: {(<Change.modified: 2>, 'E:\\Next JS\\researchbot\\backend\\logs\\research_assistant_20250906_142429.log')}
2025-09-06 14:57:29,151 - DEBUG - 1 change detected: {(<Change.modified: 2>, 'E:\\Next JS\\researchbot\\backend\\logs\\research_assistant_20250906_142429.log')}
2025-09-06 14:57:29,603 - DEBUG - 1 change detected: {(<Change.modified: 2>, 'E:\\Next JS\\researchbot\\backend\\logs\\research_assistant_20250906_142429.log')}
2025-09-06 14:57:30,013 - DEBUG - 1 change detected: {(<Change.modified: 2>, 'E:\\Next JS\\researchbot\\backend\\logs\\research_assistant_20250906_142429.log')}
2025-09-06 14:57:30,474 - DEBUG - 1 change detected: {(<Change.modified: 2>, 'E:\\Next JS\\researchbot\\backend\\logs\\research_assistant_20250906_142429.log')}
2025-09-06 14:57:30,884 - DEBUG - 1 change detected: {(<Change.modified: 2>, 'E:\\Next JS\\researchbot\\backend\\logs\\research_assistant_20250906_142429.log')}
2025-09-06 14:57:31,297 - DEBUG - 1 change detected: {(<Change.modified: 2>, 'E:\\Next JS\\researchbot\\backend\\logs\\research_assistant_20250906_142429.log')}
2025-09-06 14:57:31,717 - DEBUG - 1 change detected: {(<Change.modified: 2>, 'E:\\Next JS\\researchbot\\backend\\logs\\research_assistant_20250906_142429.log')}
2025-09-06 14:57:32,085 - DEBUG - 1 change detected: {(<Change.modified: 2>, 'E:\\Next JS\\researchbot\\backend\\logs\\research_assistant_20250906_142429.log')}
2025-09-06 14:57:32,512 - DEBUG - 1 change detected: {(<Change.modified: 2>, 'E:\\Next JS\\researchbot\\backend\\logs\\research_assistant_20250906_142429.log')}
2025-09-06 14:57:32,937 - DEBUG - 1 change detected: {(<Change.modified: 2>, 'E:\\Next JS\\researchbot\\backend\\logs\\research_assistant_20250906_142429.log')}
2025-09-06 14:57:33,349 - DEBUG - 1 change detected: {(<Change.modified: 2>, 'E:\\Next JS\\researchbot\\backend\\logs\\research_assistant_20250906_142429.log')}
2025-09-06 14:57:33,725 - DEBUG - 1 change detected: {(<Change.modified: 2>, 'E:\\Next JS\\researchbot\\backend\\logs\\research_assistant_20250906_142429.log')}
2025-09-06 14:57:34,086 - DEBUG - 1 change detected: {(<Change.modified: 2>, 'E:\\Next JS\\researchbot\\backend\\logs\\research_assistant_20250906_142429.log')}
2025-09-06 14:57:34,555 - DEBUG - 1 change detected: {(<Change.modified: 2>, 'E:\\Next JS\\researchbot\\backend\\logs\\research_assistant_20250906_142429.log')}
2025-09-06 14:57:34,926 - DEBUG - 1 change detected: {(<Change.modified: 2>, 'E:\\Next JS\\researchbot\\backend\\logs\\research_assistant_20250906_142429.log')}
2025-09-06 14:57:35,360 - DEBUG - 1 change detected: {(<Change.modified: 2>, 'E:\\Next JS\\researchbot\\backend\\logs\\research_assistant_20250906_142429.log')}
2025-09-06 14:57:35,789 - DEBUG - 1 change detected: {(<Change.modified: 2>, 'E:\\Next JS\\researchbot\\backend\\logs\\research_assistant_20250906_142429.log')}
2025-09-06 14:57:36,201 - DEBUG - 1 change detected: {(<Change.modified: 2>, 'E:\\Next JS\\researchbot\\backend\\logs\\research_assistant_20250906_142429.log')}
2025-09-06 14:57:36,588 - DEBUG - 1 change detected: {(<Change.modified: 2>, 'E:\\Next JS\\researchbot\\backend\\logs\\research_assistant_20250906_142429.log')}
2025-09-06 14:57:37,315 - DEBUG - 1 change detected: {(<Change.modified: 2>, 'E:\\Next JS\\researchbot\\backend\\logs\\research_assistant_20250906_142429.log')}
2025-09-06 14:57:37,670 - DEBUG - 1 change detected: {(<Change.modified: 2>, 'E:\\Next JS\\researchbot\\backend\\logs\\research_assistant_20250906_142429.log')}
2025-09-06 14:57:38,076 - DEBUG - 1 change detected: {(<Change.modified: 2>, 'E:\\Next JS\\researchbot\\backend\\logs\\research_assistant_20250906_142429.log')}
2025-09-06 14:57:38,497 - DEBUG - 1 change detected: {(<Change.modified: 2>, 'E:\\Next JS\\researchbot\\backend\\logs\\research_assistant_20250906_142429.log')}
2025-09-06 14:57:38,873 - DEBUG - 1 change detected: {(<Change.modified: 2>, 'E:\\Next JS\\researchbot\\backend\\logs\\research_assistant_20250906_142429.log')}
2025-09-06 14:57:39,351 - DEBUG - 1 change detected: {(<Change.modified: 2>, 'E:\\Next JS\\researchbot\\backend\\logs\\research_assistant_20250906_142429.log')}
2025-09-06 14:57:39,765 - DEBUG - 1 change detected: {(<Change.modified: 2>, 'E:\\Next JS\\researchbot\\backend\\logs\\research_assistant_20250906_142429.log')}
2025-09-06 14:57:40,185 - DEBUG - 1 change detected: {(<Change.modified: 2>, 'E:\\Next JS\\researchbot\\backend\\logs\\research_assistant_20250906_142429.log')}
2025-09-06 14:57:40,600 - DEBUG - 1 change detected: {(<Change.modified: 2>, 'E:\\Next JS\\researchbot\\backend\\logs\\research_assistant_20250906_142429.log')}
2025-09-06 14:57:41,069 - DEBUG - 1 change detected: {(<Change.modified: 2>, 'E:\\Next JS\\researchbot\\backend\\logs\\research_assistant_20250906_142429.log')}
2025-09-06 14:57:41,489 - DEBUG - 1 change detected: {(<Change.modified: 2>, 'E:\\Next JS\\researchbot\\backend\\logs\\research_assistant_20250906_142429.log')}
2025-09-06 14:57:42,014 - DEBUG - 1 change detected: {(<Change.modified: 2>, 'E:\\Next JS\\researchbot\\backend\\logs\\research_assistant_20250906_142429.log')}
2025-09-06 14:57:42,442 - DEBUG - 1 change detected: {(<Change.modified: 2>, 'E:\\Next JS\\researchbot\\backend\\logs\\research_assistant_20250906_142429.log')}
2025-09-06 14:57:42,875 - DEBUG - 1 change detected: {(<Change.modified: 2>, 'E:\\Next JS\\researchbot\\backend\\logs\\research_assistant_20250906_142429.log')}
2025-09-06 14:57:43,309 - DEBUG - 1 change detected: {(<Change.modified: 2>, 'E:\\Next JS\\researchbot\\backend\\logs\\research_assistant_20250906_142429.log')}
2025-09-06 14:57:43,720 - DEBUG - 1 change detected: {(<Change.modified: 2>, 'E:\\Next JS\\researchbot\\backend\\logs\\research_assistant_20250906_142429.log')}
2025-09-06 14:57:44,149 - DEBUG - 1 change detected: {(<Change.modified: 2>, 'E:\\Next JS\\researchbot\\backend\\logs\\research_assistant_20250906_142429.log')}
2025-09-06 14:57:44,608 - DEBUG - 1 change detected: {(<Change.modified: 2>, 'E:\\Next JS\\researchbot\\backend\\logs\\research_assistant_20250906_142429.log')}
2025-09-06 14:57:45,027 - DEBUG - 1 change detected: {(<Change.modified: 2>, 'E:\\Next JS\\researchbot\\backend\\logs\\research_assistant_20250906_142429.log')}
2025-09-06 14:57:45,430 - DEBUG - 1 change detected: {(<Change.modified: 2>, 'E:\\Next JS\\researchbot\\backend\\logs\\research_assistant_20250906_142429.log')}
2025-09-06 14:57:45,854 - DEBUG - 1 change detected: {(<Change.modified: 2>, 'E:\\Next JS\\researchbot\\backend\\logs\\research_assistant_20250906_142429.log')}
2025-09-06 14:57:46,287 - DEBUG - 1 change detected: {(<Change.modified: 2>, 'E:\\Next JS\\researchbot\\backend\\logs\\research_assistant_20250906_142429.log')}
2025-09-06 14:57:46,710 - DEBUG - 1 change detected: {(<Change.modified: 2>, 'E:\\Next JS\\researchbot\\backend\\logs\\research_assistant_20250906_142429.log')}
2025-09-06 14:57:47,136 - DEBUG - 1 change detected: {(<Change.modified: 2>, 'E:\\Next JS\\researchbot\\backend\\logs\\research_assistant_20250906_142429.log')}
2025-09-06 14:57:47,524 - DEBUG - 1 change detected: {(<Change.modified: 2>, 'E:\\Next JS\\researchbot\\backend\\logs\\research_assistant_20250906_142429.log')}
2025-09-06 14:57:47,991 - DEBUG - 1 change detected: {(<Change.modified: 2>, 'E:\\Next JS\\researchbot\\backend\\logs\\research_assistant_20250906_142429.log')}
2025-09-06 14:57:48,414 - DEBUG - 1 change detected: {(<Change.modified: 2>, 'E:\\Next JS\\researchbot\\backend\\logs\\research_assistant_20250906_142429.log')}
2025-09-06 14:57:48,841 - DEBUG - 1 change detected: {(<Change.modified: 2>, 'E:\\Next JS\\researchbot\\backend\\logs\\research_assistant_20250906_142429.log')}
2025-09-06 14:57:49,260 - DEBUG - 1 change detected: {(<Change.modified: 2>, 'E:\\Next JS\\researchbot\\backend\\logs\\research_assistant_20250906_142429.log')}
2025-09-06 14:57:49,622 - DEBUG - 1 change detected: {(<Change.modified: 2>, 'E:\\Next JS\\researchbot\\backend\\logs\\research_assistant_20250906_142429.log')}
2025-09-06 14:57:50,024 - DEBUG - 1 change detected: {(<Change.modified: 2>, 'E:\\Next JS\\researchbot\\backend\\logs\\research_assistant_20250906_142429.log')}
2025-09-06 14:57:50,461 - DEBUG - 1 change detected: {(<Change.modified: 2>, 'E:\\Next JS\\researchbot\\backend\\logs\\research_assistant_20250906_142429.log')}
2025-09-06 14:57:50,835 - DEBUG - 1 change detected: {(<Change.modified: 2>, 'E:\\Next JS\\researchbot\\backend\\logs\\research_assistant_20250906_142429.log')}
2025-09-06 14:57:51,275 - DEBUG - 1 change detected: {(<Change.modified: 2>, 'E:\\Next JS\\researchbot\\backend\\logs\\research_assistant_20250906_142429.log')}
2025-09-06 14:57:51,705 - DEBUG - 1 change detected: {(<Change.modified: 2>, 'E:\\Next JS\\researchbot\\backend\\logs\\research_assistant_20250906_142429.log')}
2025-09-06 14:57:52,224 - DEBUG - 1 change detected: {(<Change.modified: 2>, 'E:\\Next JS\\researchbot\\backend\\logs\\research_assistant_20250906_142429.log')}
2025-09-06 14:57:52,687 - DEBUG - 1 change detected: {(<Change.modified: 2>, 'E:\\Next JS\\researchbot\\backend\\logs\\research_assistant_20250906_142429.log')}
2025-09-06 14:57:53,107 - DEBUG - 1 change detected: {(<Change.modified: 2>, 'E:\\Next JS\\researchbot\\backend\\logs\\research_assistant_20250906_142429.log')}
2025-09-06 14:57:53,579 - DEBUG - 1 change detected: {(<Change.modified: 2>, 'E:\\Next JS\\researchbot\\backend\\logs\\research_assistant_20250906_142429.log')}
2025-09-06 14:57:54,003 - DEBUG - 1 change detected: {(<Change.modified: 2>, 'E:\\Next JS\\researchbot\\backend\\logs\\research_assistant_20250906_142429.log')}
2025-09-06 14:57:54,434 - DEBUG - 1 change detected: {(<Change.modified: 2>, 'E:\\Next JS\\researchbot\\backend\\logs\\research_assistant_20250906_142429.log')}
2025-09-06 14:57:54,859 - DEBUG - 1 change detected: {(<Change.modified: 2>, 'E:\\Next JS\\researchbot\\backend\\logs\\research_assistant_20250906_142429.log')}
2025-09-06 14:57:55,277 - DEBUG - 1 change detected: {(<Change.modified: 2>, 'E:\\Next JS\\researchbot\\backend\\logs\\research_assistant_20250906_142429.log')}
2025-09-06 14:57:55,647 - DEBUG - 1 change detected: {(<Change.modified: 2>, 'E:\\Next JS\\researchbot\\backend\\logs\\research_assistant_20250906_142429.log')}
2025-09-06 14:57:56,077 - DEBUG - 1 change detected: {(<Change.modified: 2>, 'E:\\Next JS\\researchbot\\backend\\logs\\research_assistant_20250906_142429.log')}
2025-09-06 14:57:56,530 - DEBUG - 1 change detected: {(<Change.modified: 2>, 'E:\\Next JS\\researchbot\\backend\\logs\\research_assistant_20250906_142429.log')}
2025-09-06 14:57:56,962 - DEBUG - 1 change detected: {(<Change.modified: 2>, 'E:\\Next JS\\researchbot\\backend\\logs\\research_assistant_20250906_142429.log')}
2025-09-06 14:57:57,373 - DEBUG - 1 change detected: {(<Change.modified: 2>, 'E:\\Next JS\\researchbot\\backend\\logs\\research_assistant_20250906_142429.log')}
2025-09-06 14:57:57,804 - DEBUG - 1 change detected: {(<Change.modified: 2>, 'E:\\Next JS\\researchbot\\backend\\logs\\research_assistant_20250906_142429.log')}
2025-09-06 14:57:58,163 - DEBUG - 1 change detected: {(<Change.modified: 2>, 'E:\\Next JS\\researchbot\\backend\\logs\\research_assistant_20250906_142429.log')}
2025-09-06 14:57:58,578 - DEBUG - 1 change detected: {(<Change.modified: 2>, 'E:\\Next JS\\researchbot\\backend\\logs\\research_assistant_20250906_142429.log')}
2025-09-06 14:57:58,987 - DEBUG - 1 change detected: {(<Change.modified: 2>, 'E:\\Next JS\\researchbot\\backend\\logs\\research_assistant_20250906_142429.log')}
2025-09-06 14:57:59,400 - DEBUG - 1 change detected: {(<Change.modified: 2>, 'E:\\Next JS\\researchbot\\backend\\logs\\research_assistant_20250906_142429.log')}
2025-09-06 14:57:59,816 - DEBUG - 1 change detected: {(<Change.modified: 2>, 'E:\\Next JS\\researchbot\\backend\\logs\\research_assistant_20250906_142429.log')}
2025-09-06 14:58:00,291 - DEBUG - 1 change detected: {(<Change.modified: 2>, 'E:\\Next JS\\researchbot\\backend\\logs\\research_assistant_20250906_142429.log')}
2025-09-06 14:58:00,712 - DEBUG - 1 change detected: {(<Change.modified: 2>, 'E:\\Next JS\\researchbot\\backend\\logs\\research_assistant_20250906_142429.log')}
2025-09-06 14:58:01,200 - DEBUG - 1 change detected: {(<Change.modified: 2>, 'E:\\Next JS\\researchbot\\backend\\logs\\research_assistant_20250906_142429.log')}
2025-09-06 14:58:01,625 - DEBUG - 1 change detected: {(<Change.modified: 2>, 'E:\\Next JS\\researchbot\\backend\\logs\\research_assistant_20250906_142429.log')}
2025-09-06 14:58:02,101 - DEBUG - 1 change detected: {(<Change.modified: 2>, 'E:\\Next JS\\researchbot\\backend\\logs\\research_assistant_20250906_142429.log')}
2025-09-06 14:58:02,477 - DEBUG - 1 change detected: {(<Change.modified: 2>, 'E:\\Next JS\\researchbot\\backend\\logs\\research_assistant_20250906_142429.log')}
2025-09-06 14:58:02,921 - DEBUG - 1 change detected: {(<Change.modified: 2>, 'E:\\Next JS\\researchbot\\backend\\logs\\research_assistant_20250906_142429.log')}
2025-09-06 14:58:03,348 - DEBUG - 1 change detected: {(<Change.modified: 2>, 'E:\\Next JS\\researchbot\\backend\\logs\\research_assistant_20250906_142429.log')}
2025-09-06 14:58:03,770 - DEBUG - 1 change detected: {(<Change.modified: 2>, 'E:\\Next JS\\researchbot\\backend\\logs\\research_assistant_20250906_142429.log')}
2025-09-06 14:58:04,147 - DEBUG - 1 change detected: {(<Change.modified: 2>, 'E:\\Next JS\\researchbot\\backend\\logs\\research_assistant_20250906_142429.log')}
2025-09-06 14:58:04,623 - DEBUG - 1 change detected: {(<Change.modified: 2>, 'E:\\Next JS\\researchbot\\backend\\logs\\research_assistant_20250906_142429.log')}
2025-09-06 14:58:05,028 - DEBUG - 1 change detected: {(<Change.modified: 2>, 'E:\\Next JS\\researchbot\\backend\\logs\\research_assistant_20250906_142429.log')}
2025-09-06 14:58:05,439 - DEBUG - 1 change detected: {(<Change.modified: 2>, 'E:\\Next JS\\researchbot\\backend\\logs\\research_assistant_20250906_142429.log')}
2025-09-06 14:58:05,857 - DEBUG - 1 change detected: {(<Change.modified: 2>, 'E:\\Next JS\\researchbot\\backend\\logs\\research_assistant_20250906_142429.log')}
2025-09-06 14:58:06,228 - DEBUG - 1 change detected: {(<Change.modified: 2>, 'E:\\Next JS\\researchbot\\backend\\logs\\research_assistant_20250906_142429.log')}
2025-09-06 14:58:06,638 - DEBUG - 1 change detected: {(<Change.modified: 2>, 'E:\\Next JS\\researchbot\\backend\\logs\\research_assistant_20250906_142429.log')}
2025-09-06 14:58:07,037 - DEBUG - 1 change detected: {(<Change.modified: 2>, 'E:\\Next JS\\researchbot\\backend\\logs\\research_assistant_20250906_142429.log')}
2025-09-06 14:58:07,448 - DEBUG - 1 change detected: {(<Change.modified: 2>, 'E:\\Next JS\\researchbot\\backend\\logs\\research_assistant_20250906_142429.log')}
2025-09-06 14:58:07,820 - DEBUG - 1 change detected: {(<Change.modified: 2>, 'E:\\Next JS\\researchbot\\backend\\logs\\research_assistant_20250906_142429.log')}
2025-09-06 14:58:08,241 - DEBUG - 1 change detected: {(<Change.modified: 2>, 'E:\\Next JS\\researchbot\\backend\\logs\\research_assistant_20250906_142429.log')}
2025-09-06 14:58:08,614 - DEBUG - 1 change detected: {(<Change.modified: 2>, 'E:\\Next JS\\researchbot\\backend\\logs\\research_assistant_20250906_142429.log')}
2025-09-06 14:58:09,097 - DEBUG - 1 change detected: {(<Change.modified: 2>, 'E:\\Next JS\\researchbot\\backend\\logs\\research_assistant_20250906_142429.log')}
2025-09-06 14:58:09,510 - DEBUG - 1 change detected: {(<Change.modified: 2>, 'E:\\Next JS\\researchbot\\backend\\logs\\research_assistant_20250906_142429.log')}
2025-09-06 14:58:09,947 - DEBUG - 1 change detected: {(<Change.modified: 2>, 'E:\\Next JS\\researchbot\\backend\\logs\\research_assistant_20250906_142429.log')}
2025-09-06 14:58:10,307 - DEBUG - 1 change detected: {(<Change.modified: 2>, 'E:\\Next JS\\researchbot\\backend\\logs\\research_assistant_20250906_142429.log')}
2025-09-06 14:58:10,744 - DEBUG - 1 change detected: {(<Change.modified: 2>, 'E:\\Next JS\\researchbot\\backend\\logs\\research_assistant_20250906_142429.log')}
2025-09-06 14:58:11,172 - DEBUG - 1 change detected: {(<Change.modified: 2>, 'E:\\Next JS\\researchbot\\backend\\logs\\research_assistant_20250906_142429.log')}
2025-09-06 14:58:11,565 - DEBUG - 1 change detected: {(<Change.modified: 2>, 'E:\\Next JS\\researchbot\\backend\\logs\\research_assistant_20250906_142429.log')}
2025-09-06 14:58:11,976 - DEBUG - 1 change detected: {(<Change.modified: 2>, 'E:\\Next JS\\researchbot\\backend\\logs\\research_assistant_20250906_142429.log')}
2025-09-06 14:58:12,393 - DEBUG - 1 change detected: {(<Change.modified: 2>, 'E:\\Next JS\\researchbot\\backend\\logs\\research_assistant_20250906_142429.log')}
2025-09-06 14:58:12,763 - DEBUG - 1 change detected: {(<Change.modified: 2>, 'E:\\Next JS\\researchbot\\backend\\logs\\research_assistant_20250906_142429.log')}
2025-09-06 14:58:13,186 - DEBUG - 1 change detected: {(<Change.modified: 2>, 'E:\\Next JS\\researchbot\\backend\\logs\\research_assistant_20250906_142429.log')}
2025-09-06 14:58:13,626 - DEBUG - 1 change detected: {(<Change.modified: 2>, 'E:\\Next JS\\researchbot\\backend\\logs\\research_assistant_20250906_142429.log')}
2025-09-06 14:58:13,987 - DEBUG - 1 change detected: {(<Change.modified: 2>, 'E:\\Next JS\\researchbot\\backend\\logs\\research_assistant_20250906_142429.log')}
2025-09-06 14:58:14,409 - DEBUG - 1 change detected: {(<Change.modified: 2>, 'E:\\Next JS\\researchbot\\backend\\logs\\research_assistant_20250906_142429.log')}
2025-09-06 14:58:14,825 - DEBUG - 1 change detected: {(<Change.modified: 2>, 'E:\\Next JS\\researchbot\\backend\\logs\\research_assistant_20250906_142429.log')}
2025-09-06 14:58:15,254 - DEBUG - 1 change detected: {(<Change.modified: 2>, 'E:\\Next JS\\researchbot\\backend\\logs\\research_assistant_20250906_142429.log')}
2025-09-06 14:58:15,677 - DEBUG - 1 change detected: {(<Change.modified: 2>, 'E:\\Next JS\\researchbot\\backend\\logs\\research_assistant_20250906_142429.log')}
2025-09-06 14:58:16,072 - DEBUG - 1 change detected: {(<Change.modified: 2>, 'E:\\Next JS\\researchbot\\backend\\logs\\research_assistant_20250906_142429.log')}
2025-09-06 14:58:16,489 - DEBUG - 1 change detected: {(<Change.modified: 2>, 'E:\\Next JS\\researchbot\\backend\\logs\\research_assistant_20250906_142429.log')}
2025-09-06 14:58:16,897 - DEBUG - 1 change detected: {(<Change.modified: 2>, 'E:\\Next JS\\researchbot\\backend\\logs\\research_assistant_20250906_142429.log')}
2025-09-06 14:58:17,326 - DEBUG - 1 change detected: {(<Change.modified: 2>, 'E:\\Next JS\\researchbot\\backend\\logs\\research_assistant_20250906_142429.log')}
2025-09-06 14:58:17,733 - DEBUG - 1 change detected: {(<Change.modified: 2>, 'E:\\Next JS\\researchbot\\backend\\logs\\research_assistant_20250906_142429.log')}
2025-09-06 14:58:18,151 - DEBUG - 1 change detected: {(<Change.modified: 2>, 'E:\\Next JS\\researchbot\\backend\\logs\\research_assistant_20250906_142429.log')}
2025-09-06 14:58:18,591 - DEBUG - 1 change detected: {(<Change.modified: 2>, 'E:\\Next JS\\researchbot\\backend\\logs\\research_assistant_20250906_142429.log')}
2025-09-06 14:58:19,020 - DEBUG - 1 change detected: {(<Change.modified: 2>, 'E:\\Next JS\\researchbot\\backend\\logs\\research_assistant_20250906_142429.log')}
2025-09-06 14:58:19,462 - DEBUG - 1 change detected: {(<Change.modified: 2>, 'E:\\Next JS\\researchbot\\backend\\logs\\research_assistant_20250906_142429.log')}
2025-09-06 14:58:19,883 - DEBUG - 1 change detected: {(<Change.modified: 2>, 'E:\\Next JS\\researchbot\\backend\\logs\\research_assistant_20250906_142429.log')}
2025-09-06 14:58:20,294 - DEBUG - 1 change detected: {(<Change.modified: 2>, 'E:\\Next JS\\researchbot\\backend\\logs\\research_assistant_20250906_142429.log')}
2025-09-06 14:58:20,733 - DEBUG - 1 change detected: {(<Change.modified: 2>, 'E:\\Next JS\\researchbot\\backend\\logs\\research_assistant_20250906_142429.log')}
2025-09-06 14:58:21,110 - DEBUG - 1 change detected: {(<Change.modified: 2>, 'E:\\Next JS\\researchbot\\backend\\logs\\research_assistant_20250906_142429.log')}
2025-09-06 14:58:21,529 - DEBUG - 1 change detected: {(<Change.modified: 2>, 'E:\\Next JS\\researchbot\\backend\\logs\\research_assistant_20250906_142429.log')}
2025-09-06 14:58:21,941 - DEBUG - 1 change detected: {(<Change.modified: 2>, 'E:\\Next JS\\researchbot\\backend\\logs\\research_assistant_20250906_142429.log')}
2025-09-06 14:58:22,303 - DEBUG - 1 change detected: {(<Change.modified: 2>, 'E:\\Next JS\\researchbot\\backend\\logs\\research_assistant_20250906_142429.log')}
2025-09-06 14:58:22,716 - DEBUG - 1 change detected: {(<Change.modified: 2>, 'E:\\Next JS\\researchbot\\backend\\logs\\research_assistant_20250906_142429.log')}
2025-09-06 14:58:23,122 - DEBUG - 1 change detected: {(<Change.modified: 2>, 'E:\\Next JS\\researchbot\\backend\\logs\\research_assistant_20250906_142429.log')}
2025-09-06 14:58:23,541 - DEBUG - 1 change detected: {(<Change.modified: 2>, 'E:\\Next JS\\researchbot\\backend\\logs\\research_assistant_20250906_142429.log')}
2025-09-06 14:58:23,903 - DEBUG - 1 change detected: {(<Change.modified: 2>, 'E:\\Next JS\\researchbot\\backend\\logs\\research_assistant_20250906_142429.log')}
2025-09-06 14:58:24,322 - DEBUG - 1 change detected: {(<Change.modified: 2>, 'E:\\Next JS\\researchbot\\backend\\logs\\research_assistant_20250906_142429.log')}
2025-09-06 14:58:24,727 - DEBUG - 1 change detected: {(<Change.modified: 2>, 'E:\\Next JS\\researchbot\\backend\\logs\\research_assistant_20250906_142429.log')}
2025-09-06 14:58:25,163 - DEBUG - 1 change detected: {(<Change.modified: 2>, 'E:\\Next JS\\researchbot\\backend\\logs\\research_assistant_20250906_142429.log')}
2025-09-06 14:58:25,552 - DEBUG - 1 change detected: {(<Change.modified: 2>, 'E:\\Next JS\\researchbot\\backend\\logs\\research_assistant_20250906_142429.log')}
2025-09-06 14:58:25,985 - DEBUG - 1 change detected: {(<Change.modified: 2>, 'E:\\Next JS\\researchbot\\backend\\logs\\research_assistant_20250906_142429.log')}
2025-09-06 14:58:26,352 - DEBUG - 1 change detected: {(<Change.modified: 2>, 'E:\\Next JS\\researchbot\\backend\\logs\\research_assistant_20250906_142429.log')}
2025-09-06 14:58:26,770 - DEBUG - 1 change detected: {(<Change.modified: 2>, 'E:\\Next JS\\researchbot\\backend\\logs\\research_assistant_20250906_142429.log')}
2025-09-06 14:58:27,135 - DEBUG - 1 change detected: {(<Change.modified: 2>, 'E:\\Next JS\\researchbot\\backend\\logs\\research_assistant_20250906_142429.log')}
2025-09-06 14:58:27,619 - DEBUG - 1 change detected: {(<Change.modified: 2>, 'E:\\Next JS\\researchbot\\backend\\logs\\research_assistant_20250906_142429.log')}
2025-09-06 14:58:28,039 - DEBUG - 1 change detected: {(<Change.modified: 2>, 'E:\\Next JS\\researchbot\\backend\\logs\\research_assistant_20250906_142429.log')}
2025-09-06 14:58:28,456 - DEBUG - 1 change detected: {(<Change.modified: 2>, 'E:\\Next JS\\researchbot\\backend\\logs\\research_assistant_20250906_142429.log')}
2025-09-06 14:58:28,927 - DEBUG - 1 change detected: {(<Change.modified: 2>, 'E:\\Next JS\\researchbot\\backend\\logs\\research_assistant_20250906_142429.log')}
2025-09-06 14:58:29,404 - DEBUG - 1 change detected: {(<Change.modified: 2>, 'E:\\Next JS\\researchbot\\backend\\logs\\research_assistant_20250906_142429.log')}
2025-09-06 14:58:30,139 - DEBUG - 1 change detected: {(<Change.modified: 2>, 'E:\\Next JS\\researchbot\\backend\\logs\\research_assistant_20250906_142429.log')}
2025-09-06 14:58:30,554 - DEBUG - 1 change detected: {(<Change.modified: 2>, 'E:\\Next JS\\researchbot\\backend\\logs\\research_assistant_20250906_142429.log')}
2025-09-06 14:58:30,916 - DEBUG - 1 change detected: {(<Change.modified: 2>, 'E:\\Next JS\\researchbot\\backend\\logs\\research_assistant_20250906_142429.log')}
2025-09-06 14:58:31,295 - DEBUG - 1 change detected: {(<Change.modified: 2>, 'E:\\Next JS\\researchbot\\backend\\logs\\research_assistant_20250906_142429.log')}
2025-09-06 14:58:31,720 - DEBUG - 1 change detected: {(<Change.modified: 2>, 'E:\\Next JS\\researchbot\\backend\\logs\\research_assistant_20250906_142429.log')}
2025-09-06 14:58:32,283 - DEBUG - 1 change detected: {(<Change.modified: 2>, 'E:\\Next JS\\researchbot\\backend\\logs\\research_assistant_20250906_142429.log')}
2025-09-06 14:58:33,578 - DEBUG - 1 change detected: {(<Change.modified: 2>, 'E:\\Next JS\\researchbot\\backend\\logs\\research_assistant_20250906_142429.log')}
2025-09-06 14:58:34,768 - DEBUG - 1 change detected: {(<Change.modified: 2>, 'E:\\Next JS\\researchbot\\backend\\logs\\research_assistant_20250906_142429.log')}
2025-09-06 14:58:35,916 - DEBUG - 1 change detected: {(<Change.modified: 2>, 'E:\\Next JS\\researchbot\\backend\\logs\\research_assistant_20250906_142429.log')}
2025-09-06 14:58:36,913 - DEBUG - 1 change detected: {(<Change.modified: 2>, 'E:\\Next JS\\researchbot\\backend\\logs\\research_assistant_20250906_142429.log')}
2025-09-06 15:00:29,989 - DEBUG - 1 change detected: {(<Change.modified: 2>, 'E:\\Next JS\\researchbot\\backend\\logs\\research_assistant_20250906_142429.log')}
2025-09-06 15:00:30,491 - DEBUG - 1 change detected: {(<Change.modified: 2>, 'E:\\Next JS\\researchbot\\backend\\logs\\research_assistant_20250906_142429.log')}
2025-09-06 15:00:31,267 - DEBUG - 1 change detected: {(<Change.modified: 2>, 'E:\\Next JS\\researchbot\\backend\\logs\\research_assistant_20250906_142429.log')}
2025-09-06 15:00:32,773 - DEBUG - 1 change detected: {(<Change.modified: 2>, 'E:\\Next JS\\researchbot\\backend\\logs\\research_assistant_20250906_142429.log')}
2025-09-06 15:00:35,391 - DEBUG - 1 change detected: {(<Change.modified: 2>, 'E:\\Next JS\\researchbot\\backend\\logs\\research_assistant_20250906_142429.log')}
2025-09-06 15:00:35,831 - DEBUG - 1 change detected: {(<Change.modified: 2>, 'E:\\Next JS\\researchbot\\backend\\logs\\research_assistant_20250906_142429.log')}
2025-09-06 15:00:36,288 - DEBUG - 1 change detected: {(<Change.modified: 2>, 'E:\\Next JS\\researchbot\\backend\\logs\\research_assistant_20250906_142429.log')}
2025-09-06 15:00:36,809 - DEBUG - 1 change detected: {(<Change.modified: 2>, 'E:\\Next JS\\researchbot\\backend\\logs\\research_assistant_20250906_142429.log')}
2025-09-06 15:00:37,201 - DEBUG - 1 change detected: {(<Change.modified: 2>, 'E:\\Next JS\\researchbot\\backend\\logs\\research_assistant_20250906_142429.log')}
2025-09-06 15:00:37,604 - DEBUG - 1 change detected: {(<Change.modified: 2>, 'E:\\Next JS\\researchbot\\backend\\logs\\research_assistant_20250906_142429.log')}
2025-09-06 15:00:38,108 - DEBUG - 1 change detected: {(<Change.modified: 2>, 'E:\\Next JS\\researchbot\\backend\\logs\\research_assistant_20250906_142429.log')}
2025-09-06 15:00:38,553 - DEBUG - 1 change detected: {(<Change.modified: 2>, 'E:\\Next JS\\researchbot\\backend\\logs\\research_assistant_20250906_142429.log')}
2025-09-06 15:00:38,932 - DEBUG - 1 change detected: {(<Change.modified: 2>, 'E:\\Next JS\\researchbot\\backend\\logs\\research_assistant_20250906_142429.log')}
2025-09-06 15:00:39,317 - DEBUG - 1 change detected: {(<Change.modified: 2>, 'E:\\Next JS\\researchbot\\backend\\logs\\research_assistant_20250906_142429.log')}
2025-09-06 15:00:39,714 - DEBUG - 1 change detected: {(<Change.modified: 2>, 'E:\\Next JS\\researchbot\\backend\\logs\\research_assistant_20250906_142429.log')}
2025-09-06 15:00:40,153 - DEBUG - 1 change detected: {(<Change.modified: 2>, 'E:\\Next JS\\researchbot\\backend\\logs\\research_assistant_20250906_142429.log')}
2025-09-06 15:00:40,575 - DEBUG - 1 change detected: {(<Change.modified: 2>, 'E:\\Next JS\\researchbot\\backend\\logs\\research_assistant_20250906_142429.log')}
2025-09-06 15:00:41,004 - DEBUG - 1 change detected: {(<Change.modified: 2>, 'E:\\Next JS\\researchbot\\backend\\logs\\research_assistant_20250906_142429.log')}
2025-09-06 15:00:41,483 - DEBUG - 1 change detected: {(<Change.modified: 2>, 'E:\\Next JS\\researchbot\\backend\\logs\\research_assistant_20250906_142429.log')}
2025-09-06 15:00:41,868 - DEBUG - 1 change detected: {(<Change.modified: 2>, 'E:\\Next JS\\researchbot\\backend\\logs\\research_assistant_20250906_142429.log')}
2025-09-06 15:00:42,261 - DEBUG - 1 change detected: {(<Change.modified: 2>, 'E:\\Next JS\\researchbot\\backend\\logs\\research_assistant_20250906_142429.log')}
2025-09-06 15:00:42,639 - DEBUG - 1 change detected: {(<Change.modified: 2>, 'E:\\Next JS\\researchbot\\backend\\logs\\research_assistant_20250906_142429.log')}
2025-09-06 15:00:43,066 - DEBUG - 1 change detected: {(<Change.modified: 2>, 'E:\\Next JS\\researchbot\\backend\\logs\\research_assistant_20250906_142429.log')}
2025-09-06 15:00:43,435 - DEBUG - 1 change detected: {(<Change.modified: 2>, 'E:\\Next JS\\researchbot\\backend\\logs\\research_assistant_20250906_142429.log')}
2025-09-06 15:00:43,863 - DEBUG - 1 change detected: {(<Change.modified: 2>, 'E:\\Next JS\\researchbot\\backend\\logs\\research_assistant_20250906_142429.log')}
2025-09-06 15:00:44,304 - DEBUG - 1 change detected: {(<Change.modified: 2>, 'E:\\Next JS\\researchbot\\backend\\logs\\research_assistant_20250906_142429.log')}
2025-09-06 15:00:44,688 - DEBUG - 1 change detected: {(<Change.modified: 2>, 'E:\\Next JS\\researchbot\\backend\\logs\\research_assistant_20250906_142429.log')}
2025-09-06 15:00:45,129 - DEBUG - 1 change detected: {(<Change.modified: 2>, 'E:\\Next JS\\researchbot\\backend\\logs\\research_assistant_20250906_142429.log')}
2025-09-06 15:00:45,528 - DEBUG - 1 change detected: {(<Change.modified: 2>, 'E:\\Next JS\\researchbot\\backend\\logs\\research_assistant_20250906_142429.log')}
2025-09-06 15:00:46,046 - DEBUG - 1 change detected: {(<Change.modified: 2>, 'E:\\Next JS\\researchbot\\backend\\logs\\research_assistant_20250906_142429.log')}
2025-09-06 15:00:46,410 - DEBUG - 1 change detected: {(<Change.modified: 2>, 'E:\\Next JS\\researchbot\\backend\\logs\\research_assistant_20250906_142429.log')}
2025-09-06 15:00:46,846 - DEBUG - 1 change detected: {(<Change.modified: 2>, 'E:\\Next JS\\researchbot\\backend\\logs\\research_assistant_20250906_142429.log')}
2025-09-06 15:00:47,267 - DEBUG - 1 change detected: {(<Change.modified: 2>, 'E:\\Next JS\\researchbot\\backend\\logs\\research_assistant_20250906_142429.log')}
2025-09-06 15:00:47,706 - DEBUG - 1 change detected: {(<Change.modified: 2>, 'E:\\Next JS\\researchbot\\backend\\logs\\research_assistant_20250906_142429.log')}
2025-09-06 15:00:48,115 - DEBUG - 1 change detected: {(<Change.modified: 2>, 'E:\\Next JS\\researchbot\\backend\\logs\\research_assistant_20250906_142429.log')}
2025-09-06 15:00:48,563 - DEBUG - 1 change detected: {(<Change.modified: 2>, 'E:\\Next JS\\researchbot\\backend\\logs\\research_assistant_20250906_142429.log')}
2025-09-06 15:00:48,986 - DEBUG - 1 change detected: {(<Change.modified: 2>, 'E:\\Next JS\\researchbot\\backend\\logs\\research_assistant_20250906_142429.log')}
2025-09-06 15:00:49,374 - DEBUG - 1 change detected: {(<Change.modified: 2>, 'E:\\Next JS\\researchbot\\backend\\logs\\research_assistant_20250906_142429.log')}
2025-09-06 15:00:49,903 - DEBUG - 1 change detected: {(<Change.modified: 2>, 'E:\\Next JS\\researchbot\\backend\\logs\\research_assistant_20250906_142429.log')}
2025-09-06 15:00:50,363 - DEBUG - 1 change detected: {(<Change.modified: 2>, 'E:\\Next JS\\researchbot\\backend\\logs\\research_assistant_20250906_142429.log')}
2025-09-06 15:00:50,729 - DEBUG - 1 change detected: {(<Change.modified: 2>, 'E:\\Next JS\\researchbot\\backend\\logs\\research_assistant_20250906_142429.log')}
2025-09-06 15:00:51,158 - DEBUG - 1 change detected: {(<Change.modified: 2>, 'E:\\Next JS\\researchbot\\backend\\logs\\research_assistant_20250906_142429.log')}
2025-09-06 15:00:51,570 - DEBUG - 1 change detected: {(<Change.modified: 2>, 'E:\\Next JS\\researchbot\\backend\\logs\\research_assistant_20250906_142429.log')}
2025-09-06 15:00:51,947 - DEBUG - 1 change detected: {(<Change.modified: 2>, 'E:\\Next JS\\researchbot\\backend\\logs\\research_assistant_20250906_142429.log')}
2025-09-06 15:00:52,358 - DEBUG - 1 change detected: {(<Change.modified: 2>, 'E:\\Next JS\\researchbot\\backend\\logs\\research_assistant_20250906_142429.log')}
2025-09-06 15:00:52,775 - DEBUG - 1 change detected: {(<Change.modified: 2>, 'E:\\Next JS\\researchbot\\backend\\logs\\research_assistant_20250906_142429.log')}
2025-09-06 15:00:53,188 - DEBUG - 1 change detected: {(<Change.modified: 2>, 'E:\\Next JS\\researchbot\\backend\\logs\\research_assistant_20250906_142429.log')}
2025-09-06 15:00:53,704 - DEBUG - 1 change detected: {(<Change.modified: 2>, 'E:\\Next JS\\researchbot\\backend\\logs\\research_assistant_20250906_142429.log')}
2025-09-06 15:00:54,129 - DEBUG - 1 change detected: {(<Change.modified: 2>, 'E:\\Next JS\\researchbot\\backend\\logs\\research_assistant_20250906_142429.log')}
2025-09-06 15:00:54,491 - DEBUG - 1 change detected: {(<Change.modified: 2>, 'E:\\Next JS\\researchbot\\backend\\logs\\research_assistant_20250906_142429.log')}
2025-09-06 15:00:54,951 - DEBUG - 1 change detected: {(<Change.modified: 2>, 'E:\\Next JS\\researchbot\\backend\\logs\\research_assistant_20250906_142429.log')}
2025-09-06 15:00:55,328 - DEBUG - 1 change detected: {(<Change.modified: 2>, 'E:\\Next JS\\researchbot\\backend\\logs\\research_assistant_20250906_142429.log')}
2025-09-06 15:00:55,736 - DEBUG - 1 change detected: {(<Change.modified: 2>, 'E:\\Next JS\\researchbot\\backend\\logs\\research_assistant_20250906_142429.log')}
2025-09-06 15:00:56,155 - DEBUG - 1 change detected: {(<Change.modified: 2>, 'E:\\Next JS\\researchbot\\backend\\logs\\research_assistant_20250906_142429.log')}
2025-09-06 15:00:56,574 - DEBUG - 1 change detected: {(<Change.modified: 2>, 'E:\\Next JS\\researchbot\\backend\\logs\\research_assistant_20250906_142429.log')}
2025-09-06 15:00:56,989 - DEBUG - 1 change detected: {(<Change.modified: 2>, 'E:\\Next JS\\researchbot\\backend\\logs\\research_assistant_20250906_142429.log')}
2025-09-06 15:00:57,395 - DEBUG - 1 change detected: {(<Change.modified: 2>, 'E:\\Next JS\\researchbot\\backend\\logs\\research_assistant_20250906_142429.log')}
2025-09-06 15:00:57,751 - DEBUG - 1 change detected: {(<Change.modified: 2>, 'E:\\Next JS\\researchbot\\backend\\logs\\research_assistant_20250906_142429.log')}
2025-09-06 15:00:58,174 - DEBUG - 1 change detected: {(<Change.modified: 2>, 'E:\\Next JS\\researchbot\\backend\\logs\\research_assistant_20250906_142429.log')}
2025-09-06 15:00:58,588 - DEBUG - 1 change detected: {(<Change.modified: 2>, 'E:\\Next JS\\researchbot\\backend\\logs\\research_assistant_20250906_142429.log')}
2025-09-06 15:00:58,950 - DEBUG - 1 change detected: {(<Change.modified: 2>, 'E:\\Next JS\\researchbot\\backend\\logs\\research_assistant_20250906_142429.log')}
2025-09-06 15:00:59,366 - DEBUG - 1 change detected: {(<Change.modified: 2>, 'E:\\Next JS\\researchbot\\backend\\logs\\research_assistant_20250906_142429.log')}
2025-09-06 15:00:59,786 - DEBUG - 1 change detected: {(<Change.modified: 2>, 'E:\\Next JS\\researchbot\\backend\\logs\\research_assistant_20250906_142429.log')}
2025-09-06 15:01:00,203 - DEBUG - 1 change detected: {(<Change.modified: 2>, 'E:\\Next JS\\researchbot\\backend\\logs\\research_assistant_20250906_142429.log')}
2025-09-06 15:01:00,664 - DEBUG - 1 change detected: {(<Change.modified: 2>, 'E:\\Next JS\\researchbot\\backend\\logs\\research_assistant_20250906_142429.log')}
2025-09-06 15:01:01,065 - DEBUG - 1 change detected: {(<Change.modified: 2>, 'E:\\Next JS\\researchbot\\backend\\logs\\research_assistant_20250906_142429.log')}
2025-09-06 15:01:01,482 - DEBUG - 1 change detected: {(<Change.modified: 2>, 'E:\\Next JS\\researchbot\\backend\\logs\\research_assistant_20250906_142429.log')}
2025-09-06 15:01:01,903 - DEBUG - 1 change detected: {(<Change.modified: 2>, 'E:\\Next JS\\researchbot\\backend\\logs\\research_assistant_20250906_142429.log')}
2025-09-06 15:01:02,318 - DEBUG - 1 change detected: {(<Change.modified: 2>, 'E:\\Next JS\\researchbot\\backend\\logs\\research_assistant_20250906_142429.log')}
2025-09-06 15:01:02,691 - DEBUG - 1 change detected: {(<Change.modified: 2>, 'E:\\Next JS\\researchbot\\backend\\logs\\research_assistant_20250906_142429.log')}
2025-09-06 15:01:03,100 - DEBUG - 1 change detected: {(<Change.modified: 2>, 'E:\\Next JS\\researchbot\\backend\\logs\\research_assistant_20250906_142429.log')}
2025-09-06 15:01:03,514 - DEBUG - 1 change detected: {(<Change.modified: 2>, 'E:\\Next JS\\researchbot\\backend\\logs\\research_assistant_20250906_142429.log')}
2025-09-06 15:01:03,876 - DEBUG - 1 change detected: {(<Change.modified: 2>, 'E:\\Next JS\\researchbot\\backend\\logs\\research_assistant_20250906_142429.log')}
2025-09-06 15:01:04,251 - DEBUG - 1 change detected: {(<Change.modified: 2>, 'E:\\Next JS\\researchbot\\backend\\logs\\research_assistant_20250906_142429.log')}
2025-09-06 15:01:04,668 - DEBUG - 1 change detected: {(<Change.modified: 2>, 'E:\\Next JS\\researchbot\\backend\\logs\\research_assistant_20250906_142429.log')}
2025-09-06 15:01:05,074 - DEBUG - 1 change detected: {(<Change.modified: 2>, 'E:\\Next JS\\researchbot\\backend\\logs\\research_assistant_20250906_142429.log')}
2025-09-06 15:01:05,496 - DEBUG - 1 change detected: {(<Change.modified: 2>, 'E:\\Next JS\\researchbot\\backend\\logs\\research_assistant_20250906_142429.log')}
2025-09-06 15:01:05,938 - DEBUG - 1 change detected: {(<Change.modified: 2>, 'E:\\Next JS\\researchbot\\backend\\logs\\research_assistant_20250906_142429.log')}
2025-09-06 15:01:06,398 - DEBUG - 1 change detected: {(<Change.modified: 2>, 'E:\\Next JS\\researchbot\\backend\\logs\\research_assistant_20250906_142429.log')}
2025-09-06 15:01:07,248 - DEBUG - 1 change detected: {(<Change.modified: 2>, 'E:\\Next JS\\researchbot\\backend\\logs\\research_assistant_20250906_142429.log')}
2025-09-06 15:01:08,001 - DEBUG - 1 change detected: {(<Change.modified: 2>, 'E:\\Next JS\\researchbot\\backend\\logs\\research_assistant_20250906_142429.log')}
2025-09-06 15:01:08,583 - DEBUG - 1 change detected: {(<Change.modified: 2>, 'E:\\Next JS\\researchbot\\backend\\logs\\research_assistant_20250906_142429.log')}
2025-09-06 15:01:09,031 - DEBUG - 1 change detected: {(<Change.modified: 2>, 'E:\\Next JS\\researchbot\\backend\\logs\\research_assistant_20250906_142429.log')}
2025-09-06 15:01:10,810 - DEBUG - 1 change detected: {(<Change.modified: 2>, 'E:\\Next JS\\researchbot\\backend\\logs\\research_assistant_20250906_142429.log')}
2025-09-06 15:01:11,193 - DEBUG - 1 change detected: {(<Change.modified: 2>, 'E:\\Next JS\\researchbot\\backend\\logs\\research_assistant_20250906_142429.log')}
2025-09-06 15:01:12,162 - DEBUG - 1 change detected: {(<Change.modified: 2>, 'E:\\Next JS\\researchbot\\backend\\logs\\research_assistant_20250906_142429.log')}
2025-09-06 15:01:12,514 - DEBUG - 1 change detected: {(<Change.modified: 2>, 'E:\\Next JS\\researchbot\\backend\\logs\\research_assistant_20250906_142429.log')}
2025-09-06 15:01:12,924 - DEBUG - 1 change detected: {(<Change.modified: 2>, 'E:\\Next JS\\researchbot\\backend\\logs\\research_assistant_20250906_142429.log')}
2025-09-06 15:01:13,586 - DEBUG - 1 change detected: {(<Change.modified: 2>, 'E:\\Next JS\\researchbot\\backend\\logs\\research_assistant_20250906_142429.log')}
2025-09-06 15:01:13,945 - DEBUG - 1 change detected: {(<Change.modified: 2>, 'E:\\Next JS\\researchbot\\backend\\logs\\research_assistant_20250906_142429.log')}
2025-09-06 15:01:14,354 - DEBUG - 1 change detected: {(<Change.modified: 2>, 'E:\\Next JS\\researchbot\\backend\\logs\\research_assistant_20250906_142429.log')}
2025-09-06 15:01:14,763 - DEBUG - 1 change detected: {(<Change.modified: 2>, 'E:\\Next JS\\researchbot\\backend\\logs\\research_assistant_20250906_142429.log')}
2025-09-06 15:01:15,260 - DEBUG - 1 change detected: {(<Change.modified: 2>, 'E:\\Next JS\\researchbot\\backend\\logs\\research_assistant_20250906_142429.log')}
2025-09-06 15:01:15,949 - DEBUG - 1 change detected: {(<Change.modified: 2>, 'E:\\Next JS\\researchbot\\backend\\logs\\research_assistant_20250906_142429.log')}
2025-09-06 15:01:16,504 - DEBUG - 1 change detected: {(<Change.modified: 2>, 'E:\\Next JS\\researchbot\\backend\\logs\\research_assistant_20250906_142429.log')}
2025-09-06 15:01:17,718 - DEBUG - 1 change detected: {(<Change.modified: 2>, 'E:\\Next JS\\researchbot\\backend\\logs\\research_assistant_20250906_142429.log')}
2025-09-06 15:01:18,535 - DEBUG - 1 change detected: {(<Change.modified: 2>, 'E:\\Next JS\\researchbot\\backend\\logs\\research_assistant_20250906_142429.log')}
2025-09-06 15:01:20,699 - DEBUG - 1 change detected: {(<Change.modified: 2>, 'E:\\Next JS\\researchbot\\backend\\logs\\research_assistant_20250906_142429.log')}
2025-09-06 15:01:26,292 - DEBUG - 1 change detected: {(<Change.modified: 2>, 'E:\\Next JS\\researchbot\\backend\\logs\\research_assistant_20250906_142429.log')}
2025-09-06 15:01:27,379 - DEBUG - 2 changes detected: {(<Change.modified: 2>, 'E:\\Next JS\\researchbot\\backend\\logs\\research_assistant_20250906_142429.log'), (<Change.modified: 2>, 'E:\\Next JS\\researchbot\\backend\\bot.py')}
2025-09-06 15:01:34,034 - DEBUG - 2 changes detected: {(<Change.modified: 2>, 'E:\\Next JS\\researchbot\\backend\\logs\\research_assistant_20250906_142429.log'), (<Change.modified: 2>, 'E:\\Next JS\\researchbot\\backend\\logs\\research_assistant_20250906_144618.log')}
2025-09-06 15:01:38,370 - DEBUG - 1 change detected: {(<Change.modified: 2>, 'E:\\Next JS\\researchbot\\backend\\logs\\research_assistant_20250906_142429.log')}
2025-09-06 15:01:38,904 - DEBUG - 1 change detected: {(<Change.modified: 2>, 'E:\\Next JS\\researchbot\\backend\\logs\\research_assistant_20250906_142429.log')}
2025-09-06 15:01:39,301 - DEBUG - 6 changes detected: {(<Change.deleted: 3>, 'E:\\Next JS\\researchbot\\backend\\__pycache__\\bot.cpython-313.pyc'), (<Change.added: 1>, 'E:\\Next JS\\researchbot\\backend\\__pycache__\\bot.cpython-313.pyc.2685687990064'), (<Change.added: 1>, 'E:\\Next JS\\researchbot\\backend\\__pycache__\\bot.cpython-313.pyc'), (<Change.modified: 2>, 'E:\\Next JS\\researchbot\\backend\\logs\\research_assistant_20250906_142429.log'), (<Change.modified: 2>, 'E:\\Next JS\\researchbot\\backend\\__pycache__'), (<Change.deleted: 3>, 'E:\\Next JS\\researchbot\\backend\\__pycache__\\bot.cpython-313.pyc.2685687990064')}
2025-09-06 15:01:39,667 - DEBUG - 1 change detected: {(<Change.modified: 2>, 'E:\\Next JS\\researchbot\\backend\\logs\\research_assistant_20250906_142429.log')}
2025-09-06 15:01:40,059 - DEBUG - 1 change detected: {(<Change.modified: 2>, 'E:\\Next JS\\researchbot\\backend\\logs\\research_assistant_20250906_142429.log')}
2025-09-06 15:01:40,507 - DEBUG - 1 change detected: {(<Change.modified: 2>, 'E:\\Next JS\\researchbot\\backend\\logs\\research_assistant_20250906_142429.log')}
2025-09-06 15:01:40,909 - DEBUG - 1 change detected: {(<Change.modified: 2>, 'E:\\Next JS\\researchbot\\backend\\logs\\research_assistant_20250906_142429.log')}
2025-09-06 15:01:41,302 - DEBUG - 1 change detected: {(<Change.modified: 2>, 'E:\\Next JS\\researchbot\\backend\\logs\\research_assistant_20250906_142429.log')}
2025-09-06 15:01:41,725 - DEBUG - 1 change detected: {(<Change.modified: 2>, 'E:\\Next JS\\researchbot\\backend\\logs\\research_assistant_20250906_142429.log')}
2025-09-06 15:01:42,140 - DEBUG - 1 change detected: {(<Change.modified: 2>, 'E:\\Next JS\\researchbot\\backend\\logs\\research_assistant_20250906_142429.log')}
2025-09-06 15:01:42,631 - DEBUG - 1 change detected: {(<Change.modified: 2>, 'E:\\Next JS\\researchbot\\backend\\logs\\research_assistant_20250906_142429.log')}
2025-09-06 15:01:43,138 - DEBUG - 2 changes detected: {(<Change.modified: 2>, 'E:\\Next JS\\researchbot\\backend\\logs\\research_assistant_20250906_142429.log'), (<Change.added: 1>, 'E:\\Next JS\\researchbot\\backend\\logs\\research_assistant_20250906_150143.log')}
2025-09-06 15:01:43,565 - DEBUG - 2 changes detected: {(<Change.modified: 2>, 'E:\\Next JS\\researchbot\\backend\\logs\\research_assistant_20250906_150143.log'), (<Change.modified: 2>, 'E:\\Next JS\\researchbot\\backend\\logs')}
2025-09-06 15:01:43,974 - DEBUG - 1 change detected: {(<Change.modified: 2>, 'E:\\Next JS\\researchbot\\backend\\logs\\research_assistant_20250906_142429.log')}
2025-09-06 15:01:44,403 - DEBUG - 1 change detected: {(<Change.modified: 2>, 'E:\\Next JS\\researchbot\\backend\\logs\\research_assistant_20250906_142429.log')}
2025-09-06 15:01:44,795 - DEBUG - 1 change detected: {(<Change.modified: 2>, 'E:\\Next JS\\researchbot\\backend\\logs\\research_assistant_20250906_142429.log')}
2025-09-06 15:01:45,162 - DEBUG - 1 change detected: {(<Change.modified: 2>, 'E:\\Next JS\\researchbot\\backend\\logs\\research_assistant_20250906_142429.log')}
2025-09-06 15:01:45,576 - DEBUG - 1 change detected: {(<Change.modified: 2>, 'E:\\Next JS\\researchbot\\backend\\logs\\research_assistant_20250906_142429.log')}
2025-09-06 15:01:46,347 - DEBUG - 1 change detected: {(<Change.modified: 2>, 'E:\\Next JS\\researchbot\\backend\\logs\\research_assistant_20250906_142429.log')}
2025-09-06 15:01:46,730 - DEBUG - 1 change detected: {(<Change.modified: 2>, 'E:\\Next JS\\researchbot\\backend\\logs\\research_assistant_20250906_142429.log')}
2025-09-06 15:01:47,205 - DEBUG - 1 change detected: {(<Change.modified: 2>, 'E:\\Next JS\\researchbot\\backend\\logs\\research_assistant_20250906_142429.log')}
2025-09-06 15:01:47,577 - DEBUG - 1 change detected: {(<Change.modified: 2>, 'E:\\Next JS\\researchbot\\backend\\logs\\research_assistant_20250906_142429.log')}
2025-09-06 15:01:47,995 - DEBUG - 1 change detected: {(<Change.modified: 2>, 'E:\\Next JS\\researchbot\\backend\\logs\\research_assistant_20250906_142429.log')}
2025-09-06 15:01:48,428 - DEBUG - 1 change detected: {(<Change.modified: 2>, 'E:\\Next JS\\researchbot\\backend\\logs\\research_assistant_20250906_142429.log')}
2025-09-06 15:01:48,793 - DEBUG - 1 change detected: {(<Change.modified: 2>, 'E:\\Next JS\\researchbot\\backend\\logs\\research_assistant_20250906_142429.log')}
2025-09-06 15:01:49,207 - DEBUG - 1 change detected: {(<Change.modified: 2>, 'E:\\Next JS\\researchbot\\backend\\logs\\research_assistant_20250906_142429.log')}
2025-09-06 15:01:49,635 - DEBUG - 1 change detected: {(<Change.modified: 2>, 'E:\\Next JS\\researchbot\\backend\\logs\\research_assistant_20250906_142429.log')}
2025-09-06 15:01:50,005 - DEBUG - 1 change detected: {(<Change.modified: 2>, 'E:\\Next JS\\researchbot\\backend\\logs\\research_assistant_20250906_142429.log')}
2025-09-06 15:01:51,268 - DEBUG - 1 change detected: {(<Change.modified: 2>, 'E:\\Next JS\\researchbot\\backend\\logs\\research_assistant_20250906_142429.log')}
2025-09-06 15:01:52,255 - DEBUG - 1 change detected: {(<Change.modified: 2>, 'E:\\Next JS\\researchbot\\backend\\logs\\research_assistant_20250906_142429.log')}
2025-09-06 15:01:52,762 - DEBUG - 1 change detected: {(<Change.modified: 2>, 'E:\\Next JS\\researchbot\\backend\\logs\\research_assistant_20250906_142429.log')}
2025-09-06 15:01:53,343 - DEBUG - 1 change detected: {(<Change.modified: 2>, 'E:\\Next JS\\researchbot\\backend\\logs\\research_assistant_20250906_142429.log')}
2025-09-06 15:01:54,026 - DEBUG - 1 change detected: {(<Change.modified: 2>, 'E:\\Next JS\\researchbot\\backend\\logs\\research_assistant_20250906_142429.log')}
2025-09-06 15:01:54,472 - DEBUG - 1 change detected: {(<Change.modified: 2>, 'E:\\Next JS\\researchbot\\backend\\logs\\research_assistant_20250906_142429.log')}
2025-09-06 15:01:55,042 - DEBUG - 1 change detected: {(<Change.modified: 2>, 'E:\\Next JS\\researchbot\\backend\\logs\\research_assistant_20250906_142429.log')}
2025-09-06 15:01:55,534 - DEBUG - 1 change detected: {(<Change.modified: 2>, 'E:\\Next JS\\researchbot\\backend\\logs\\research_assistant_20250906_142429.log')}
2025-09-06 15:01:55,926 - DEBUG - 1 change detected: {(<Change.modified: 2>, 'E:\\Next JS\\researchbot\\backend\\logs\\research_assistant_20250906_142429.log')}
2025-09-06 15:01:56,531 - DEBUG - 1 change detected: {(<Change.modified: 2>, 'E:\\Next JS\\researchbot\\backend\\logs\\research_assistant_20250906_142429.log')}
2025-09-06 15:01:57,077 - DEBUG - 1 change detected: {(<Change.modified: 2>, 'E:\\Next JS\\researchbot\\backend\\logs\\research_assistant_20250906_142429.log')}
2025-09-06 15:01:57,530 - DEBUG - 1 change detected: {(<Change.modified: 2>, 'E:\\Next JS\\researchbot\\backend\\logs\\research_assistant_20250906_142429.log')}
2025-09-06 15:01:57,980 - DEBUG - 1 change detected: {(<Change.modified: 2>, 'E:\\Next JS\\researchbot\\backend\\logs\\research_assistant_20250906_142429.log')}
2025-09-06 15:01:58,514 - DEBUG - 1 change detected: {(<Change.modified: 2>, 'E:\\Next JS\\researchbot\\backend\\logs\\research_assistant_20250906_142429.log')}
2025-09-06 15:01:58,941 - DEBUG - 1 change detected: {(<Change.modified: 2>, 'E:\\Next JS\\researchbot\\backend\\logs\\research_assistant_20250906_142429.log')}
2025-09-06 15:01:59,724 - DEBUG - 1 change detected: {(<Change.modified: 2>, 'E:\\Next JS\\researchbot\\backend\\logs\\research_assistant_20250906_142429.log')}
2025-09-06 15:02:00,146 - DEBUG - 1 change detected: {(<Change.modified: 2>, 'E:\\Next JS\\researchbot\\backend\\logs\\research_assistant_20250906_142429.log')}
2025-09-06 15:02:00,627 - DEBUG - 1 change detected: {(<Change.modified: 2>, 'E:\\Next JS\\researchbot\\backend\\logs\\research_assistant_20250906_142429.log')}
2025-09-06 15:02:01,093 - DEBUG - 1 change detected: {(<Change.modified: 2>, 'E:\\Next JS\\researchbot\\backend\\logs\\research_assistant_20250906_142429.log')}
2025-09-06 15:02:01,563 - DEBUG - 1 change detected: {(<Change.modified: 2>, 'E:\\Next JS\\researchbot\\backend\\logs\\research_assistant_20250906_142429.log')}
2025-09-06 15:02:02,009 - DEBUG - 1 change detected: {(<Change.modified: 2>, 'E:\\Next JS\\researchbot\\backend\\logs\\research_assistant_20250906_142429.log')}
2025-09-06 15:02:02,532 - DEBUG - 1 change detected: {(<Change.modified: 2>, 'E:\\Next JS\\researchbot\\backend\\logs\\research_assistant_20250906_142429.log')}
2025-09-06 15:02:03,042 - DEBUG - 1 change detected: {(<Change.modified: 2>, 'E:\\Next JS\\researchbot\\backend\\logs\\research_assistant_20250906_142429.log')}
2025-09-06 15:02:03,503 - DEBUG - 1 change detected: {(<Change.modified: 2>, 'E:\\Next JS\\researchbot\\backend\\logs\\research_assistant_20250906_142429.log')}
2025-09-06 15:02:03,973 - DEBUG - 1 change detected: {(<Change.modified: 2>, 'E:\\Next JS\\researchbot\\backend\\logs\\research_assistant_20250906_142429.log')}
2025-09-06 15:02:04,409 - DEBUG - 1 change detected: {(<Change.modified: 2>, 'E:\\Next JS\\researchbot\\backend\\logs\\research_assistant_20250906_142429.log')}
2025-09-06 15:02:04,821 - DEBUG - 1 change detected: {(<Change.modified: 2>, 'E:\\Next JS\\researchbot\\backend\\logs\\research_assistant_20250906_142429.log')}
2025-09-06 15:02:05,189 - DEBUG - 1 change detected: {(<Change.modified: 2>, 'E:\\Next JS\\researchbot\\backend\\logs\\research_assistant_20250906_142429.log')}
2025-09-06 15:02:05,608 - DEBUG - 1 change detected: {(<Change.modified: 2>, 'E:\\Next JS\\researchbot\\backend\\logs\\research_assistant_20250906_142429.log')}
2025-09-06 15:02:06,372 - DEBUG - 1 change detected: {(<Change.modified: 2>, 'E:\\Next JS\\researchbot\\backend\\logs\\research_assistant_20250906_142429.log')}
2025-09-06 15:02:06,740 - DEBUG - 1 change detected: {(<Change.modified: 2>, 'E:\\Next JS\\researchbot\\backend\\logs\\research_assistant_20250906_142429.log')}
2025-09-06 15:02:07,102 - DEBUG - 1 change detected: {(<Change.modified: 2>, 'E:\\Next JS\\researchbot\\backend\\logs\\research_assistant_20250906_142429.log')}
2025-09-06 15:02:07,513 - DEBUG - 1 change detected: {(<Change.modified: 2>, 'E:\\Next JS\\researchbot\\backend\\logs\\research_assistant_20250906_142429.log')}
2025-09-06 15:02:07,940 - DEBUG - 1 change detected: {(<Change.modified: 2>, 'E:\\Next JS\\researchbot\\backend\\logs\\research_assistant_20250906_142429.log')}
2025-09-06 15:02:08,483 - DEBUG - 1 change detected: {(<Change.modified: 2>, 'E:\\Next JS\\researchbot\\backend\\logs\\research_assistant_20250906_142429.log')}
2025-09-06 15:02:08,933 - DEBUG - 1 change detected: {(<Change.modified: 2>, 'E:\\Next JS\\researchbot\\backend\\logs\\research_assistant_20250906_142429.log')}
2025-09-06 15:02:09,456 - DEBUG - 1 change detected: {(<Change.modified: 2>, 'E:\\Next JS\\researchbot\\backend\\logs\\research_assistant_20250906_142429.log')}
2025-09-06 15:02:09,850 - DEBUG - 1 change detected: {(<Change.modified: 2>, 'E:\\Next JS\\researchbot\\backend\\logs\\research_assistant_20250906_142429.log')}
2025-09-06 15:02:10,314 - DEBUG - 1 change detected: {(<Change.modified: 2>, 'E:\\Next JS\\researchbot\\backend\\logs\\research_assistant_20250906_142429.log')}
2025-09-06 15:02:10,903 - DEBUG - 1 change detected: {(<Change.modified: 2>, 'E:\\Next JS\\researchbot\\backend\\logs\\research_assistant_20250906_142429.log')}
2025-09-06 15:02:11,342 - DEBUG - 1 change detected: {(<Change.modified: 2>, 'E:\\Next JS\\researchbot\\backend\\logs\\research_assistant_20250906_142429.log')}
2025-09-06 15:02:11,750 - DEBUG - 1 change detected: {(<Change.modified: 2>, 'E:\\Next JS\\researchbot\\backend\\logs\\research_assistant_20250906_142429.log')}
2025-09-06 15:02:12,158 - DEBUG - 1 change detected: {(<Change.modified: 2>, 'E:\\Next JS\\researchbot\\backend\\logs\\research_assistant_20250906_142429.log')}
2025-09-06 15:02:12,568 - DEBUG - 1 change detected: {(<Change.modified: 2>, 'E:\\Next JS\\researchbot\\backend\\logs\\research_assistant_20250906_142429.log')}
2025-09-06 15:02:13,010 - DEBUG - 1 change detected: {(<Change.modified: 2>, 'E:\\Next JS\\researchbot\\backend\\logs\\research_assistant_20250906_142429.log')}
2025-09-06 15:02:13,414 - DEBUG - 1 change detected: {(<Change.modified: 2>, 'E:\\Next JS\\researchbot\\backend\\logs\\research_assistant_20250906_142429.log')}
2025-09-06 15:02:13,958 - DEBUG - 1 change detected: {(<Change.modified: 2>, 'E:\\Next JS\\researchbot\\backend\\logs\\research_assistant_20250906_142429.log')}
2025-09-06 15:02:14,378 - DEBUG - 1 change detected: {(<Change.modified: 2>, 'E:\\Next JS\\researchbot\\backend\\logs\\research_assistant_20250906_142429.log')}
2025-09-06 15:02:14,794 - DEBUG - 1 change detected: {(<Change.modified: 2>, 'E:\\Next JS\\researchbot\\backend\\logs\\research_assistant_20250906_142429.log')}
2025-09-06 15:02:15,251 - DEBUG - 1 change detected: {(<Change.modified: 2>, 'E:\\Next JS\\researchbot\\backend\\logs\\research_assistant_20250906_142429.log')}
2025-09-06 15:02:15,782 - DEBUG - 1 change detected: {(<Change.modified: 2>, 'E:\\Next JS\\researchbot\\backend\\logs\\research_assistant_20250906_142429.log')}
2025-09-06 15:02:16,159 - DEBUG - 1 change detected: {(<Change.modified: 2>, 'E:\\Next JS\\researchbot\\backend\\logs\\research_assistant_20250906_142429.log')}
2025-09-06 15:02:16,524 - DEBUG - 1 change detected: {(<Change.modified: 2>, 'E:\\Next JS\\researchbot\\backend\\logs\\research_assistant_20250906_142429.log')}
