2025-09-07 11:55:53,355 - DEBUG - 1 change detected: {(<Change.modified: 2>, 'E:\\Next JS\\researchbot\\backend\\logs')}
2025-09-07 11:55:57,612 - DEBUG - 1 change detected: {(<Change.added: 1>, 'E:\\Next JS\\researchbot\\backend\\logs\\research_assistant_20250907_115557.log')}
2025-09-07 11:55:57,983 - DEBUG - 2 changes detected: {(<Change.modified: 2>, 'E:\\Next JS\\researchbot\\backend\\logs\\research_assistant_20250907_115557.log'), (<Change.modified: 2>, 'E:\\Next JS\\researchbot\\backend\\logs')}
2025-09-07 12:00:11,536 - DEBUG - 1 change detected: {(<Change.modified: 2>, 'E:\\Next JS\\researchbot\\backend\\logs\\research_assistant_20250907_115551.log')}
2025-09-07 12:00:11,905 - DEBUG - 1 change detected: {(<Change.modified: 2>, 'E:\\Next JS\\researchbot\\backend\\logs\\research_assistant_20250907_115551.log')}
2025-09-07 12:00:12,263 - DEBUG - 1 change detected: {(<Change.modified: 2>, 'E:\\Next JS\\researchbot\\backend\\logs\\research_assistant_20250907_115551.log')}
2025-09-07 12:00:12,631 - DEBUG - 1 change detected: {(<Change.modified: 2>, 'E:\\Next JS\\researchbot\\backend\\logs\\research_assistant_20250907_115551.log')}
2025-09-07 12:00:13,052 - DEBUG - 1 change detected: {(<Change.modified: 2>, 'E:\\Next JS\\researchbot\\backend\\logs\\research_assistant_20250907_115551.log')}
2025-09-07 12:00:13,472 - DEBUG - 1 change detected: {(<Change.modified: 2>, 'E:\\Next JS\\researchbot\\backend\\logs\\research_assistant_20250907_115551.log')}
2025-09-07 12:00:13,838 - DEBUG - 1 change detected: {(<Change.modified: 2>, 'E:\\Next JS\\researchbot\\backend\\logs\\research_assistant_20250907_115551.log')}
2025-09-07 12:00:14,255 - DEBUG - 1 change detected: {(<Change.modified: 2>, 'E:\\Next JS\\researchbot\\backend\\logs\\research_assistant_20250907_115551.log')}
2025-09-07 12:00:14,683 - DEBUG - 1 change detected: {(<Change.modified: 2>, 'E:\\Next JS\\researchbot\\backend\\logs\\research_assistant_20250907_115551.log')}
2025-09-07 12:00:15,096 - DEBUG - 1 change detected: {(<Change.modified: 2>, 'E:\\Next JS\\researchbot\\backend\\logs\\research_assistant_20250907_115551.log')}
2025-09-07 12:00:15,469 - DEBUG - 1 change detected: {(<Change.modified: 2>, 'E:\\Next JS\\researchbot\\backend\\logs\\research_assistant_20250907_115551.log')}
2025-09-07 12:00:15,844 - DEBUG - 1 change detected: {(<Change.modified: 2>, 'E:\\Next JS\\researchbot\\backend\\logs\\research_assistant_20250907_115551.log')}
2025-09-07 12:00:16,224 - DEBUG - 1 change detected: {(<Change.modified: 2>, 'E:\\Next JS\\researchbot\\backend\\logs\\research_assistant_20250907_115551.log')}
2025-09-07 12:00:16,597 - DEBUG - 1 change detected: {(<Change.modified: 2>, 'E:\\Next JS\\researchbot\\backend\\logs\\research_assistant_20250907_115551.log')}
2025-09-07 12:00:17,022 - DEBUG - 1 change detected: {(<Change.modified: 2>, 'E:\\Next JS\\researchbot\\backend\\logs\\research_assistant_20250907_115551.log')}
2025-09-07 12:00:17,390 - DEBUG - 1 change detected: {(<Change.modified: 2>, 'E:\\Next JS\\researchbot\\backend\\logs\\research_assistant_20250907_115551.log')}
2025-09-07 12:00:17,767 - DEBUG - 1 change detected: {(<Change.modified: 2>, 'E:\\Next JS\\researchbot\\backend\\logs\\research_assistant_20250907_115551.log')}
2025-09-07 12:00:18,126 - DEBUG - 1 change detected: {(<Change.modified: 2>, 'E:\\Next JS\\researchbot\\backend\\logs\\research_assistant_20250907_115551.log')}
2025-09-07 12:00:18,500 - DEBUG - 1 change detected: {(<Change.modified: 2>, 'E:\\Next JS\\researchbot\\backend\\logs\\research_assistant_20250907_115551.log')}
2025-09-07 12:00:18,924 - DEBUG - 1 change detected: {(<Change.modified: 2>, 'E:\\Next JS\\researchbot\\backend\\logs\\research_assistant_20250907_115551.log')}
2025-09-07 12:00:19,288 - DEBUG - 1 change detected: {(<Change.modified: 2>, 'E:\\Next JS\\researchbot\\backend\\logs\\research_assistant_20250907_115551.log')}
2025-09-07 12:00:19,705 - DEBUG - 1 change detected: {(<Change.modified: 2>, 'E:\\Next JS\\researchbot\\backend\\logs\\research_assistant_20250907_115551.log')}
2025-09-07 12:00:20,126 - DEBUG - 1 change detected: {(<Change.modified: 2>, 'E:\\Next JS\\researchbot\\backend\\logs\\research_assistant_20250907_115551.log')}
2025-09-07 12:00:20,491 - DEBUG - 1 change detected: {(<Change.modified: 2>, 'E:\\Next JS\\researchbot\\backend\\logs\\research_assistant_20250907_115551.log')}
2025-09-07 12:00:20,904 - DEBUG - 1 change detected: {(<Change.modified: 2>, 'E:\\Next JS\\researchbot\\backend\\logs\\research_assistant_20250907_115551.log')}
2025-09-07 12:00:21,273 - DEBUG - 1 change detected: {(<Change.modified: 2>, 'E:\\Next JS\\researchbot\\backend\\logs\\research_assistant_20250907_115551.log')}
2025-09-07 12:00:21,698 - DEBUG - 1 change detected: {(<Change.modified: 2>, 'E:\\Next JS\\researchbot\\backend\\logs\\research_assistant_20250907_115551.log')}
2025-09-07 12:00:22,105 - DEBUG - 1 change detected: {(<Change.modified: 2>, 'E:\\Next JS\\researchbot\\backend\\logs\\research_assistant_20250907_115551.log')}
2025-09-07 12:00:22,514 - DEBUG - 1 change detected: {(<Change.modified: 2>, 'E:\\Next JS\\researchbot\\backend\\logs\\research_assistant_20250907_115551.log')}
2025-09-07 12:00:22,887 - DEBUG - 1 change detected: {(<Change.modified: 2>, 'E:\\Next JS\\researchbot\\backend\\logs\\research_assistant_20250907_115551.log')}
2025-09-07 12:00:23,320 - DEBUG - 1 change detected: {(<Change.modified: 2>, 'E:\\Next JS\\researchbot\\backend\\logs\\research_assistant_20250907_115551.log')}
2025-09-07 12:00:23,684 - DEBUG - 1 change detected: {(<Change.modified: 2>, 'E:\\Next JS\\researchbot\\backend\\logs\\research_assistant_20250907_115551.log')}
2025-09-07 12:00:24,110 - DEBUG - 1 change detected: {(<Change.modified: 2>, 'E:\\Next JS\\researchbot\\backend\\logs\\research_assistant_20250907_115551.log')}
2025-09-07 12:00:24,467 - DEBUG - 1 change detected: {(<Change.modified: 2>, 'E:\\Next JS\\researchbot\\backend\\logs\\research_assistant_20250907_115551.log')}
2025-09-07 12:00:24,891 - DEBUG - 1 change detected: {(<Change.modified: 2>, 'E:\\Next JS\\researchbot\\backend\\logs\\research_assistant_20250907_115551.log')}
2025-09-07 12:00:25,302 - DEBUG - 1 change detected: {(<Change.modified: 2>, 'E:\\Next JS\\researchbot\\backend\\logs\\research_assistant_20250907_115551.log')}
2025-09-07 12:00:25,682 - DEBUG - 1 change detected: {(<Change.modified: 2>, 'E:\\Next JS\\researchbot\\backend\\logs\\research_assistant_20250907_115551.log')}
2025-09-07 12:00:26,048 - DEBUG - 1 change detected: {(<Change.modified: 2>, 'E:\\Next JS\\researchbot\\backend\\logs\\research_assistant_20250907_115551.log')}
2025-09-07 12:00:26,460 - DEBUG - 1 change detected: {(<Change.modified: 2>, 'E:\\Next JS\\researchbot\\backend\\logs\\research_assistant_20250907_115551.log')}
2025-09-07 12:00:26,879 - DEBUG - 1 change detected: {(<Change.modified: 2>, 'E:\\Next JS\\researchbot\\backend\\logs\\research_assistant_20250907_115551.log')}
2025-09-07 12:00:27,295 - DEBUG - 1 change detected: {(<Change.modified: 2>, 'E:\\Next JS\\researchbot\\backend\\logs\\research_assistant_20250907_115551.log')}
2025-09-07 12:00:27,659 - DEBUG - 1 change detected: {(<Change.modified: 2>, 'E:\\Next JS\\researchbot\\backend\\logs\\research_assistant_20250907_115551.log')}
2025-09-07 12:00:28,082 - DEBUG - 1 change detected: {(<Change.modified: 2>, 'E:\\Next JS\\researchbot\\backend\\logs\\research_assistant_20250907_115551.log')}
2025-09-07 12:00:28,458 - DEBUG - 1 change detected: {(<Change.modified: 2>, 'E:\\Next JS\\researchbot\\backend\\logs\\research_assistant_20250907_115551.log')}
2025-09-07 12:00:28,889 - DEBUG - 1 change detected: {(<Change.modified: 2>, 'E:\\Next JS\\researchbot\\backend\\logs\\research_assistant_20250907_115551.log')}
2025-09-07 12:00:29,263 - DEBUG - 1 change detected: {(<Change.modified: 2>, 'E:\\Next JS\\researchbot\\backend\\logs\\research_assistant_20250907_115551.log')}
2025-09-07 12:00:29,687 - DEBUG - 1 change detected: {(<Change.modified: 2>, 'E:\\Next JS\\researchbot\\backend\\logs\\research_assistant_20250907_115551.log')}
2025-09-07 12:00:30,050 - DEBUG - 1 change detected: {(<Change.modified: 2>, 'E:\\Next JS\\researchbot\\backend\\logs\\research_assistant_20250907_115551.log')}
2025-09-07 12:00:30,483 - DEBUG - 1 change detected: {(<Change.modified: 2>, 'E:\\Next JS\\researchbot\\backend\\logs\\research_assistant_20250907_115551.log')}
2025-09-07 12:00:30,853 - DEBUG - 1 change detected: {(<Change.modified: 2>, 'E:\\Next JS\\researchbot\\backend\\logs\\research_assistant_20250907_115551.log')}
2025-09-07 12:00:31,263 - DEBUG - 1 change detected: {(<Change.modified: 2>, 'E:\\Next JS\\researchbot\\backend\\logs\\research_assistant_20250907_115551.log')}
2025-09-07 12:00:31,709 - DEBUG - 1 change detected: {(<Change.modified: 2>, 'E:\\Next JS\\researchbot\\backend\\logs\\research_assistant_20250907_115551.log')}
2025-09-07 12:00:32,082 - DEBUG - 1 change detected: {(<Change.modified: 2>, 'E:\\Next JS\\researchbot\\backend\\logs\\research_assistant_20250907_115551.log')}
2025-09-07 12:00:32,506 - DEBUG - 1 change detected: {(<Change.modified: 2>, 'E:\\Next JS\\researchbot\\backend\\logs\\research_assistant_20250907_115551.log')}
2025-09-07 12:00:32,969 - DEBUG - 1 change detected: {(<Change.modified: 2>, 'E:\\Next JS\\researchbot\\backend\\logs\\research_assistant_20250907_115551.log')}
2025-09-07 12:00:33,342 - DEBUG - 1 change detected: {(<Change.modified: 2>, 'E:\\Next JS\\researchbot\\backend\\logs\\research_assistant_20250907_115551.log')}
2025-09-07 12:00:33,768 - DEBUG - 1 change detected: {(<Change.modified: 2>, 'E:\\Next JS\\researchbot\\backend\\logs\\research_assistant_20250907_115551.log')}
2025-09-07 12:00:34,137 - DEBUG - 1 change detected: {(<Change.modified: 2>, 'E:\\Next JS\\researchbot\\backend\\logs\\research_assistant_20250907_115551.log')}
2025-09-07 12:00:34,560 - DEBUG - 1 change detected: {(<Change.modified: 2>, 'E:\\Next JS\\researchbot\\backend\\logs\\research_assistant_20250907_115551.log')}
2025-09-07 12:00:34,927 - DEBUG - 1 change detected: {(<Change.modified: 2>, 'E:\\Next JS\\researchbot\\backend\\logs\\research_assistant_20250907_115551.log')}
2025-09-07 12:00:35,361 - DEBUG - 1 change detected: {(<Change.modified: 2>, 'E:\\Next JS\\researchbot\\backend\\logs\\research_assistant_20250907_115551.log')}
2025-09-07 12:00:35,728 - DEBUG - 1 change detected: {(<Change.modified: 2>, 'E:\\Next JS\\researchbot\\backend\\logs\\research_assistant_20250907_115551.log')}
2025-09-07 12:00:36,140 - DEBUG - 1 change detected: {(<Change.modified: 2>, 'E:\\Next JS\\researchbot\\backend\\logs\\research_assistant_20250907_115551.log')}
2025-09-07 12:00:36,576 - DEBUG - 1 change detected: {(<Change.modified: 2>, 'E:\\Next JS\\researchbot\\backend\\logs\\research_assistant_20250907_115551.log')}
2025-09-07 12:00:36,949 - DEBUG - 1 change detected: {(<Change.modified: 2>, 'E:\\Next JS\\researchbot\\backend\\logs\\research_assistant_20250907_115551.log')}
2025-09-07 12:00:37,372 - DEBUG - 1 change detected: {(<Change.modified: 2>, 'E:\\Next JS\\researchbot\\backend\\logs\\research_assistant_20250907_115551.log')}
2025-09-07 12:00:37,774 - DEBUG - 1 change detected: {(<Change.modified: 2>, 'E:\\Next JS\\researchbot\\backend\\logs\\research_assistant_20250907_115551.log')}
2025-09-07 12:00:38,191 - DEBUG - 1 change detected: {(<Change.modified: 2>, 'E:\\Next JS\\researchbot\\backend\\logs\\research_assistant_20250907_115551.log')}
2025-09-07 12:00:38,571 - DEBUG - 1 change detected: {(<Change.modified: 2>, 'E:\\Next JS\\researchbot\\backend\\logs\\research_assistant_20250907_115551.log')}
2025-09-07 12:00:39,003 - DEBUG - 1 change detected: {(<Change.modified: 2>, 'E:\\Next JS\\researchbot\\backend\\logs\\research_assistant_20250907_115551.log')}
2025-09-07 12:00:39,373 - DEBUG - 1 change detected: {(<Change.modified: 2>, 'E:\\Next JS\\researchbot\\backend\\logs\\research_assistant_20250907_115551.log')}
2025-09-07 12:00:39,792 - DEBUG - 1 change detected: {(<Change.modified: 2>, 'E:\\Next JS\\researchbot\\backend\\logs\\research_assistant_20250907_115551.log')}
2025-09-07 12:00:40,160 - DEBUG - 1 change detected: {(<Change.modified: 2>, 'E:\\Next JS\\researchbot\\backend\\logs\\research_assistant_20250907_115551.log')}
2025-09-07 12:00:40,586 - DEBUG - 1 change detected: {(<Change.modified: 2>, 'E:\\Next JS\\researchbot\\backend\\logs\\research_assistant_20250907_115551.log')}
2025-09-07 12:00:40,994 - DEBUG - 1 change detected: {(<Change.modified: 2>, 'E:\\Next JS\\researchbot\\backend\\logs\\research_assistant_20250907_115551.log')}
2025-09-07 12:00:41,424 - DEBUG - 1 change detected: {(<Change.modified: 2>, 'E:\\Next JS\\researchbot\\backend\\logs\\research_assistant_20250907_115551.log')}
2025-09-07 12:00:41,803 - DEBUG - 1 change detected: {(<Change.modified: 2>, 'E:\\Next JS\\researchbot\\backend\\logs\\research_assistant_20250907_115551.log')}
2025-09-07 12:00:42,226 - DEBUG - 1 change detected: {(<Change.modified: 2>, 'E:\\Next JS\\researchbot\\backend\\logs\\research_assistant_20250907_115551.log')}
2025-09-07 12:00:42,595 - DEBUG - 1 change detected: {(<Change.modified: 2>, 'E:\\Next JS\\researchbot\\backend\\logs\\research_assistant_20250907_115551.log')}
2025-09-07 12:00:43,027 - DEBUG - 1 change detected: {(<Change.modified: 2>, 'E:\\Next JS\\researchbot\\backend\\logs\\research_assistant_20250907_115551.log')}
2025-09-07 12:00:43,390 - DEBUG - 1 change detected: {(<Change.modified: 2>, 'E:\\Next JS\\researchbot\\backend\\logs\\research_assistant_20250907_115551.log')}
2025-09-07 12:00:43,799 - DEBUG - 1 change detected: {(<Change.modified: 2>, 'E:\\Next JS\\researchbot\\backend\\logs\\research_assistant_20250907_115551.log')}
2025-09-07 12:00:44,218 - DEBUG - 1 change detected: {(<Change.modified: 2>, 'E:\\Next JS\\researchbot\\backend\\logs\\research_assistant_20250907_115551.log')}
2025-09-07 12:00:44,593 - DEBUG - 1 change detected: {(<Change.modified: 2>, 'E:\\Next JS\\researchbot\\backend\\logs\\research_assistant_20250907_115551.log')}
2025-09-07 12:00:44,968 - DEBUG - 1 change detected: {(<Change.modified: 2>, 'E:\\Next JS\\researchbot\\backend\\logs\\research_assistant_20250907_115551.log')}
2025-09-07 12:00:45,387 - DEBUG - 1 change detected: {(<Change.modified: 2>, 'E:\\Next JS\\researchbot\\backend\\logs\\research_assistant_20250907_115551.log')}
2025-09-07 12:00:45,753 - DEBUG - 1 change detected: {(<Change.modified: 2>, 'E:\\Next JS\\researchbot\\backend\\logs\\research_assistant_20250907_115551.log')}
2025-09-07 12:00:46,169 - DEBUG - 1 change detected: {(<Change.modified: 2>, 'E:\\Next JS\\researchbot\\backend\\logs\\research_assistant_20250907_115551.log')}
2025-09-07 12:00:46,591 - DEBUG - 1 change detected: {(<Change.modified: 2>, 'E:\\Next JS\\researchbot\\backend\\logs\\research_assistant_20250907_115551.log')}
2025-09-07 12:00:47,031 - DEBUG - 1 change detected: {(<Change.modified: 2>, 'E:\\Next JS\\researchbot\\backend\\logs\\research_assistant_20250907_115551.log')}
2025-09-07 12:00:47,394 - DEBUG - 1 change detected: {(<Change.modified: 2>, 'E:\\Next JS\\researchbot\\backend\\logs\\research_assistant_20250907_115551.log')}
2025-09-07 12:00:47,824 - DEBUG - 1 change detected: {(<Change.modified: 2>, 'E:\\Next JS\\researchbot\\backend\\logs\\research_assistant_20250907_115551.log')}
2025-09-07 12:00:48,230 - DEBUG - 1 change detected: {(<Change.modified: 2>, 'E:\\Next JS\\researchbot\\backend\\logs\\research_assistant_20250907_115551.log')}
2025-09-07 12:00:48,661 - DEBUG - 1 change detected: {(<Change.modified: 2>, 'E:\\Next JS\\researchbot\\backend\\logs\\research_assistant_20250907_115551.log')}
2025-09-07 12:00:49,075 - DEBUG - 1 change detected: {(<Change.modified: 2>, 'E:\\Next JS\\researchbot\\backend\\logs\\research_assistant_20250907_115551.log')}
2025-09-07 12:00:49,438 - DEBUG - 1 change detected: {(<Change.modified: 2>, 'E:\\Next JS\\researchbot\\backend\\logs\\research_assistant_20250907_115551.log')}
2025-09-07 12:00:49,862 - DEBUG - 1 change detected: {(<Change.modified: 2>, 'E:\\Next JS\\researchbot\\backend\\logs\\research_assistant_20250907_115551.log')}
2025-09-07 12:00:50,220 - DEBUG - 1 change detected: {(<Change.modified: 2>, 'E:\\Next JS\\researchbot\\backend\\logs\\research_assistant_20250907_115551.log')}
2025-09-07 12:00:50,635 - DEBUG - 1 change detected: {(<Change.modified: 2>, 'E:\\Next JS\\researchbot\\backend\\logs\\research_assistant_20250907_115551.log')}
2025-09-07 12:00:51,041 - DEBUG - 1 change detected: {(<Change.modified: 2>, 'E:\\Next JS\\researchbot\\backend\\logs\\research_assistant_20250907_115551.log')}
2025-09-07 12:00:51,456 - DEBUG - 1 change detected: {(<Change.modified: 2>, 'E:\\Next JS\\researchbot\\backend\\logs\\research_assistant_20250907_115551.log')}
2025-09-07 12:00:51,877 - DEBUG - 1 change detected: {(<Change.modified: 2>, 'E:\\Next JS\\researchbot\\backend\\logs\\research_assistant_20250907_115551.log')}
2025-09-07 12:00:52,240 - DEBUG - 1 change detected: {(<Change.modified: 2>, 'E:\\Next JS\\researchbot\\backend\\logs\\research_assistant_20250907_115551.log')}
2025-09-07 12:00:52,679 - DEBUG - 1 change detected: {(<Change.modified: 2>, 'E:\\Next JS\\researchbot\\backend\\logs\\research_assistant_20250907_115551.log')}
2025-09-07 12:00:53,049 - DEBUG - 1 change detected: {(<Change.modified: 2>, 'E:\\Next JS\\researchbot\\backend\\logs\\research_assistant_20250907_115551.log')}
2025-09-07 12:00:53,477 - DEBUG - 1 change detected: {(<Change.modified: 2>, 'E:\\Next JS\\researchbot\\backend\\logs\\research_assistant_20250907_115551.log')}
2025-09-07 12:00:53,862 - DEBUG - 1 change detected: {(<Change.modified: 2>, 'E:\\Next JS\\researchbot\\backend\\logs\\research_assistant_20250907_115551.log')}
2025-09-07 12:00:54,282 - DEBUG - 1 change detected: {(<Change.modified: 2>, 'E:\\Next JS\\researchbot\\backend\\logs\\research_assistant_20250907_115551.log')}
2025-09-07 12:00:54,703 - DEBUG - 1 change detected: {(<Change.modified: 2>, 'E:\\Next JS\\researchbot\\backend\\logs\\research_assistant_20250907_115551.log')}
2025-09-07 12:00:55,068 - DEBUG - 1 change detected: {(<Change.modified: 2>, 'E:\\Next JS\\researchbot\\backend\\logs\\research_assistant_20250907_115551.log')}
2025-09-07 12:00:55,483 - DEBUG - 1 change detected: {(<Change.modified: 2>, 'E:\\Next JS\\researchbot\\backend\\logs\\research_assistant_20250907_115551.log')}
2025-09-07 12:00:55,904 - DEBUG - 1 change detected: {(<Change.modified: 2>, 'E:\\Next JS\\researchbot\\backend\\logs\\research_assistant_20250907_115551.log')}
2025-09-07 12:00:56,335 - DEBUG - 1 change detected: {(<Change.modified: 2>, 'E:\\Next JS\\researchbot\\backend\\logs\\research_assistant_20250907_115551.log')}
2025-09-07 12:00:56,704 - DEBUG - 1 change detected: {(<Change.modified: 2>, 'E:\\Next JS\\researchbot\\backend\\logs\\research_assistant_20250907_115551.log')}
2025-09-07 12:00:57,124 - DEBUG - 1 change detected: {(<Change.modified: 2>, 'E:\\Next JS\\researchbot\\backend\\logs\\research_assistant_20250907_115551.log')}
2025-09-07 12:00:57,536 - DEBUG - 1 change detected: {(<Change.modified: 2>, 'E:\\Next JS\\researchbot\\backend\\logs\\research_assistant_20250907_115551.log')}
2025-09-07 12:00:57,916 - DEBUG - 1 change detected: {(<Change.modified: 2>, 'E:\\Next JS\\researchbot\\backend\\logs\\research_assistant_20250907_115551.log')}
2025-09-07 12:00:58,351 - DEBUG - 1 change detected: {(<Change.modified: 2>, 'E:\\Next JS\\researchbot\\backend\\logs\\research_assistant_20250907_115551.log')}
2025-09-07 12:00:58,726 - DEBUG - 1 change detected: {(<Change.modified: 2>, 'E:\\Next JS\\researchbot\\backend\\logs\\research_assistant_20250907_115551.log')}
2025-09-07 12:00:59,096 - DEBUG - 1 change detected: {(<Change.modified: 2>, 'E:\\Next JS\\researchbot\\backend\\logs\\research_assistant_20250907_115551.log')}
2025-09-07 12:00:59,515 - DEBUG - 1 change detected: {(<Change.modified: 2>, 'E:\\Next JS\\researchbot\\backend\\logs\\research_assistant_20250907_115551.log')}
2025-09-07 12:00:59,891 - DEBUG - 1 change detected: {(<Change.modified: 2>, 'E:\\Next JS\\researchbot\\backend\\logs\\research_assistant_20250907_115551.log')}
2025-09-07 12:01:00,334 - DEBUG - 1 change detected: {(<Change.modified: 2>, 'E:\\Next JS\\researchbot\\backend\\logs\\research_assistant_20250907_115551.log')}
2025-09-07 12:01:00,717 - DEBUG - 1 change detected: {(<Change.modified: 2>, 'E:\\Next JS\\researchbot\\backend\\logs\\research_assistant_20250907_115551.log')}
2025-09-07 12:01:01,086 - DEBUG - 1 change detected: {(<Change.modified: 2>, 'E:\\Next JS\\researchbot\\backend\\logs\\research_assistant_20250907_115551.log')}
2025-09-07 12:01:01,507 - DEBUG - 1 change detected: {(<Change.modified: 2>, 'E:\\Next JS\\researchbot\\backend\\logs\\research_assistant_20250907_115551.log')}
2025-09-07 12:01:01,938 - DEBUG - 1 change detected: {(<Change.modified: 2>, 'E:\\Next JS\\researchbot\\backend\\logs\\research_assistant_20250907_115551.log')}
2025-09-07 12:01:02,313 - DEBUG - 1 change detected: {(<Change.modified: 2>, 'E:\\Next JS\\researchbot\\backend\\logs\\research_assistant_20250907_115551.log')}
2025-09-07 12:01:02,723 - DEBUG - 1 change detected: {(<Change.modified: 2>, 'E:\\Next JS\\researchbot\\backend\\logs\\research_assistant_20250907_115551.log')}
2025-09-07 12:01:03,127 - DEBUG - 1 change detected: {(<Change.modified: 2>, 'E:\\Next JS\\researchbot\\backend\\logs\\research_assistant_20250907_115551.log')}
2025-09-07 12:01:03,551 - DEBUG - 1 change detected: {(<Change.modified: 2>, 'E:\\Next JS\\researchbot\\backend\\logs\\research_assistant_20250907_115551.log')}
2025-09-07 12:01:03,919 - DEBUG - 1 change detected: {(<Change.modified: 2>, 'E:\\Next JS\\researchbot\\backend\\logs\\research_assistant_20250907_115551.log')}
2025-09-07 12:01:04,349 - DEBUG - 1 change detected: {(<Change.modified: 2>, 'E:\\Next JS\\researchbot\\backend\\logs\\research_assistant_20250907_115551.log')}
2025-09-07 12:01:04,720 - DEBUG - 1 change detected: {(<Change.modified: 2>, 'E:\\Next JS\\researchbot\\backend\\logs\\research_assistant_20250907_115551.log')}
2025-09-07 12:01:05,138 - DEBUG - 1 change detected: {(<Change.modified: 2>, 'E:\\Next JS\\researchbot\\backend\\logs\\research_assistant_20250907_115551.log')}
2025-09-07 12:01:05,565 - DEBUG - 1 change detected: {(<Change.modified: 2>, 'E:\\Next JS\\researchbot\\backend\\logs\\research_assistant_20250907_115551.log')}
2025-09-07 12:01:05,935 - DEBUG - 1 change detected: {(<Change.modified: 2>, 'E:\\Next JS\\researchbot\\backend\\logs\\research_assistant_20250907_115551.log')}
2025-09-07 12:01:06,359 - DEBUG - 1 change detected: {(<Change.modified: 2>, 'E:\\Next JS\\researchbot\\backend\\logs\\research_assistant_20250907_115551.log')}
2025-09-07 12:01:06,722 - DEBUG - 1 change detected: {(<Change.modified: 2>, 'E:\\Next JS\\researchbot\\backend\\logs\\research_assistant_20250907_115551.log')}
2025-09-07 12:01:07,130 - DEBUG - 1 change detected: {(<Change.modified: 2>, 'E:\\Next JS\\researchbot\\backend\\logs\\research_assistant_20250907_115551.log')}
2025-09-07 12:01:07,548 - DEBUG - 1 change detected: {(<Change.modified: 2>, 'E:\\Next JS\\researchbot\\backend\\logs\\research_assistant_20250907_115551.log')}
2025-09-07 12:01:07,912 - DEBUG - 1 change detected: {(<Change.modified: 2>, 'E:\\Next JS\\researchbot\\backend\\logs\\research_assistant_20250907_115551.log')}
2025-09-07 12:01:08,329 - DEBUG - 1 change detected: {(<Change.modified: 2>, 'E:\\Next JS\\researchbot\\backend\\logs\\research_assistant_20250907_115551.log')}
2025-09-07 12:01:08,737 - DEBUG - 1 change detected: {(<Change.modified: 2>, 'E:\\Next JS\\researchbot\\backend\\logs\\research_assistant_20250907_115551.log')}
2025-09-07 12:01:09,155 - DEBUG - 1 change detected: {(<Change.modified: 2>, 'E:\\Next JS\\researchbot\\backend\\logs\\research_assistant_20250907_115551.log')}
2025-09-07 12:01:09,527 - DEBUG - 1 change detected: {(<Change.modified: 2>, 'E:\\Next JS\\researchbot\\backend\\logs\\research_assistant_20250907_115551.log')}
2025-09-07 12:01:09,946 - DEBUG - 1 change detected: {(<Change.modified: 2>, 'E:\\Next JS\\researchbot\\backend\\logs\\research_assistant_20250907_115551.log')}
2025-09-07 12:01:10,361 - DEBUG - 1 change detected: {(<Change.modified: 2>, 'E:\\Next JS\\researchbot\\backend\\logs\\research_assistant_20250907_115551.log')}
2025-09-07 12:01:10,763 - DEBUG - 1 change detected: {(<Change.modified: 2>, 'E:\\Next JS\\researchbot\\backend\\logs\\research_assistant_20250907_115551.log')}
2025-09-07 12:01:11,199 - DEBUG - 1 change detected: {(<Change.modified: 2>, 'E:\\Next JS\\researchbot\\backend\\logs\\research_assistant_20250907_115551.log')}
2025-09-07 12:01:11,585 - DEBUG - 1 change detected: {(<Change.modified: 2>, 'E:\\Next JS\\researchbot\\backend\\logs\\research_assistant_20250907_115551.log')}
2025-09-07 12:01:12,013 - DEBUG - 1 change detected: {(<Change.modified: 2>, 'E:\\Next JS\\researchbot\\backend\\logs\\research_assistant_20250907_115551.log')}
2025-09-07 12:01:12,422 - DEBUG - 1 change detected: {(<Change.modified: 2>, 'E:\\Next JS\\researchbot\\backend\\logs\\research_assistant_20250907_115551.log')}
2025-09-07 12:01:12,842 - DEBUG - 1 change detected: {(<Change.modified: 2>, 'E:\\Next JS\\researchbot\\backend\\logs\\research_assistant_20250907_115551.log')}
2025-09-07 12:01:13,206 - DEBUG - 1 change detected: {(<Change.modified: 2>, 'E:\\Next JS\\researchbot\\backend\\logs\\research_assistant_20250907_115551.log')}
2025-09-07 12:01:13,633 - DEBUG - 1 change detected: {(<Change.modified: 2>, 'E:\\Next JS\\researchbot\\backend\\logs\\research_assistant_20250907_115551.log')}
2025-09-07 12:01:14,045 - DEBUG - 1 change detected: {(<Change.modified: 2>, 'E:\\Next JS\\researchbot\\backend\\logs\\research_assistant_20250907_115551.log')}
2025-09-07 12:01:14,461 - DEBUG - 1 change detected: {(<Change.modified: 2>, 'E:\\Next JS\\researchbot\\backend\\logs\\research_assistant_20250907_115551.log')}
2025-09-07 12:01:14,872 - DEBUG - 1 change detected: {(<Change.modified: 2>, 'E:\\Next JS\\researchbot\\backend\\logs\\research_assistant_20250907_115551.log')}
2025-09-07 12:01:15,243 - DEBUG - 1 change detected: {(<Change.modified: 2>, 'E:\\Next JS\\researchbot\\backend\\logs\\research_assistant_20250907_115551.log')}
2025-09-07 12:01:15,648 - DEBUG - 1 change detected: {(<Change.modified: 2>, 'E:\\Next JS\\researchbot\\backend\\logs\\research_assistant_20250907_115551.log')}
2025-09-07 12:01:16,064 - DEBUG - 1 change detected: {(<Change.modified: 2>, 'E:\\Next JS\\researchbot\\backend\\logs\\research_assistant_20250907_115551.log')}
2025-09-07 12:01:16,501 - DEBUG - 1 change detected: {(<Change.modified: 2>, 'E:\\Next JS\\researchbot\\backend\\logs\\research_assistant_20250907_115551.log')}
2025-09-07 12:01:16,857 - DEBUG - 1 change detected: {(<Change.modified: 2>, 'E:\\Next JS\\researchbot\\backend\\logs\\research_assistant_20250907_115551.log')}
2025-09-07 12:01:17,286 - DEBUG - 1 change detected: {(<Change.modified: 2>, 'E:\\Next JS\\researchbot\\backend\\logs\\research_assistant_20250907_115551.log')}
2025-09-07 12:01:17,720 - DEBUG - 1 change detected: {(<Change.modified: 2>, 'E:\\Next JS\\researchbot\\backend\\logs\\research_assistant_20250907_115551.log')}
2025-09-07 12:01:18,095 - DEBUG - 1 change detected: {(<Change.modified: 2>, 'E:\\Next JS\\researchbot\\backend\\logs\\research_assistant_20250907_115551.log')}
2025-09-07 12:01:18,526 - DEBUG - 1 change detected: {(<Change.modified: 2>, 'E:\\Next JS\\researchbot\\backend\\logs\\research_assistant_20250907_115551.log')}
2025-09-07 12:01:18,891 - DEBUG - 1 change detected: {(<Change.modified: 2>, 'E:\\Next JS\\researchbot\\backend\\logs\\research_assistant_20250907_115551.log')}
2025-09-07 12:01:19,314 - DEBUG - 1 change detected: {(<Change.modified: 2>, 'E:\\Next JS\\researchbot\\backend\\logs\\research_assistant_20250907_115551.log')}
2025-09-07 12:01:19,684 - DEBUG - 1 change detected: {(<Change.modified: 2>, 'E:\\Next JS\\researchbot\\backend\\logs\\research_assistant_20250907_115551.log')}
2025-09-07 12:01:20,096 - DEBUG - 1 change detected: {(<Change.modified: 2>, 'E:\\Next JS\\researchbot\\backend\\logs\\research_assistant_20250907_115551.log')}
2025-09-07 12:01:20,473 - DEBUG - 1 change detected: {(<Change.modified: 2>, 'E:\\Next JS\\researchbot\\backend\\logs\\research_assistant_20250907_115551.log')}
2025-09-07 12:01:20,892 - DEBUG - 1 change detected: {(<Change.modified: 2>, 'E:\\Next JS\\researchbot\\backend\\logs\\research_assistant_20250907_115551.log')}
2025-09-07 12:01:21,266 - DEBUG - 1 change detected: {(<Change.modified: 2>, 'E:\\Next JS\\researchbot\\backend\\logs\\research_assistant_20250907_115551.log')}
2025-09-07 12:01:21,699 - DEBUG - 1 change detected: {(<Change.modified: 2>, 'E:\\Next JS\\researchbot\\backend\\logs\\research_assistant_20250907_115551.log')}
2025-09-07 12:01:22,232 - DEBUG - 1 change detected: {(<Change.modified: 2>, 'E:\\Next JS\\researchbot\\backend\\logs\\research_assistant_20250907_115551.log')}
2025-09-07 12:01:22,681 - DEBUG - 1 change detected: {(<Change.modified: 2>, 'E:\\Next JS\\researchbot\\backend\\logs\\research_assistant_20250907_115551.log')}
2025-09-07 12:01:23,097 - DEBUG - 1 change detected: {(<Change.modified: 2>, 'E:\\Next JS\\researchbot\\backend\\logs\\research_assistant_20250907_115551.log')}
2025-09-07 12:01:23,922 - DEBUG - 1 change detected: {(<Change.modified: 2>, 'E:\\Next JS\\researchbot\\backend\\logs\\research_assistant_20250907_115551.log')}
2025-09-07 12:01:24,850 - DEBUG - 1 change detected: {(<Change.modified: 2>, 'E:\\Next JS\\researchbot\\backend\\logs\\research_assistant_20250907_115551.log')}
2025-09-07 12:01:25,307 - DEBUG - 1 change detected: {(<Change.modified: 2>, 'E:\\Next JS\\researchbot\\backend\\logs\\research_assistant_20250907_115551.log')}
2025-09-07 12:01:25,674 - DEBUG - 1 change detected: {(<Change.modified: 2>, 'E:\\Next JS\\researchbot\\backend\\logs\\research_assistant_20250907_115551.log')}
2025-09-07 12:01:26,047 - DEBUG - 1 change detected: {(<Change.modified: 2>, 'E:\\Next JS\\researchbot\\backend\\logs\\research_assistant_20250907_115551.log')}
2025-09-07 12:01:26,411 - DEBUG - 1 change detected: {(<Change.modified: 2>, 'E:\\Next JS\\researchbot\\backend\\logs\\research_assistant_20250907_115551.log')}
2025-09-07 12:01:26,766 - DEBUG - 1 change detected: {(<Change.modified: 2>, 'E:\\Next JS\\researchbot\\backend\\logs\\research_assistant_20250907_115551.log')}
2025-09-07 12:01:27,133 - DEBUG - 1 change detected: {(<Change.modified: 2>, 'E:\\Next JS\\researchbot\\backend\\logs\\research_assistant_20250907_115551.log')}
2025-09-07 12:01:27,491 - DEBUG - 1 change detected: {(<Change.modified: 2>, 'E:\\Next JS\\researchbot\\backend\\logs\\research_assistant_20250907_115551.log')}
2025-09-07 12:01:27,864 - DEBUG - 1 change detected: {(<Change.modified: 2>, 'E:\\Next JS\\researchbot\\backend\\logs\\research_assistant_20250907_115551.log')}
2025-09-07 12:01:28,265 - DEBUG - 1 change detected: {(<Change.modified: 2>, 'E:\\Next JS\\researchbot\\backend\\logs\\research_assistant_20250907_115551.log')}
2025-09-07 12:01:28,704 - DEBUG - 1 change detected: {(<Change.modified: 2>, 'E:\\Next JS\\researchbot\\backend\\logs\\research_assistant_20250907_115551.log')}
2025-09-07 12:01:29,136 - DEBUG - 1 change detected: {(<Change.modified: 2>, 'E:\\Next JS\\researchbot\\backend\\logs\\research_assistant_20250907_115551.log')}
2025-09-07 12:01:29,559 - DEBUG - 1 change detected: {(<Change.modified: 2>, 'E:\\Next JS\\researchbot\\backend\\logs\\research_assistant_20250907_115551.log')}
2025-09-07 12:01:29,934 - DEBUG - 1 change detected: {(<Change.modified: 2>, 'E:\\Next JS\\researchbot\\backend\\logs\\research_assistant_20250907_115551.log')}
2025-09-07 12:01:30,351 - DEBUG - 1 change detected: {(<Change.modified: 2>, 'E:\\Next JS\\researchbot\\backend\\logs\\research_assistant_20250907_115551.log')}
2025-09-07 12:01:30,716 - DEBUG - 1 change detected: {(<Change.modified: 2>, 'E:\\Next JS\\researchbot\\backend\\logs\\research_assistant_20250907_115551.log')}
2025-09-07 12:01:31,128 - DEBUG - 1 change detected: {(<Change.modified: 2>, 'E:\\Next JS\\researchbot\\backend\\logs\\research_assistant_20250907_115551.log')}
2025-09-07 12:01:31,539 - DEBUG - 1 change detected: {(<Change.modified: 2>, 'E:\\Next JS\\researchbot\\backend\\logs\\research_assistant_20250907_115551.log')}
2025-09-07 12:01:31,974 - DEBUG - 1 change detected: {(<Change.modified: 2>, 'E:\\Next JS\\researchbot\\backend\\logs\\research_assistant_20250907_115551.log')}
2025-09-07 12:01:32,342 - DEBUG - 1 change detected: {(<Change.modified: 2>, 'E:\\Next JS\\researchbot\\backend\\logs\\research_assistant_20250907_115551.log')}
2025-09-07 12:01:32,759 - DEBUG - 1 change detected: {(<Change.modified: 2>, 'E:\\Next JS\\researchbot\\backend\\logs\\research_assistant_20250907_115551.log')}
2025-09-07 12:01:33,167 - DEBUG - 1 change detected: {(<Change.modified: 2>, 'E:\\Next JS\\researchbot\\backend\\logs\\research_assistant_20250907_115551.log')}
2025-09-07 12:01:33,584 - DEBUG - 1 change detected: {(<Change.modified: 2>, 'E:\\Next JS\\researchbot\\backend\\logs\\research_assistant_20250907_115551.log')}
2025-09-07 12:01:33,996 - DEBUG - 1 change detected: {(<Change.modified: 2>, 'E:\\Next JS\\researchbot\\backend\\logs\\research_assistant_20250907_115551.log')}
2025-09-07 12:01:34,441 - DEBUG - 1 change detected: {(<Change.modified: 2>, 'E:\\Next JS\\researchbot\\backend\\logs\\research_assistant_20250907_115551.log')}
2025-09-07 12:01:34,922 - DEBUG - 1 change detected: {(<Change.modified: 2>, 'E:\\Next JS\\researchbot\\backend\\logs\\research_assistant_20250907_115551.log')}
2025-09-07 12:01:35,355 - DEBUG - 1 change detected: {(<Change.modified: 2>, 'E:\\Next JS\\researchbot\\backend\\logs\\research_assistant_20250907_115551.log')}
2025-09-07 12:01:35,838 - DEBUG - 1 change detected: {(<Change.modified: 2>, 'E:\\Next JS\\researchbot\\backend\\logs\\research_assistant_20250907_115551.log')}
2025-09-07 12:01:36,320 - DEBUG - 1 change detected: {(<Change.modified: 2>, 'E:\\Next JS\\researchbot\\backend\\logs\\research_assistant_20250907_115551.log')}
2025-09-07 12:01:36,756 - DEBUG - 1 change detected: {(<Change.modified: 2>, 'E:\\Next JS\\researchbot\\backend\\logs\\research_assistant_20250907_115551.log')}
2025-09-07 12:01:37,160 - DEBUG - 1 change detected: {(<Change.modified: 2>, 'E:\\Next JS\\researchbot\\backend\\logs\\research_assistant_20250907_115551.log')}
2025-09-07 12:01:37,543 - DEBUG - 1 change detected: {(<Change.modified: 2>, 'E:\\Next JS\\researchbot\\backend\\logs\\research_assistant_20250907_115551.log')}
2025-09-07 12:01:37,900 - DEBUG - 1 change detected: {(<Change.modified: 2>, 'E:\\Next JS\\researchbot\\backend\\logs\\research_assistant_20250907_115551.log')}
2025-09-07 12:01:38,318 - DEBUG - 1 change detected: {(<Change.modified: 2>, 'E:\\Next JS\\researchbot\\backend\\logs\\research_assistant_20250907_115551.log')}
2025-09-07 12:01:38,736 - DEBUG - 1 change detected: {(<Change.modified: 2>, 'E:\\Next JS\\researchbot\\backend\\logs\\research_assistant_20250907_115551.log')}
2025-09-07 12:01:39,097 - DEBUG - 1 change detected: {(<Change.modified: 2>, 'E:\\Next JS\\researchbot\\backend\\logs\\research_assistant_20250907_115551.log')}
2025-09-07 12:01:39,506 - DEBUG - 1 change detected: {(<Change.modified: 2>, 'E:\\Next JS\\researchbot\\backend\\logs\\research_assistant_20250907_115551.log')}
2025-09-07 12:01:39,925 - DEBUG - 1 change detected: {(<Change.modified: 2>, 'E:\\Next JS\\researchbot\\backend\\logs\\research_assistant_20250907_115551.log')}
2025-09-07 12:01:40,333 - DEBUG - 1 change detected: {(<Change.modified: 2>, 'E:\\Next JS\\researchbot\\backend\\logs\\research_assistant_20250907_115551.log')}
2025-09-07 12:01:40,762 - DEBUG - 1 change detected: {(<Change.modified: 2>, 'E:\\Next JS\\researchbot\\backend\\logs\\research_assistant_20250907_115551.log')}
2025-09-07 12:01:41,179 - DEBUG - 1 change detected: {(<Change.modified: 2>, 'E:\\Next JS\\researchbot\\backend\\logs\\research_assistant_20250907_115551.log')}
2025-09-07 12:01:41,604 - DEBUG - 1 change detected: {(<Change.modified: 2>, 'E:\\Next JS\\researchbot\\backend\\logs\\research_assistant_20250907_115551.log')}
2025-09-07 12:01:42,019 - DEBUG - 1 change detected: {(<Change.modified: 2>, 'E:\\Next JS\\researchbot\\backend\\logs\\research_assistant_20250907_115551.log')}
2025-09-07 12:01:42,429 - DEBUG - 1 change detected: {(<Change.modified: 2>, 'E:\\Next JS\\researchbot\\backend\\logs\\research_assistant_20250907_115551.log')}
2025-09-07 12:01:42,842 - DEBUG - 1 change detected: {(<Change.modified: 2>, 'E:\\Next JS\\researchbot\\backend\\logs\\research_assistant_20250907_115551.log')}
2025-09-07 12:01:43,193 - DEBUG - 1 change detected: {(<Change.modified: 2>, 'E:\\Next JS\\researchbot\\backend\\logs\\research_assistant_20250907_115551.log')}
2025-09-07 12:01:43,623 - DEBUG - 1 change detected: {(<Change.modified: 2>, 'E:\\Next JS\\researchbot\\backend\\logs\\research_assistant_20250907_115551.log')}
2025-09-07 12:01:44,031 - DEBUG - 1 change detected: {(<Change.modified: 2>, 'E:\\Next JS\\researchbot\\backend\\logs\\research_assistant_20250907_115551.log')}
2025-09-07 12:01:44,394 - DEBUG - 1 change detected: {(<Change.modified: 2>, 'E:\\Next JS\\researchbot\\backend\\logs\\research_assistant_20250907_115551.log')}
2025-09-07 12:01:44,805 - DEBUG - 1 change detected: {(<Change.modified: 2>, 'E:\\Next JS\\researchbot\\backend\\logs\\research_assistant_20250907_115551.log')}
2025-09-07 12:01:45,215 - DEBUG - 1 change detected: {(<Change.modified: 2>, 'E:\\Next JS\\researchbot\\backend\\logs\\research_assistant_20250907_115551.log')}
2025-09-07 12:01:45,627 - DEBUG - 1 change detected: {(<Change.modified: 2>, 'E:\\Next JS\\researchbot\\backend\\logs\\research_assistant_20250907_115551.log')}
2025-09-07 12:01:46,040 - DEBUG - 1 change detected: {(<Change.modified: 2>, 'E:\\Next JS\\researchbot\\backend\\logs\\research_assistant_20250907_115551.log')}
2025-09-07 12:01:46,460 - DEBUG - 1 change detected: {(<Change.modified: 2>, 'E:\\Next JS\\researchbot\\backend\\logs\\research_assistant_20250907_115551.log')}
2025-09-07 12:01:46,816 - DEBUG - 1 change detected: {(<Change.modified: 2>, 'E:\\Next JS\\researchbot\\backend\\logs\\research_assistant_20250907_115551.log')}
2025-09-07 12:01:47,229 - DEBUG - 1 change detected: {(<Change.modified: 2>, 'E:\\Next JS\\researchbot\\backend\\logs\\research_assistant_20250907_115551.log')}
2025-09-07 12:01:47,648 - DEBUG - 1 change detected: {(<Change.modified: 2>, 'E:\\Next JS\\researchbot\\backend\\logs\\research_assistant_20250907_115551.log')}
2025-09-07 12:01:48,068 - DEBUG - 1 change detected: {(<Change.modified: 2>, 'E:\\Next JS\\researchbot\\backend\\logs\\research_assistant_20250907_115551.log')}
2025-09-07 12:01:48,486 - DEBUG - 1 change detected: {(<Change.modified: 2>, 'E:\\Next JS\\researchbot\\backend\\logs\\research_assistant_20250907_115551.log')}
2025-09-07 12:01:48,894 - DEBUG - 1 change detected: {(<Change.modified: 2>, 'E:\\Next JS\\researchbot\\backend\\logs\\research_assistant_20250907_115551.log')}
2025-09-07 12:01:49,257 - DEBUG - 1 change detected: {(<Change.modified: 2>, 'E:\\Next JS\\researchbot\\backend\\logs\\research_assistant_20250907_115551.log')}
2025-09-07 12:01:49,674 - DEBUG - 1 change detected: {(<Change.modified: 2>, 'E:\\Next JS\\researchbot\\backend\\logs\\research_assistant_20250907_115551.log')}
2025-09-07 12:01:50,135 - DEBUG - 1 change detected: {(<Change.modified: 2>, 'E:\\Next JS\\researchbot\\backend\\logs\\research_assistant_20250907_115551.log')}
2025-09-07 12:01:50,566 - DEBUG - 1 change detected: {(<Change.modified: 2>, 'E:\\Next JS\\researchbot\\backend\\logs\\research_assistant_20250907_115551.log')}
2025-09-07 12:01:50,976 - DEBUG - 1 change detected: {(<Change.modified: 2>, 'E:\\Next JS\\researchbot\\backend\\logs\\research_assistant_20250907_115551.log')}
2025-09-07 12:01:51,391 - DEBUG - 1 change detected: {(<Change.modified: 2>, 'E:\\Next JS\\researchbot\\backend\\logs\\research_assistant_20250907_115551.log')}
2025-09-07 12:01:51,761 - DEBUG - 1 change detected: {(<Change.modified: 2>, 'E:\\Next JS\\researchbot\\backend\\logs\\research_assistant_20250907_115551.log')}
2025-09-07 12:01:52,286 - DEBUG - 1 change detected: {(<Change.modified: 2>, 'E:\\Next JS\\researchbot\\backend\\logs\\research_assistant_20250907_115551.log')}
2025-09-07 12:01:52,645 - DEBUG - 1 change detected: {(<Change.modified: 2>, 'E:\\Next JS\\researchbot\\backend\\logs\\research_assistant_20250907_115551.log')}
2025-09-07 12:01:53,066 - DEBUG - 1 change detected: {(<Change.modified: 2>, 'E:\\Next JS\\researchbot\\backend\\logs\\research_assistant_20250907_115551.log')}
2025-09-07 12:01:53,488 - DEBUG - 1 change detected: {(<Change.modified: 2>, 'E:\\Next JS\\researchbot\\backend\\logs\\research_assistant_20250907_115551.log')}
2025-09-07 12:01:53,906 - DEBUG - 1 change detected: {(<Change.modified: 2>, 'E:\\Next JS\\researchbot\\backend\\logs\\research_assistant_20250907_115551.log')}
2025-09-07 12:01:54,268 - DEBUG - 1 change detected: {(<Change.modified: 2>, 'E:\\Next JS\\researchbot\\backend\\logs\\research_assistant_20250907_115551.log')}
2025-09-07 12:01:54,690 - DEBUG - 1 change detected: {(<Change.modified: 2>, 'E:\\Next JS\\researchbot\\backend\\logs\\research_assistant_20250907_115551.log')}
2025-09-07 12:01:55,111 - DEBUG - 1 change detected: {(<Change.modified: 2>, 'E:\\Next JS\\researchbot\\backend\\logs\\research_assistant_20250907_115551.log')}
2025-09-07 12:01:55,520 - DEBUG - 1 change detected: {(<Change.modified: 2>, 'E:\\Next JS\\researchbot\\backend\\logs\\research_assistant_20250907_115551.log')}
2025-09-07 12:01:55,929 - DEBUG - 1 change detected: {(<Change.modified: 2>, 'E:\\Next JS\\researchbot\\backend\\logs\\research_assistant_20250907_115551.log')}
2025-09-07 12:01:56,356 - DEBUG - 1 change detected: {(<Change.modified: 2>, 'E:\\Next JS\\researchbot\\backend\\logs\\research_assistant_20250907_115551.log')}
2025-09-07 12:01:56,776 - DEBUG - 1 change detected: {(<Change.modified: 2>, 'E:\\Next JS\\researchbot\\backend\\logs\\research_assistant_20250907_115551.log')}
2025-09-07 12:01:57,139 - DEBUG - 1 change detected: {(<Change.modified: 2>, 'E:\\Next JS\\researchbot\\backend\\logs\\research_assistant_20250907_115551.log')}
2025-09-07 12:01:57,558 - DEBUG - 1 change detected: {(<Change.modified: 2>, 'E:\\Next JS\\researchbot\\backend\\logs\\research_assistant_20250907_115551.log')}
2025-09-07 12:01:57,980 - DEBUG - 1 change detected: {(<Change.modified: 2>, 'E:\\Next JS\\researchbot\\backend\\logs\\research_assistant_20250907_115551.log')}
2025-09-07 12:01:58,347 - DEBUG - 1 change detected: {(<Change.modified: 2>, 'E:\\Next JS\\researchbot\\backend\\logs\\research_assistant_20250907_115551.log')}
2025-09-07 12:01:58,770 - DEBUG - 1 change detected: {(<Change.modified: 2>, 'E:\\Next JS\\researchbot\\backend\\logs\\research_assistant_20250907_115551.log')}
2025-09-07 12:01:59,189 - DEBUG - 1 change detected: {(<Change.modified: 2>, 'E:\\Next JS\\researchbot\\backend\\logs\\research_assistant_20250907_115551.log')}
2025-09-07 12:01:59,561 - DEBUG - 1 change detected: {(<Change.modified: 2>, 'E:\\Next JS\\researchbot\\backend\\logs\\research_assistant_20250907_115551.log')}
2025-09-07 12:01:59,985 - DEBUG - 1 change detected: {(<Change.modified: 2>, 'E:\\Next JS\\researchbot\\backend\\logs\\research_assistant_20250907_115551.log')}
2025-09-07 12:02:00,399 - DEBUG - 1 change detected: {(<Change.modified: 2>, 'E:\\Next JS\\researchbot\\backend\\logs\\research_assistant_20250907_115551.log')}
2025-09-07 12:02:00,764 - DEBUG - 1 change detected: {(<Change.modified: 2>, 'E:\\Next JS\\researchbot\\backend\\logs\\research_assistant_20250907_115551.log')}
2025-09-07 12:02:01,175 - DEBUG - 1 change detected: {(<Change.modified: 2>, 'E:\\Next JS\\researchbot\\backend\\logs\\research_assistant_20250907_115551.log')}
2025-09-07 12:02:01,594 - DEBUG - 1 change detected: {(<Change.modified: 2>, 'E:\\Next JS\\researchbot\\backend\\logs\\research_assistant_20250907_115551.log')}
2025-09-07 12:02:01,964 - DEBUG - 1 change detected: {(<Change.modified: 2>, 'E:\\Next JS\\researchbot\\backend\\logs\\research_assistant_20250907_115551.log')}
2025-09-07 12:02:02,379 - DEBUG - 1 change detected: {(<Change.modified: 2>, 'E:\\Next JS\\researchbot\\backend\\logs\\research_assistant_20250907_115551.log')}
2025-09-07 12:02:02,845 - DEBUG - 1 change detected: {(<Change.modified: 2>, 'E:\\Next JS\\researchbot\\backend\\logs\\research_assistant_20250907_115551.log')}
2025-09-07 12:02:03,309 - DEBUG - 1 change detected: {(<Change.modified: 2>, 'E:\\Next JS\\researchbot\\backend\\logs\\research_assistant_20250907_115551.log')}
2025-09-07 12:02:03,803 - DEBUG - 1 change detected: {(<Change.modified: 2>, 'E:\\Next JS\\researchbot\\backend\\logs\\research_assistant_20250907_115551.log')}
2025-09-07 12:02:04,483 - DEBUG - 1 change detected: {(<Change.modified: 2>, 'E:\\Next JS\\researchbot\\backend\\logs\\research_assistant_20250907_115551.log')}
2025-09-07 12:02:04,858 - DEBUG - 1 change detected: {(<Change.modified: 2>, 'E:\\Next JS\\researchbot\\backend\\logs\\research_assistant_20250907_115551.log')}
2025-09-07 12:02:05,227 - DEBUG - 1 change detected: {(<Change.modified: 2>, 'E:\\Next JS\\researchbot\\backend\\logs\\research_assistant_20250907_115551.log')}
2025-09-07 12:02:05,929 - DEBUG - 1 change detected: {(<Change.modified: 2>, 'E:\\Next JS\\researchbot\\backend\\logs\\research_assistant_20250907_115551.log')}
2025-09-07 12:02:06,295 - DEBUG - 1 change detected: {(<Change.modified: 2>, 'E:\\Next JS\\researchbot\\backend\\logs\\research_assistant_20250907_115551.log')}
2025-09-07 12:02:06,660 - DEBUG - 1 change detected: {(<Change.modified: 2>, 'E:\\Next JS\\researchbot\\backend\\logs\\research_assistant_20250907_115551.log')}
2025-09-07 12:02:07,088 - DEBUG - 1 change detected: {(<Change.modified: 2>, 'E:\\Next JS\\researchbot\\backend\\logs\\research_assistant_20250907_115551.log')}
2025-09-07 12:02:07,444 - DEBUG - 1 change detected: {(<Change.modified: 2>, 'E:\\Next JS\\researchbot\\backend\\logs\\research_assistant_20250907_115551.log')}
2025-09-07 12:02:07,871 - DEBUG - 1 change detected: {(<Change.modified: 2>, 'E:\\Next JS\\researchbot\\backend\\logs\\research_assistant_20250907_115551.log')}
2025-09-07 12:02:08,234 - DEBUG - 1 change detected: {(<Change.modified: 2>, 'E:\\Next JS\\researchbot\\backend\\logs\\research_assistant_20250907_115551.log')}
2025-09-07 12:02:08,650 - DEBUG - 1 change detected: {(<Change.modified: 2>, 'E:\\Next JS\\researchbot\\backend\\logs\\research_assistant_20250907_115551.log')}
2025-09-07 12:02:09,074 - DEBUG - 1 change detected: {(<Change.modified: 2>, 'E:\\Next JS\\researchbot\\backend\\logs\\research_assistant_20250907_115551.log')}
2025-09-07 12:02:09,446 - DEBUG - 1 change detected: {(<Change.modified: 2>, 'E:\\Next JS\\researchbot\\backend\\logs\\research_assistant_20250907_115551.log')}
2025-09-07 12:02:09,854 - DEBUG - 1 change detected: {(<Change.modified: 2>, 'E:\\Next JS\\researchbot\\backend\\logs\\research_assistant_20250907_115551.log')}
2025-09-07 12:02:10,281 - DEBUG - 1 change detected: {(<Change.modified: 2>, 'E:\\Next JS\\researchbot\\backend\\logs\\research_assistant_20250907_115551.log')}
2025-09-07 12:02:10,648 - DEBUG - 1 change detected: {(<Change.modified: 2>, 'E:\\Next JS\\researchbot\\backend\\logs\\research_assistant_20250907_115551.log')}
2025-09-07 12:02:11,028 - DEBUG - 1 change detected: {(<Change.modified: 2>, 'E:\\Next JS\\researchbot\\backend\\logs\\research_assistant_20250907_115551.log')}
2025-09-07 12:02:11,431 - DEBUG - 1 change detected: {(<Change.modified: 2>, 'E:\\Next JS\\researchbot\\backend\\logs\\research_assistant_20250907_115551.log')}
2025-09-07 12:02:11,846 - DEBUG - 1 change detected: {(<Change.modified: 2>, 'E:\\Next JS\\researchbot\\backend\\logs\\research_assistant_20250907_115551.log')}
2025-09-07 12:02:12,263 - DEBUG - 1 change detected: {(<Change.modified: 2>, 'E:\\Next JS\\researchbot\\backend\\logs\\research_assistant_20250907_115551.log')}
2025-09-07 12:02:12,641 - DEBUG - 1 change detected: {(<Change.modified: 2>, 'E:\\Next JS\\researchbot\\backend\\logs\\research_assistant_20250907_115551.log')}
2025-09-07 12:02:13,061 - DEBUG - 1 change detected: {(<Change.modified: 2>, 'E:\\Next JS\\researchbot\\backend\\logs\\research_assistant_20250907_115551.log')}
2025-09-07 12:02:13,475 - DEBUG - 1 change detected: {(<Change.modified: 2>, 'E:\\Next JS\\researchbot\\backend\\logs\\research_assistant_20250907_115551.log')}
2025-09-07 12:02:13,880 - DEBUG - 1 change detected: {(<Change.modified: 2>, 'E:\\Next JS\\researchbot\\backend\\logs\\research_assistant_20250907_115551.log')}
2025-09-07 12:02:14,296 - DEBUG - 1 change detected: {(<Change.modified: 2>, 'E:\\Next JS\\researchbot\\backend\\logs\\research_assistant_20250907_115551.log')}
2025-09-07 12:02:14,709 - DEBUG - 1 change detected: {(<Change.modified: 2>, 'E:\\Next JS\\researchbot\\backend\\logs\\research_assistant_20250907_115551.log')}
2025-09-07 12:02:15,117 - DEBUG - 1 change detected: {(<Change.modified: 2>, 'E:\\Next JS\\researchbot\\backend\\logs\\research_assistant_20250907_115551.log')}
2025-09-07 12:02:15,530 - DEBUG - 1 change detected: {(<Change.modified: 2>, 'E:\\Next JS\\researchbot\\backend\\logs\\research_assistant_20250907_115551.log')}
2025-09-07 12:02:15,991 - DEBUG - 1 change detected: {(<Change.modified: 2>, 'E:\\Next JS\\researchbot\\backend\\logs\\research_assistant_20250907_115551.log')}
2025-09-07 12:02:16,406 - DEBUG - 1 change detected: {(<Change.modified: 2>, 'E:\\Next JS\\researchbot\\backend\\logs\\research_assistant_20250907_115551.log')}
2025-09-07 12:02:16,809 - DEBUG - 1 change detected: {(<Change.modified: 2>, 'E:\\Next JS\\researchbot\\backend\\logs\\research_assistant_20250907_115551.log')}
2025-09-07 12:02:17,235 - DEBUG - 1 change detected: {(<Change.modified: 2>, 'E:\\Next JS\\researchbot\\backend\\logs\\research_assistant_20250907_115551.log')}
2025-09-07 12:02:17,605 - DEBUG - 1 change detected: {(<Change.modified: 2>, 'E:\\Next JS\\researchbot\\backend\\logs\\research_assistant_20250907_115551.log')}
2025-09-07 12:02:18,074 - DEBUG - 1 change detected: {(<Change.modified: 2>, 'E:\\Next JS\\researchbot\\backend\\logs\\research_assistant_20250907_115551.log')}
2025-09-07 12:02:18,489 - DEBUG - 1 change detected: {(<Change.modified: 2>, 'E:\\Next JS\\researchbot\\backend\\logs\\research_assistant_20250907_115551.log')}
2025-09-07 12:02:18,895 - DEBUG - 1 change detected: {(<Change.modified: 2>, 'E:\\Next JS\\researchbot\\backend\\logs\\research_assistant_20250907_115551.log')}
2025-09-07 12:02:19,303 - DEBUG - 1 change detected: {(<Change.modified: 2>, 'E:\\Next JS\\researchbot\\backend\\logs\\research_assistant_20250907_115551.log')}
2025-09-07 12:02:19,717 - DEBUG - 1 change detected: {(<Change.modified: 2>, 'E:\\Next JS\\researchbot\\backend\\logs\\research_assistant_20250907_115551.log')}
2025-09-07 12:02:20,142 - DEBUG - 1 change detected: {(<Change.modified: 2>, 'E:\\Next JS\\researchbot\\backend\\logs\\research_assistant_20250907_115551.log')}
2025-09-07 12:02:20,551 - DEBUG - 1 change detected: {(<Change.modified: 2>, 'E:\\Next JS\\researchbot\\backend\\logs\\research_assistant_20250907_115551.log')}
2025-09-07 12:02:20,918 - DEBUG - 1 change detected: {(<Change.modified: 2>, 'E:\\Next JS\\researchbot\\backend\\logs\\research_assistant_20250907_115551.log')}
2025-09-07 12:02:21,340 - DEBUG - 1 change detected: {(<Change.modified: 2>, 'E:\\Next JS\\researchbot\\backend\\logs\\research_assistant_20250907_115551.log')}
2025-09-07 12:02:21,765 - DEBUG - 1 change detected: {(<Change.modified: 2>, 'E:\\Next JS\\researchbot\\backend\\logs\\research_assistant_20250907_115551.log')}
2025-09-07 12:02:22,129 - DEBUG - 1 change detected: {(<Change.modified: 2>, 'E:\\Next JS\\researchbot\\backend\\logs\\research_assistant_20250907_115551.log')}
2025-09-07 12:02:22,547 - DEBUG - 1 change detected: {(<Change.modified: 2>, 'E:\\Next JS\\researchbot\\backend\\logs\\research_assistant_20250907_115551.log')}
2025-09-07 12:02:22,931 - DEBUG - 1 change detected: {(<Change.modified: 2>, 'E:\\Next JS\\researchbot\\backend\\logs\\research_assistant_20250907_115551.log')}
2025-09-07 12:02:23,773 - DEBUG - 1 change detected: {(<Change.modified: 2>, 'E:\\Next JS\\researchbot\\backend\\logs\\research_assistant_20250907_115551.log')}
2025-09-07 12:02:24,183 - DEBUG - 1 change detected: {(<Change.modified: 2>, 'E:\\Next JS\\researchbot\\backend\\logs\\research_assistant_20250907_115551.log')}
2025-09-07 12:02:24,645 - DEBUG - 1 change detected: {(<Change.modified: 2>, 'E:\\Next JS\\researchbot\\backend\\logs\\research_assistant_20250907_115551.log')}
2025-09-07 12:02:25,052 - DEBUG - 1 change detected: {(<Change.modified: 2>, 'E:\\Next JS\\researchbot\\backend\\logs\\research_assistant_20250907_115551.log')}
2025-09-07 12:02:25,479 - DEBUG - 1 change detected: {(<Change.modified: 2>, 'E:\\Next JS\\researchbot\\backend\\logs\\research_assistant_20250907_115551.log')}
2025-09-07 12:02:26,029 - DEBUG - 1 change detected: {(<Change.modified: 2>, 'E:\\Next JS\\researchbot\\backend\\logs\\research_assistant_20250907_115551.log')}
2025-09-07 12:02:26,460 - DEBUG - 1 change detected: {(<Change.modified: 2>, 'E:\\Next JS\\researchbot\\backend\\logs\\research_assistant_20250907_115551.log')}
2025-09-07 12:02:26,840 - DEBUG - 1 change detected: {(<Change.modified: 2>, 'E:\\Next JS\\researchbot\\backend\\logs\\research_assistant_20250907_115551.log')}
2025-09-07 12:02:27,260 - DEBUG - 1 change detected: {(<Change.modified: 2>, 'E:\\Next JS\\researchbot\\backend\\logs\\research_assistant_20250907_115551.log')}
2025-09-07 12:02:27,687 - DEBUG - 1 change detected: {(<Change.modified: 2>, 'E:\\Next JS\\researchbot\\backend\\logs\\research_assistant_20250907_115551.log')}
2025-09-07 12:02:28,106 - DEBUG - 1 change detected: {(<Change.modified: 2>, 'E:\\Next JS\\researchbot\\backend\\logs\\research_assistant_20250907_115551.log')}
2025-09-07 12:02:28,464 - DEBUG - 1 change detected: {(<Change.modified: 2>, 'E:\\Next JS\\researchbot\\backend\\logs\\research_assistant_20250907_115551.log')}
2025-09-07 12:02:28,902 - DEBUG - 1 change detected: {(<Change.modified: 2>, 'E:\\Next JS\\researchbot\\backend\\logs\\research_assistant_20250907_115551.log')}
2025-09-07 12:02:29,326 - DEBUG - 1 change detected: {(<Change.modified: 2>, 'E:\\Next JS\\researchbot\\backend\\logs\\research_assistant_20250907_115551.log')}
2025-09-07 12:02:29,753 - DEBUG - 1 change detected: {(<Change.modified: 2>, 'E:\\Next JS\\researchbot\\backend\\logs\\research_assistant_20250907_115551.log')}
2025-09-07 12:02:30,165 - DEBUG - 1 change detected: {(<Change.modified: 2>, 'E:\\Next JS\\researchbot\\backend\\logs\\research_assistant_20250907_115551.log')}
2025-09-07 12:02:31,117 - DEBUG - 1 change detected: {(<Change.modified: 2>, 'E:\\Next JS\\researchbot\\backend\\logs\\research_assistant_20250907_115551.log')}
2025-09-07 12:02:32,288 - DEBUG - 1 change detected: {(<Change.modified: 2>, 'E:\\Next JS\\researchbot\\backend\\logs\\research_assistant_20250907_115551.log')}
2025-09-07 12:02:33,200 - DEBUG - 1 change detected: {(<Change.modified: 2>, 'E:\\Next JS\\researchbot\\backend\\logs\\research_assistant_20250907_115551.log')}
2025-09-07 12:02:34,228 - DEBUG - 1 change detected: {(<Change.modified: 2>, 'E:\\Next JS\\researchbot\\backend\\logs\\research_assistant_20250907_115551.log')}
2025-09-07 12:02:35,492 - DEBUG - 1 change detected: {(<Change.modified: 2>, 'E:\\Next JS\\researchbot\\backend\\logs\\research_assistant_20250907_115551.log')}
2025-09-07 12:02:36,512 - DEBUG - 1 change detected: {(<Change.modified: 2>, 'E:\\Next JS\\researchbot\\backend\\logs\\research_assistant_20250907_115551.log')}
2025-09-07 12:02:39,216 - DEBUG - 1 change detected: {(<Change.modified: 2>, 'E:\\Next JS\\researchbot\\backend\\logs\\research_assistant_20250907_115551.log')}
2025-09-07 12:02:40,118 - DEBUG - 1 change detected: {(<Change.modified: 2>, 'E:\\Next JS\\researchbot\\backend\\logs\\research_assistant_20250907_115551.log')}
2025-09-07 12:02:40,570 - DEBUG - 1 change detected: {(<Change.modified: 2>, 'E:\\Next JS\\researchbot\\backend\\logs\\research_assistant_20250907_115551.log')}
2025-09-07 12:02:40,945 - DEBUG - 1 change detected: {(<Change.modified: 2>, 'E:\\Next JS\\researchbot\\backend\\logs\\research_assistant_20250907_115551.log')}
2025-09-07 12:02:41,359 - DEBUG - 1 change detected: {(<Change.modified: 2>, 'E:\\Next JS\\researchbot\\backend\\logs\\research_assistant_20250907_115551.log')}
2025-09-07 12:02:41,794 - DEBUG - 1 change detected: {(<Change.modified: 2>, 'E:\\Next JS\\researchbot\\backend\\logs\\research_assistant_20250907_115551.log')}
2025-09-07 12:02:42,157 - DEBUG - 1 change detected: {(<Change.modified: 2>, 'E:\\Next JS\\researchbot\\backend\\logs\\research_assistant_20250907_115551.log')}
2025-09-07 12:02:42,579 - DEBUG - 1 change detected: {(<Change.modified: 2>, 'E:\\Next JS\\researchbot\\backend\\logs\\research_assistant_20250907_115551.log')}
2025-09-07 12:02:42,999 - DEBUG - 1 change detected: {(<Change.modified: 2>, 'E:\\Next JS\\researchbot\\backend\\logs\\research_assistant_20250907_115551.log')}
2025-09-07 12:02:43,362 - DEBUG - 1 change detected: {(<Change.modified: 2>, 'E:\\Next JS\\researchbot\\backend\\logs\\research_assistant_20250907_115551.log')}
2025-09-07 12:02:43,775 - DEBUG - 1 change detected: {(<Change.modified: 2>, 'E:\\Next JS\\researchbot\\backend\\logs\\research_assistant_20250907_115551.log')}
2025-09-07 12:02:44,191 - DEBUG - 1 change detected: {(<Change.modified: 2>, 'E:\\Next JS\\researchbot\\backend\\logs\\research_assistant_20250907_115551.log')}
2025-09-07 12:02:44,597 - DEBUG - 1 change detected: {(<Change.modified: 2>, 'E:\\Next JS\\researchbot\\backend\\logs\\research_assistant_20250907_115551.log')}
2025-09-07 12:02:45,009 - DEBUG - 1 change detected: {(<Change.modified: 2>, 'E:\\Next JS\\researchbot\\backend\\logs\\research_assistant_20250907_115551.log')}
2025-09-07 12:02:45,418 - DEBUG - 1 change detected: {(<Change.modified: 2>, 'E:\\Next JS\\researchbot\\backend\\logs\\research_assistant_20250907_115551.log')}
2025-09-07 12:02:45,786 - DEBUG - 1 change detected: {(<Change.modified: 2>, 'E:\\Next JS\\researchbot\\backend\\logs\\research_assistant_20250907_115551.log')}
2025-09-07 12:02:46,202 - DEBUG - 1 change detected: {(<Change.modified: 2>, 'E:\\Next JS\\researchbot\\backend\\logs\\research_assistant_20250907_115551.log')}
2025-09-07 12:02:46,575 - DEBUG - 1 change detected: {(<Change.modified: 2>, 'E:\\Next JS\\researchbot\\backend\\logs\\research_assistant_20250907_115551.log')}
2025-09-07 12:02:46,994 - DEBUG - 1 change detected: {(<Change.modified: 2>, 'E:\\Next JS\\researchbot\\backend\\logs\\research_assistant_20250907_115551.log')}
2025-09-07 12:02:47,371 - DEBUG - 1 change detected: {(<Change.modified: 2>, 'E:\\Next JS\\researchbot\\backend\\logs\\research_assistant_20250907_115551.log')}
2025-09-07 12:02:47,793 - DEBUG - 1 change detected: {(<Change.modified: 2>, 'E:\\Next JS\\researchbot\\backend\\logs\\research_assistant_20250907_115551.log')}
2025-09-07 12:02:48,155 - DEBUG - 1 change detected: {(<Change.modified: 2>, 'E:\\Next JS\\researchbot\\backend\\logs\\research_assistant_20250907_115551.log')}
2025-09-07 12:02:48,579 - DEBUG - 1 change detected: {(<Change.modified: 2>, 'E:\\Next JS\\researchbot\\backend\\logs\\research_assistant_20250907_115551.log')}
2025-09-07 12:02:48,971 - DEBUG - 1 change detected: {(<Change.modified: 2>, 'E:\\Next JS\\researchbot\\backend\\logs\\research_assistant_20250907_115551.log')}
2025-09-07 12:02:49,406 - DEBUG - 1 change detected: {(<Change.modified: 2>, 'E:\\Next JS\\researchbot\\backend\\logs\\research_assistant_20250907_115551.log')}
2025-09-07 12:02:49,760 - DEBUG - 1 change detected: {(<Change.modified: 2>, 'E:\\Next JS\\researchbot\\backend\\logs\\research_assistant_20250907_115551.log')}
2025-09-07 12:02:50,179 - DEBUG - 1 change detected: {(<Change.modified: 2>, 'E:\\Next JS\\researchbot\\backend\\logs\\research_assistant_20250907_115551.log')}
2025-09-07 12:02:50,606 - DEBUG - 1 change detected: {(<Change.modified: 2>, 'E:\\Next JS\\researchbot\\backend\\logs\\research_assistant_20250907_115551.log')}
2025-09-07 12:02:50,958 - DEBUG - 1 change detected: {(<Change.modified: 2>, 'E:\\Next JS\\researchbot\\backend\\logs\\research_assistant_20250907_115551.log')}
2025-09-07 12:02:51,381 - DEBUG - 1 change detected: {(<Change.modified: 2>, 'E:\\Next JS\\researchbot\\backend\\logs\\research_assistant_20250907_115551.log')}
2025-09-07 12:02:51,806 - DEBUG - 1 change detected: {(<Change.modified: 2>, 'E:\\Next JS\\researchbot\\backend\\logs\\research_assistant_20250907_115551.log')}
2025-09-07 12:02:52,167 - DEBUG - 1 change detected: {(<Change.modified: 2>, 'E:\\Next JS\\researchbot\\backend\\logs\\research_assistant_20250907_115551.log')}
2025-09-07 12:02:52,581 - DEBUG - 1 change detected: {(<Change.modified: 2>, 'E:\\Next JS\\researchbot\\backend\\logs\\research_assistant_20250907_115551.log')}
2025-09-07 12:02:52,997 - DEBUG - 1 change detected: {(<Change.modified: 2>, 'E:\\Next JS\\researchbot\\backend\\logs\\research_assistant_20250907_115551.log')}
2025-09-07 12:02:53,418 - DEBUG - 1 change detected: {(<Change.modified: 2>, 'E:\\Next JS\\researchbot\\backend\\logs\\research_assistant_20250907_115551.log')}
2025-09-07 12:02:53,785 - DEBUG - 1 change detected: {(<Change.modified: 2>, 'E:\\Next JS\\researchbot\\backend\\logs\\research_assistant_20250907_115551.log')}
2025-09-07 12:02:54,203 - DEBUG - 1 change detected: {(<Change.modified: 2>, 'E:\\Next JS\\researchbot\\backend\\logs\\research_assistant_20250907_115551.log')}
2025-09-07 12:02:54,616 - DEBUG - 1 change detected: {(<Change.modified: 2>, 'E:\\Next JS\\researchbot\\backend\\logs\\research_assistant_20250907_115551.log')}
2025-09-07 12:02:54,983 - DEBUG - 1 change detected: {(<Change.modified: 2>, 'E:\\Next JS\\researchbot\\backend\\logs\\research_assistant_20250907_115551.log')}
2025-09-07 12:02:55,407 - DEBUG - 1 change detected: {(<Change.modified: 2>, 'E:\\Next JS\\researchbot\\backend\\logs\\research_assistant_20250907_115551.log')}
2025-09-07 12:02:55,824 - DEBUG - 1 change detected: {(<Change.modified: 2>, 'E:\\Next JS\\researchbot\\backend\\logs\\research_assistant_20250907_115551.log')}
2025-09-07 12:02:56,192 - DEBUG - 1 change detected: {(<Change.modified: 2>, 'E:\\Next JS\\researchbot\\backend\\logs\\research_assistant_20250907_115551.log')}
2025-09-07 12:02:56,609 - DEBUG - 1 change detected: {(<Change.modified: 2>, 'E:\\Next JS\\researchbot\\backend\\logs\\research_assistant_20250907_115551.log')}
2025-09-07 12:02:57,028 - DEBUG - 1 change detected: {(<Change.modified: 2>, 'E:\\Next JS\\researchbot\\backend\\logs\\research_assistant_20250907_115551.log')}
2025-09-07 12:02:57,393 - DEBUG - 1 change detected: {(<Change.modified: 2>, 'E:\\Next JS\\researchbot\\backend\\logs\\research_assistant_20250907_115551.log')}
2025-09-07 12:02:57,809 - DEBUG - 1 change detected: {(<Change.modified: 2>, 'E:\\Next JS\\researchbot\\backend\\logs\\research_assistant_20250907_115551.log')}
2025-09-07 12:02:58,235 - DEBUG - 1 change detected: {(<Change.modified: 2>, 'E:\\Next JS\\researchbot\\backend\\logs\\research_assistant_20250907_115551.log')}
2025-09-07 12:02:58,595 - DEBUG - 1 change detected: {(<Change.modified: 2>, 'E:\\Next JS\\researchbot\\backend\\logs\\research_assistant_20250907_115551.log')}
2025-09-07 12:02:59,008 - DEBUG - 1 change detected: {(<Change.modified: 2>, 'E:\\Next JS\\researchbot\\backend\\logs\\research_assistant_20250907_115551.log')}
2025-09-07 12:02:59,439 - DEBUG - 1 change detected: {(<Change.modified: 2>, 'E:\\Next JS\\researchbot\\backend\\logs\\research_assistant_20250907_115551.log')}
2025-09-07 12:02:59,856 - DEBUG - 1 change detected: {(<Change.modified: 2>, 'E:\\Next JS\\researchbot\\backend\\logs\\research_assistant_20250907_115551.log')}
2025-09-07 12:03:00,271 - DEBUG - 1 change detected: {(<Change.modified: 2>, 'E:\\Next JS\\researchbot\\backend\\logs\\research_assistant_20250907_115551.log')}
2025-09-07 12:03:00,642 - DEBUG - 1 change detected: {(<Change.modified: 2>, 'E:\\Next JS\\researchbot\\backend\\logs\\research_assistant_20250907_115551.log')}
2025-09-07 12:03:01,060 - DEBUG - 1 change detected: {(<Change.modified: 2>, 'E:\\Next JS\\researchbot\\backend\\logs\\research_assistant_20250907_115551.log')}
2025-09-07 12:03:01,481 - DEBUG - 1 change detected: {(<Change.modified: 2>, 'E:\\Next JS\\researchbot\\backend\\logs\\research_assistant_20250907_115551.log')}
2025-09-07 12:03:01,861 - DEBUG - 1 change detected: {(<Change.modified: 2>, 'E:\\Next JS\\researchbot\\backend\\logs\\research_assistant_20250907_115551.log')}
2025-09-07 12:03:02,290 - DEBUG - 1 change detected: {(<Change.modified: 2>, 'E:\\Next JS\\researchbot\\backend\\logs\\research_assistant_20250907_115551.log')}
2025-09-07 12:03:02,722 - DEBUG - 1 change detected: {(<Change.modified: 2>, 'E:\\Next JS\\researchbot\\backend\\logs\\research_assistant_20250907_115551.log')}
2025-09-07 12:03:03,085 - DEBUG - 1 change detected: {(<Change.modified: 2>, 'E:\\Next JS\\researchbot\\backend\\logs\\research_assistant_20250907_115551.log')}
2025-09-07 12:03:03,501 - DEBUG - 1 change detected: {(<Change.modified: 2>, 'E:\\Next JS\\researchbot\\backend\\logs\\research_assistant_20250907_115551.log')}
2025-09-07 12:03:03,863 - DEBUG - 1 change detected: {(<Change.modified: 2>, 'E:\\Next JS\\researchbot\\backend\\logs\\research_assistant_20250907_115551.log')}
2025-09-07 12:03:04,278 - DEBUG - 1 change detected: {(<Change.modified: 2>, 'E:\\Next JS\\researchbot\\backend\\logs\\research_assistant_20250907_115551.log')}
2025-09-07 12:03:04,687 - DEBUG - 1 change detected: {(<Change.modified: 2>, 'E:\\Next JS\\researchbot\\backend\\logs\\research_assistant_20250907_115551.log')}
2025-09-07 12:03:05,098 - DEBUG - 1 change detected: {(<Change.modified: 2>, 'E:\\Next JS\\researchbot\\backend\\logs\\research_assistant_20250907_115551.log')}
2025-09-07 12:03:05,472 - DEBUG - 1 change detected: {(<Change.modified: 2>, 'E:\\Next JS\\researchbot\\backend\\logs\\research_assistant_20250907_115551.log')}
2025-09-07 12:03:05,885 - DEBUG - 1 change detected: {(<Change.modified: 2>, 'E:\\Next JS\\researchbot\\backend\\logs\\research_assistant_20250907_115551.log')}
2025-09-07 12:03:06,290 - DEBUG - 1 change detected: {(<Change.modified: 2>, 'E:\\Next JS\\researchbot\\backend\\logs\\research_assistant_20250907_115551.log')}
2025-09-07 12:03:06,697 - DEBUG - 1 change detected: {(<Change.modified: 2>, 'E:\\Next JS\\researchbot\\backend\\logs\\research_assistant_20250907_115551.log')}
2025-09-07 12:03:07,117 - DEBUG - 1 change detected: {(<Change.modified: 2>, 'E:\\Next JS\\researchbot\\backend\\logs\\research_assistant_20250907_115551.log')}
2025-09-07 12:03:07,564 - DEBUG - 1 change detected: {(<Change.modified: 2>, 'E:\\Next JS\\researchbot\\backend\\logs\\research_assistant_20250907_115551.log')}
2025-09-07 12:03:07,974 - DEBUG - 1 change detected: {(<Change.modified: 2>, 'E:\\Next JS\\researchbot\\backend\\logs\\research_assistant_20250907_115551.log')}
2025-09-07 12:03:08,396 - DEBUG - 1 change detected: {(<Change.modified: 2>, 'E:\\Next JS\\researchbot\\backend\\logs\\research_assistant_20250907_115551.log')}
2025-09-07 12:03:08,810 - DEBUG - 1 change detected: {(<Change.modified: 2>, 'E:\\Next JS\\researchbot\\backend\\logs\\research_assistant_20250907_115551.log')}
2025-09-07 12:03:09,176 - DEBUG - 1 change detected: {(<Change.modified: 2>, 'E:\\Next JS\\researchbot\\backend\\logs\\research_assistant_20250907_115551.log')}
2025-09-07 12:03:09,584 - DEBUG - 1 change detected: {(<Change.modified: 2>, 'E:\\Next JS\\researchbot\\backend\\logs\\research_assistant_20250907_115551.log')}
2025-09-07 12:03:09,997 - DEBUG - 1 change detected: {(<Change.modified: 2>, 'E:\\Next JS\\researchbot\\backend\\logs\\research_assistant_20250907_115551.log')}
2025-09-07 12:03:10,408 - DEBUG - 1 change detected: {(<Change.modified: 2>, 'E:\\Next JS\\researchbot\\backend\\logs\\research_assistant_20250907_115551.log')}
2025-09-07 12:03:10,819 - DEBUG - 1 change detected: {(<Change.modified: 2>, 'E:\\Next JS\\researchbot\\backend\\logs\\research_assistant_20250907_115551.log')}
2025-09-07 12:03:11,222 - DEBUG - 1 change detected: {(<Change.modified: 2>, 'E:\\Next JS\\researchbot\\backend\\logs\\research_assistant_20250907_115551.log')}
2025-09-07 12:03:11,640 - DEBUG - 1 change detected: {(<Change.modified: 2>, 'E:\\Next JS\\researchbot\\backend\\logs\\research_assistant_20250907_115551.log')}
2025-09-07 12:03:12,051 - DEBUG - 1 change detected: {(<Change.modified: 2>, 'E:\\Next JS\\researchbot\\backend\\logs\\research_assistant_20250907_115551.log')}
2025-09-07 12:03:12,456 - DEBUG - 1 change detected: {(<Change.modified: 2>, 'E:\\Next JS\\researchbot\\backend\\logs\\research_assistant_20250907_115551.log')}
2025-09-07 12:03:12,873 - DEBUG - 1 change detected: {(<Change.modified: 2>, 'E:\\Next JS\\researchbot\\backend\\logs\\research_assistant_20250907_115551.log')}
2025-09-07 12:03:13,235 - DEBUG - 1 change detected: {(<Change.modified: 2>, 'E:\\Next JS\\researchbot\\backend\\logs\\research_assistant_20250907_115551.log')}
2025-09-07 12:03:13,669 - DEBUG - 1 change detected: {(<Change.modified: 2>, 'E:\\Next JS\\researchbot\\backend\\logs\\research_assistant_20250907_115551.log')}
2025-09-07 12:03:14,082 - DEBUG - 1 change detected: {(<Change.modified: 2>, 'E:\\Next JS\\researchbot\\backend\\logs\\research_assistant_20250907_115551.log')}
2025-09-07 12:03:14,493 - DEBUG - 1 change detected: {(<Change.modified: 2>, 'E:\\Next JS\\researchbot\\backend\\logs\\research_assistant_20250907_115551.log')}
2025-09-07 12:03:14,904 - DEBUG - 1 change detected: {(<Change.modified: 2>, 'E:\\Next JS\\researchbot\\backend\\logs\\research_assistant_20250907_115551.log')}
2025-09-07 12:03:15,312 - DEBUG - 1 change detected: {(<Change.modified: 2>, 'E:\\Next JS\\researchbot\\backend\\logs\\research_assistant_20250907_115551.log')}
2025-09-07 12:03:15,679 - DEBUG - 1 change detected: {(<Change.modified: 2>, 'E:\\Next JS\\researchbot\\backend\\logs\\research_assistant_20250907_115551.log')}
2025-09-07 12:03:16,096 - DEBUG - 1 change detected: {(<Change.modified: 2>, 'E:\\Next JS\\researchbot\\backend\\logs\\research_assistant_20250907_115551.log')}
2025-09-07 12:03:16,516 - DEBUG - 1 change detected: {(<Change.modified: 2>, 'E:\\Next JS\\researchbot\\backend\\logs\\research_assistant_20250907_115551.log')}
2025-09-07 12:03:16,935 - DEBUG - 1 change detected: {(<Change.modified: 2>, 'E:\\Next JS\\researchbot\\backend\\logs\\research_assistant_20250907_115551.log')}
2025-09-07 12:03:17,298 - DEBUG - 1 change detected: {(<Change.modified: 2>, 'E:\\Next JS\\researchbot\\backend\\logs\\research_assistant_20250907_115551.log')}
2025-09-07 12:03:17,744 - DEBUG - 1 change detected: {(<Change.modified: 2>, 'E:\\Next JS\\researchbot\\backend\\logs\\research_assistant_20250907_115551.log')}
2025-09-07 12:03:18,127 - DEBUG - 1 change detected: {(<Change.modified: 2>, 'E:\\Next JS\\researchbot\\backend\\logs\\research_assistant_20250907_115551.log')}
2025-09-07 12:03:18,538 - DEBUG - 1 change detected: {(<Change.modified: 2>, 'E:\\Next JS\\researchbot\\backend\\logs\\research_assistant_20250907_115551.log')}
2025-09-07 12:03:18,898 - DEBUG - 1 change detected: {(<Change.modified: 2>, 'E:\\Next JS\\researchbot\\backend\\logs\\research_assistant_20250907_115551.log')}
2025-09-07 12:03:19,324 - DEBUG - 1 change detected: {(<Change.modified: 2>, 'E:\\Next JS\\researchbot\\backend\\logs\\research_assistant_20250907_115551.log')}
2025-09-07 12:03:19,737 - DEBUG - 1 change detected: {(<Change.modified: 2>, 'E:\\Next JS\\researchbot\\backend\\logs\\research_assistant_20250907_115551.log')}
2025-09-07 12:03:20,142 - DEBUG - 1 change detected: {(<Change.modified: 2>, 'E:\\Next JS\\researchbot\\backend\\logs\\research_assistant_20250907_115551.log')}
2025-09-07 12:03:20,558 - DEBUG - 1 change detected: {(<Change.modified: 2>, 'E:\\Next JS\\researchbot\\backend\\logs\\research_assistant_20250907_115551.log')}
2025-09-07 12:03:20,971 - DEBUG - 1 change detected: {(<Change.modified: 2>, 'E:\\Next JS\\researchbot\\backend\\logs\\research_assistant_20250907_115551.log')}
2025-09-07 12:03:21,339 - DEBUG - 1 change detected: {(<Change.modified: 2>, 'E:\\Next JS\\researchbot\\backend\\logs\\research_assistant_20250907_115551.log')}
2025-09-07 12:03:21,828 - DEBUG - 1 change detected: {(<Change.modified: 2>, 'E:\\Next JS\\researchbot\\backend\\logs\\research_assistant_20250907_115551.log')}
2025-09-07 12:03:22,245 - DEBUG - 1 change detected: {(<Change.modified: 2>, 'E:\\Next JS\\researchbot\\backend\\logs\\research_assistant_20250907_115551.log')}
2025-09-07 12:03:22,611 - DEBUG - 1 change detected: {(<Change.modified: 2>, 'E:\\Next JS\\researchbot\\backend\\logs\\research_assistant_20250907_115551.log')}
2025-09-07 12:03:23,034 - DEBUG - 1 change detected: {(<Change.modified: 2>, 'E:\\Next JS\\researchbot\\backend\\logs\\research_assistant_20250907_115551.log')}
2025-09-07 12:03:23,455 - DEBUG - 1 change detected: {(<Change.modified: 2>, 'E:\\Next JS\\researchbot\\backend\\logs\\research_assistant_20250907_115551.log')}
2025-09-07 12:03:23,819 - DEBUG - 1 change detected: {(<Change.modified: 2>, 'E:\\Next JS\\researchbot\\backend\\logs\\research_assistant_20250907_115551.log')}
2025-09-07 12:03:24,234 - DEBUG - 1 change detected: {(<Change.modified: 2>, 'E:\\Next JS\\researchbot\\backend\\logs\\research_assistant_20250907_115551.log')}
2025-09-07 12:03:24,657 - DEBUG - 1 change detected: {(<Change.modified: 2>, 'E:\\Next JS\\researchbot\\backend\\logs\\research_assistant_20250907_115551.log')}
2025-09-07 12:03:25,083 - DEBUG - 1 change detected: {(<Change.modified: 2>, 'E:\\Next JS\\researchbot\\backend\\logs\\research_assistant_20250907_115551.log')}
2025-09-07 12:03:25,441 - DEBUG - 1 change detected: {(<Change.modified: 2>, 'E:\\Next JS\\researchbot\\backend\\logs\\research_assistant_20250907_115551.log')}
2025-09-07 12:03:25,860 - DEBUG - 1 change detected: {(<Change.modified: 2>, 'E:\\Next JS\\researchbot\\backend\\logs\\research_assistant_20250907_115551.log')}
2025-09-07 12:03:26,281 - DEBUG - 1 change detected: {(<Change.modified: 2>, 'E:\\Next JS\\researchbot\\backend\\logs\\research_assistant_20250907_115551.log')}
2025-09-07 12:03:26,688 - DEBUG - 1 change detected: {(<Change.modified: 2>, 'E:\\Next JS\\researchbot\\backend\\logs\\research_assistant_20250907_115551.log')}
2025-09-07 12:03:27,126 - DEBUG - 1 change detected: {(<Change.modified: 2>, 'E:\\Next JS\\researchbot\\backend\\logs\\research_assistant_20250907_115551.log')}
2025-09-07 12:03:27,502 - DEBUG - 1 change detected: {(<Change.modified: 2>, 'E:\\Next JS\\researchbot\\backend\\logs\\research_assistant_20250907_115551.log')}
2025-09-07 12:03:27,921 - DEBUG - 1 change detected: {(<Change.modified: 2>, 'E:\\Next JS\\researchbot\\backend\\logs\\research_assistant_20250907_115551.log')}
2025-09-07 12:03:28,295 - DEBUG - 1 change detected: {(<Change.modified: 2>, 'E:\\Next JS\\researchbot\\backend\\logs\\research_assistant_20250907_115551.log')}
2025-09-07 12:03:28,727 - DEBUG - 1 change detected: {(<Change.modified: 2>, 'E:\\Next JS\\researchbot\\backend\\logs\\research_assistant_20250907_115551.log')}
2025-09-07 12:03:29,133 - DEBUG - 1 change detected: {(<Change.modified: 2>, 'E:\\Next JS\\researchbot\\backend\\logs\\research_assistant_20250907_115551.log')}
2025-09-07 12:03:29,540 - DEBUG - 1 change detected: {(<Change.modified: 2>, 'E:\\Next JS\\researchbot\\backend\\logs\\research_assistant_20250907_115551.log')}
2025-09-07 12:03:29,920 - DEBUG - 1 change detected: {(<Change.modified: 2>, 'E:\\Next JS\\researchbot\\backend\\logs\\research_assistant_20250907_115551.log')}
2025-09-07 12:03:30,334 - DEBUG - 1 change detected: {(<Change.modified: 2>, 'E:\\Next JS\\researchbot\\backend\\logs\\research_assistant_20250907_115551.log')}
2025-09-07 12:03:30,727 - DEBUG - 1 change detected: {(<Change.modified: 2>, 'E:\\Next JS\\researchbot\\backend\\logs\\research_assistant_20250907_115551.log')}
2025-09-07 12:03:31,155 - DEBUG - 1 change detected: {(<Change.modified: 2>, 'E:\\Next JS\\researchbot\\backend\\logs\\research_assistant_20250907_115551.log')}
2025-09-07 12:03:31,575 - DEBUG - 1 change detected: {(<Change.modified: 2>, 'E:\\Next JS\\researchbot\\backend\\logs\\research_assistant_20250907_115551.log')}
2025-09-07 12:03:31,931 - DEBUG - 1 change detected: {(<Change.modified: 2>, 'E:\\Next JS\\researchbot\\backend\\logs\\research_assistant_20250907_115551.log')}
2025-09-07 12:03:32,345 - DEBUG - 1 change detected: {(<Change.modified: 2>, 'E:\\Next JS\\researchbot\\backend\\logs\\research_assistant_20250907_115551.log')}
2025-09-07 12:03:32,802 - DEBUG - 1 change detected: {(<Change.modified: 2>, 'E:\\Next JS\\researchbot\\backend\\logs\\research_assistant_20250907_115551.log')}
2025-09-07 12:03:33,218 - DEBUG - 1 change detected: {(<Change.modified: 2>, 'E:\\Next JS\\researchbot\\backend\\logs\\research_assistant_20250907_115551.log')}
2025-09-07 12:03:33,584 - DEBUG - 1 change detected: {(<Change.modified: 2>, 'E:\\Next JS\\researchbot\\backend\\logs\\research_assistant_20250907_115551.log')}
2025-09-07 12:03:34,000 - DEBUG - 1 change detected: {(<Change.modified: 2>, 'E:\\Next JS\\researchbot\\backend\\logs\\research_assistant_20250907_115551.log')}
2025-09-07 12:03:34,420 - DEBUG - 1 change detected: {(<Change.modified: 2>, 'E:\\Next JS\\researchbot\\backend\\logs\\research_assistant_20250907_115551.log')}
2025-09-07 12:03:34,784 - DEBUG - 1 change detected: {(<Change.modified: 2>, 'E:\\Next JS\\researchbot\\backend\\logs\\research_assistant_20250907_115551.log')}
2025-09-07 12:03:35,211 - DEBUG - 1 change detected: {(<Change.modified: 2>, 'E:\\Next JS\\researchbot\\backend\\logs\\research_assistant_20250907_115551.log')}
2025-09-07 12:03:35,562 - DEBUG - 1 change detected: {(<Change.modified: 2>, 'E:\\Next JS\\researchbot\\backend\\logs\\research_assistant_20250907_115551.log')}
2025-09-07 12:03:35,987 - DEBUG - 1 change detected: {(<Change.modified: 2>, 'E:\\Next JS\\researchbot\\backend\\logs\\research_assistant_20250907_115551.log')}
2025-09-07 12:03:36,347 - DEBUG - 1 change detected: {(<Change.modified: 2>, 'E:\\Next JS\\researchbot\\backend\\logs\\research_assistant_20250907_115551.log')}
2025-09-07 12:03:36,769 - DEBUG - 1 change detected: {(<Change.modified: 2>, 'E:\\Next JS\\researchbot\\backend\\logs\\research_assistant_20250907_115551.log')}
2025-09-07 12:03:37,198 - DEBUG - 1 change detected: {(<Change.modified: 2>, 'E:\\Next JS\\researchbot\\backend\\logs\\research_assistant_20250907_115551.log')}
2025-09-07 12:03:37,555 - DEBUG - 1 change detected: {(<Change.modified: 2>, 'E:\\Next JS\\researchbot\\backend\\logs\\research_assistant_20250907_115551.log')}
2025-09-07 12:03:38,023 - DEBUG - 1 change detected: {(<Change.modified: 2>, 'E:\\Next JS\\researchbot\\backend\\logs\\research_assistant_20250907_115551.log')}
2025-09-07 12:03:38,523 - DEBUG - 1 change detected: {(<Change.modified: 2>, 'E:\\Next JS\\researchbot\\backend\\logs\\research_assistant_20250907_115551.log')}
2025-09-07 12:03:38,941 - DEBUG - 1 change detected: {(<Change.modified: 2>, 'E:\\Next JS\\researchbot\\backend\\logs\\research_assistant_20250907_115551.log')}
2025-09-07 12:03:39,311 - DEBUG - 1 change detected: {(<Change.modified: 2>, 'E:\\Next JS\\researchbot\\backend\\logs\\research_assistant_20250907_115551.log')}
2025-09-07 12:03:39,731 - DEBUG - 1 change detected: {(<Change.modified: 2>, 'E:\\Next JS\\researchbot\\backend\\logs\\research_assistant_20250907_115551.log')}
2025-09-07 12:03:40,139 - DEBUG - 1 change detected: {(<Change.modified: 2>, 'E:\\Next JS\\researchbot\\backend\\logs\\research_assistant_20250907_115551.log')}
2025-09-07 12:03:40,491 - DEBUG - 1 change detected: {(<Change.modified: 2>, 'E:\\Next JS\\researchbot\\backend\\logs\\research_assistant_20250907_115551.log')}
2025-09-07 12:03:40,909 - DEBUG - 1 change detected: {(<Change.modified: 2>, 'E:\\Next JS\\researchbot\\backend\\logs\\research_assistant_20250907_115551.log')}
2025-09-07 12:03:41,339 - DEBUG - 1 change detected: {(<Change.modified: 2>, 'E:\\Next JS\\researchbot\\backend\\logs\\research_assistant_20250907_115551.log')}
2025-09-07 12:03:41,765 - DEBUG - 1 change detected: {(<Change.modified: 2>, 'E:\\Next JS\\researchbot\\backend\\logs\\research_assistant_20250907_115551.log')}
2025-09-07 12:03:42,135 - DEBUG - 1 change detected: {(<Change.modified: 2>, 'E:\\Next JS\\researchbot\\backend\\logs\\research_assistant_20250907_115551.log')}
2025-09-07 12:03:42,548 - DEBUG - 1 change detected: {(<Change.modified: 2>, 'E:\\Next JS\\researchbot\\backend\\logs\\research_assistant_20250907_115551.log')}
2025-09-07 12:03:42,966 - DEBUG - 1 change detected: {(<Change.modified: 2>, 'E:\\Next JS\\researchbot\\backend\\logs\\research_assistant_20250907_115551.log')}
2025-09-07 12:03:43,382 - DEBUG - 1 change detected: {(<Change.modified: 2>, 'E:\\Next JS\\researchbot\\backend\\logs\\research_assistant_20250907_115551.log')}
2025-09-07 12:03:43,799 - DEBUG - 1 change detected: {(<Change.modified: 2>, 'E:\\Next JS\\researchbot\\backend\\logs\\research_assistant_20250907_115551.log')}
2025-09-07 12:03:44,158 - DEBUG - 1 change detected: {(<Change.modified: 2>, 'E:\\Next JS\\researchbot\\backend\\logs\\research_assistant_20250907_115551.log')}
2025-09-07 12:03:44,566 - DEBUG - 1 change detected: {(<Change.modified: 2>, 'E:\\Next JS\\researchbot\\backend\\logs\\research_assistant_20250907_115551.log')}
2025-09-07 12:03:44,981 - DEBUG - 1 change detected: {(<Change.modified: 2>, 'E:\\Next JS\\researchbot\\backend\\logs\\research_assistant_20250907_115551.log')}
2025-09-07 12:03:45,390 - DEBUG - 1 change detected: {(<Change.modified: 2>, 'E:\\Next JS\\researchbot\\backend\\logs\\research_assistant_20250907_115551.log')}
2025-09-07 12:03:45,773 - DEBUG - 1 change detected: {(<Change.modified: 2>, 'E:\\Next JS\\researchbot\\backend\\logs\\research_assistant_20250907_115551.log')}
2025-09-07 12:03:46,192 - DEBUG - 1 change detected: {(<Change.modified: 2>, 'E:\\Next JS\\researchbot\\backend\\logs\\research_assistant_20250907_115551.log')}
2025-09-07 12:03:46,609 - DEBUG - 1 change detected: {(<Change.modified: 2>, 'E:\\Next JS\\researchbot\\backend\\logs\\research_assistant_20250907_115551.log')}
2025-09-07 12:03:46,984 - DEBUG - 1 change detected: {(<Change.modified: 2>, 'E:\\Next JS\\researchbot\\backend\\logs\\research_assistant_20250907_115551.log')}
2025-09-07 12:03:47,398 - DEBUG - 1 change detected: {(<Change.modified: 2>, 'E:\\Next JS\\researchbot\\backend\\logs\\research_assistant_20250907_115551.log')}
2025-09-07 12:03:47,808 - DEBUG - 1 change detected: {(<Change.modified: 2>, 'E:\\Next JS\\researchbot\\backend\\logs\\research_assistant_20250907_115551.log')}
2025-09-07 12:03:48,221 - DEBUG - 1 change detected: {(<Change.modified: 2>, 'E:\\Next JS\\researchbot\\backend\\logs\\research_assistant_20250907_115551.log')}
2025-09-07 12:03:48,583 - DEBUG - 1 change detected: {(<Change.modified: 2>, 'E:\\Next JS\\researchbot\\backend\\logs\\research_assistant_20250907_115551.log')}
2025-09-07 12:03:49,037 - DEBUG - 1 change detected: {(<Change.modified: 2>, 'E:\\Next JS\\researchbot\\backend\\logs\\research_assistant_20250907_115551.log')}
2025-09-07 12:03:49,469 - DEBUG - 1 change detected: {(<Change.modified: 2>, 'E:\\Next JS\\researchbot\\backend\\logs\\research_assistant_20250907_115551.log')}
2025-09-07 12:03:49,892 - DEBUG - 1 change detected: {(<Change.modified: 2>, 'E:\\Next JS\\researchbot\\backend\\logs\\research_assistant_20250907_115551.log')}
2025-09-07 12:03:50,259 - DEBUG - 1 change detected: {(<Change.modified: 2>, 'E:\\Next JS\\researchbot\\backend\\logs\\research_assistant_20250907_115551.log')}
2025-09-07 12:03:50,667 - DEBUG - 1 change detected: {(<Change.modified: 2>, 'E:\\Next JS\\researchbot\\backend\\logs\\research_assistant_20250907_115551.log')}
2025-09-07 12:03:51,090 - DEBUG - 1 change detected: {(<Change.modified: 2>, 'E:\\Next JS\\researchbot\\backend\\logs\\research_assistant_20250907_115551.log')}
2025-09-07 12:03:51,518 - DEBUG - 1 change detected: {(<Change.modified: 2>, 'E:\\Next JS\\researchbot\\backend\\logs\\research_assistant_20250907_115551.log')}
2025-09-07 12:03:51,886 - DEBUG - 1 change detected: {(<Change.modified: 2>, 'E:\\Next JS\\researchbot\\backend\\logs\\research_assistant_20250907_115551.log')}
2025-09-07 12:03:52,298 - DEBUG - 1 change detected: {(<Change.modified: 2>, 'E:\\Next JS\\researchbot\\backend\\logs\\research_assistant_20250907_115551.log')}
2025-09-07 12:03:52,720 - DEBUG - 1 change detected: {(<Change.modified: 2>, 'E:\\Next JS\\researchbot\\backend\\logs\\research_assistant_20250907_115551.log')}
2025-09-07 12:03:53,090 - DEBUG - 1 change detected: {(<Change.modified: 2>, 'E:\\Next JS\\researchbot\\backend\\logs\\research_assistant_20250907_115551.log')}
2025-09-07 12:03:53,498 - DEBUG - 1 change detected: {(<Change.modified: 2>, 'E:\\Next JS\\researchbot\\backend\\logs\\research_assistant_20250907_115551.log')}
2025-09-07 12:03:53,915 - DEBUG - 1 change detected: {(<Change.modified: 2>, 'E:\\Next JS\\researchbot\\backend\\logs\\research_assistant_20250907_115551.log')}
2025-09-07 12:03:54,329 - DEBUG - 1 change detected: {(<Change.modified: 2>, 'E:\\Next JS\\researchbot\\backend\\logs\\research_assistant_20250907_115551.log')}
2025-09-07 12:03:54,689 - DEBUG - 1 change detected: {(<Change.modified: 2>, 'E:\\Next JS\\researchbot\\backend\\logs\\research_assistant_20250907_115551.log')}
2025-09-07 12:03:55,101 - DEBUG - 1 change detected: {(<Change.modified: 2>, 'E:\\Next JS\\researchbot\\backend\\logs\\research_assistant_20250907_115551.log')}
2025-09-07 12:03:55,520 - DEBUG - 1 change detected: {(<Change.modified: 2>, 'E:\\Next JS\\researchbot\\backend\\logs\\research_assistant_20250907_115551.log')}
2025-09-07 12:03:55,893 - DEBUG - 1 change detected: {(<Change.modified: 2>, 'E:\\Next JS\\researchbot\\backend\\logs\\research_assistant_20250907_115551.log')}
2025-09-07 12:03:56,304 - DEBUG - 1 change detected: {(<Change.modified: 2>, 'E:\\Next JS\\researchbot\\backend\\logs\\research_assistant_20250907_115551.log')}
2025-09-07 12:03:56,725 - DEBUG - 1 change detected: {(<Change.modified: 2>, 'E:\\Next JS\\researchbot\\backend\\logs\\research_assistant_20250907_115551.log')}
2025-09-07 12:03:57,094 - DEBUG - 1 change detected: {(<Change.modified: 2>, 'E:\\Next JS\\researchbot\\backend\\logs\\research_assistant_20250907_115551.log')}
2025-09-07 12:03:57,524 - DEBUG - 1 change detected: {(<Change.modified: 2>, 'E:\\Next JS\\researchbot\\backend\\logs\\research_assistant_20250907_115551.log')}
2025-09-07 12:03:58,003 - DEBUG - 1 change detected: {(<Change.modified: 2>, 'E:\\Next JS\\researchbot\\backend\\logs\\research_assistant_20250907_115551.log')}
2025-09-07 12:03:58,413 - DEBUG - 1 change detected: {(<Change.modified: 2>, 'E:\\Next JS\\researchbot\\backend\\logs\\research_assistant_20250907_115551.log')}
2025-09-07 12:03:58,983 - DEBUG - 1 change detected: {(<Change.modified: 2>, 'E:\\Next JS\\researchbot\\backend\\logs\\research_assistant_20250907_115551.log')}
2025-09-07 12:03:59,765 - DEBUG - 1 change detected: {(<Change.modified: 2>, 'E:\\Next JS\\researchbot\\backend\\logs\\research_assistant_20250907_115551.log')}
2025-09-07 12:04:00,195 - DEBUG - 1 change detected: {(<Change.modified: 2>, 'E:\\Next JS\\researchbot\\backend\\logs\\research_assistant_20250907_115551.log')}
2025-09-07 12:04:00,607 - DEBUG - 1 change detected: {(<Change.modified: 2>, 'E:\\Next JS\\researchbot\\backend\\logs\\research_assistant_20250907_115551.log')}
2025-09-07 12:04:01,028 - DEBUG - 1 change detected: {(<Change.modified: 2>, 'E:\\Next JS\\researchbot\\backend\\logs\\research_assistant_20250907_115551.log')}
2025-09-07 12:04:01,435 - DEBUG - 1 change detected: {(<Change.modified: 2>, 'E:\\Next JS\\researchbot\\backend\\logs\\research_assistant_20250907_115551.log')}
2025-09-07 12:04:01,891 - DEBUG - 1 change detected: {(<Change.modified: 2>, 'E:\\Next JS\\researchbot\\backend\\logs\\research_assistant_20250907_115551.log')}
2025-09-07 12:04:02,311 - DEBUG - 1 change detected: {(<Change.modified: 2>, 'E:\\Next JS\\researchbot\\backend\\logs\\research_assistant_20250907_115551.log')}
2025-09-07 12:04:02,732 - DEBUG - 1 change detected: {(<Change.modified: 2>, 'E:\\Next JS\\researchbot\\backend\\logs\\research_assistant_20250907_115551.log')}
2025-09-07 12:04:03,108 - DEBUG - 1 change detected: {(<Change.modified: 2>, 'E:\\Next JS\\researchbot\\backend\\logs\\research_assistant_20250907_115551.log')}
2025-09-07 12:04:03,511 - DEBUG - 1 change detected: {(<Change.modified: 2>, 'E:\\Next JS\\researchbot\\backend\\logs\\research_assistant_20250907_115551.log')}
2025-09-07 12:04:03,935 - DEBUG - 1 change detected: {(<Change.modified: 2>, 'E:\\Next JS\\researchbot\\backend\\logs\\research_assistant_20250907_115551.log')}
2025-09-07 12:04:04,389 - DEBUG - 1 change detected: {(<Change.modified: 2>, 'E:\\Next JS\\researchbot\\backend\\logs\\research_assistant_20250907_115551.log')}
2025-09-07 12:04:04,801 - DEBUG - 1 change detected: {(<Change.modified: 2>, 'E:\\Next JS\\researchbot\\backend\\logs\\research_assistant_20250907_115551.log')}
2025-09-07 12:04:05,206 - DEBUG - 1 change detected: {(<Change.modified: 2>, 'E:\\Next JS\\researchbot\\backend\\logs\\research_assistant_20250907_115551.log')}
2025-09-07 12:04:05,619 - DEBUG - 1 change detected: {(<Change.modified: 2>, 'E:\\Next JS\\researchbot\\backend\\logs\\research_assistant_20250907_115551.log')}
2025-09-07 12:04:06,033 - DEBUG - 1 change detected: {(<Change.modified: 2>, 'E:\\Next JS\\researchbot\\backend\\logs\\research_assistant_20250907_115551.log')}
2025-09-07 12:04:06,454 - DEBUG - 1 change detected: {(<Change.modified: 2>, 'E:\\Next JS\\researchbot\\backend\\logs\\research_assistant_20250907_115551.log')}
2025-09-07 12:04:06,906 - DEBUG - 1 change detected: {(<Change.modified: 2>, 'E:\\Next JS\\researchbot\\backend\\logs\\research_assistant_20250907_115551.log')}
2025-09-07 12:04:07,415 - DEBUG - 1 change detected: {(<Change.modified: 2>, 'E:\\Next JS\\researchbot\\backend\\logs\\research_assistant_20250907_115551.log')}
2025-09-07 12:04:07,944 - DEBUG - 1 change detected: {(<Change.modified: 2>, 'E:\\Next JS\\researchbot\\backend\\logs\\research_assistant_20250907_115551.log')}
2025-09-07 12:04:08,535 - DEBUG - 1 change detected: {(<Change.modified: 2>, 'E:\\Next JS\\researchbot\\backend\\logs\\research_assistant_20250907_115551.log')}
2025-09-07 12:04:08,954 - DEBUG - 1 change detected: {(<Change.modified: 2>, 'E:\\Next JS\\researchbot\\backend\\logs\\research_assistant_20250907_115551.log')}
2025-09-07 12:04:09,369 - DEBUG - 1 change detected: {(<Change.modified: 2>, 'E:\\Next JS\\researchbot\\backend\\logs\\research_assistant_20250907_115551.log')}
2025-09-07 12:04:09,784 - DEBUG - 1 change detected: {(<Change.modified: 2>, 'E:\\Next JS\\researchbot\\backend\\logs\\research_assistant_20250907_115551.log')}
2025-09-07 12:04:10,222 - DEBUG - 1 change detected: {(<Change.modified: 2>, 'E:\\Next JS\\researchbot\\backend\\logs\\research_assistant_20250907_115551.log')}
2025-09-07 12:04:10,710 - DEBUG - 1 change detected: {(<Change.modified: 2>, 'E:\\Next JS\\researchbot\\backend\\logs\\research_assistant_20250907_115551.log')}
2025-09-07 12:04:11,237 - DEBUG - 1 change detected: {(<Change.modified: 2>, 'E:\\Next JS\\researchbot\\backend\\logs\\research_assistant_20250907_115551.log')}
2025-09-07 12:04:11,604 - DEBUG - 1 change detected: {(<Change.modified: 2>, 'E:\\Next JS\\researchbot\\backend\\logs\\research_assistant_20250907_115551.log')}
2025-09-07 12:04:12,017 - DEBUG - 1 change detected: {(<Change.modified: 2>, 'E:\\Next JS\\researchbot\\backend\\logs\\research_assistant_20250907_115551.log')}
2025-09-07 12:04:12,415 - DEBUG - 1 change detected: {(<Change.modified: 2>, 'E:\\Next JS\\researchbot\\backend\\logs\\research_assistant_20250907_115551.log')}
2025-09-07 12:04:12,902 - DEBUG - 1 change detected: {(<Change.modified: 2>, 'E:\\Next JS\\researchbot\\backend\\logs\\research_assistant_20250907_115551.log')}
2025-09-07 12:04:13,427 - DEBUG - 1 change detected: {(<Change.modified: 2>, 'E:\\Next JS\\researchbot\\backend\\logs\\research_assistant_20250907_115551.log')}
2025-09-07 12:04:14,080 - DEBUG - 1 change detected: {(<Change.modified: 2>, 'E:\\Next JS\\researchbot\\backend\\logs\\research_assistant_20250907_115551.log')}
2025-09-07 12:04:14,813 - DEBUG - 1 change detected: {(<Change.modified: 2>, 'E:\\Next JS\\researchbot\\backend\\logs\\research_assistant_20250907_115551.log')}
2025-09-07 12:04:15,614 - DEBUG - 1 change detected: {(<Change.modified: 2>, 'E:\\Next JS\\researchbot\\backend\\logs\\research_assistant_20250907_115551.log')}
2025-09-07 12:04:16,126 - DEBUG - 1 change detected: {(<Change.modified: 2>, 'E:\\Next JS\\researchbot\\backend\\logs\\research_assistant_20250907_115551.log')}
2025-09-07 12:04:16,827 - DEBUG - 1 change detected: {(<Change.modified: 2>, 'E:\\Next JS\\researchbot\\backend\\logs\\research_assistant_20250907_115551.log')}
2025-09-07 12:04:18,048 - DEBUG - 1 change detected: {(<Change.modified: 2>, 'E:\\Next JS\\researchbot\\backend\\logs\\research_assistant_20250907_115551.log')}
2025-09-07 12:04:19,361 - DEBUG - 1 change detected: {(<Change.modified: 2>, 'E:\\Next JS\\researchbot\\backend\\logs\\research_assistant_20250907_115551.log')}
2025-09-07 12:05:25,056 - DEBUG - 1 change detected: {(<Change.modified: 2>, 'E:\\Next JS\\researchbot\\backend\\logs\\research_assistant_20250907_115551.log')}
2025-09-07 12:05:25,434 - DEBUG - 1 change detected: {(<Change.modified: 2>, 'E:\\Next JS\\researchbot\\backend\\logs\\research_assistant_20250907_115551.log')}
2025-09-07 12:05:25,941 - DEBUG - 1 change detected: {(<Change.modified: 2>, 'E:\\Next JS\\researchbot\\backend\\logs\\research_assistant_20250907_115551.log')}
2025-09-07 12:05:26,356 - DEBUG - 1 change detected: {(<Change.modified: 2>, 'E:\\Next JS\\researchbot\\backend\\logs\\research_assistant_20250907_115551.log')}
2025-09-07 12:05:26,827 - DEBUG - 1 change detected: {(<Change.modified: 2>, 'E:\\Next JS\\researchbot\\backend\\logs\\research_assistant_20250907_115551.log')}
2025-09-07 12:05:27,189 - DEBUG - 1 change detected: {(<Change.modified: 2>, 'E:\\Next JS\\researchbot\\backend\\logs\\research_assistant_20250907_115551.log')}
2025-09-07 12:05:27,547 - DEBUG - 1 change detected: {(<Change.modified: 2>, 'E:\\Next JS\\researchbot\\backend\\logs\\research_assistant_20250907_115551.log')}
2025-09-07 12:05:28,127 - DEBUG - 1 change detected: {(<Change.modified: 2>, 'E:\\Next JS\\researchbot\\backend\\logs\\research_assistant_20250907_115551.log')}
2025-09-07 12:05:28,494 - DEBUG - 1 change detected: {(<Change.modified: 2>, 'E:\\Next JS\\researchbot\\backend\\logs\\research_assistant_20250907_115551.log')}
2025-09-07 12:05:28,922 - DEBUG - 1 change detected: {(<Change.modified: 2>, 'E:\\Next JS\\researchbot\\backend\\logs\\research_assistant_20250907_115551.log')}
2025-09-07 12:05:29,339 - DEBUG - 1 change detected: {(<Change.modified: 2>, 'E:\\Next JS\\researchbot\\backend\\logs\\research_assistant_20250907_115551.log')}
2025-09-07 12:05:29,756 - DEBUG - 1 change detected: {(<Change.modified: 2>, 'E:\\Next JS\\researchbot\\backend\\logs\\research_assistant_20250907_115551.log')}
2025-09-07 12:05:30,282 - DEBUG - 1 change detected: {(<Change.modified: 2>, 'E:\\Next JS\\researchbot\\backend\\logs\\research_assistant_20250907_115551.log')}
2025-09-07 12:05:30,696 - DEBUG - 1 change detected: {(<Change.modified: 2>, 'E:\\Next JS\\researchbot\\backend\\logs\\research_assistant_20250907_115551.log')}
2025-09-07 12:05:31,120 - DEBUG - 1 change detected: {(<Change.modified: 2>, 'E:\\Next JS\\researchbot\\backend\\logs\\research_assistant_20250907_115551.log')}
2025-09-07 12:05:31,544 - DEBUG - 1 change detected: {(<Change.modified: 2>, 'E:\\Next JS\\researchbot\\backend\\logs\\research_assistant_20250907_115551.log')}
2025-09-07 12:05:32,061 - DEBUG - 1 change detected: {(<Change.modified: 2>, 'E:\\Next JS\\researchbot\\backend\\logs\\research_assistant_20250907_115551.log')}
2025-09-07 12:05:32,470 - DEBUG - 1 change detected: {(<Change.modified: 2>, 'E:\\Next JS\\researchbot\\backend\\logs\\research_assistant_20250907_115551.log')}
2025-09-07 12:05:32,933 - DEBUG - 1 change detected: {(<Change.modified: 2>, 'E:\\Next JS\\researchbot\\backend\\logs\\research_assistant_20250907_115551.log')}
2025-09-07 12:05:33,330 - DEBUG - 1 change detected: {(<Change.modified: 2>, 'E:\\Next JS\\researchbot\\backend\\logs\\research_assistant_20250907_115551.log')}
2025-09-07 12:05:33,825 - DEBUG - 1 change detected: {(<Change.modified: 2>, 'E:\\Next JS\\researchbot\\backend\\logs\\research_assistant_20250907_115551.log')}
2025-09-07 12:05:34,330 - DEBUG - 1 change detected: {(<Change.modified: 2>, 'E:\\Next JS\\researchbot\\backend\\logs\\research_assistant_20250907_115551.log')}
2025-09-07 12:05:34,891 - DEBUG - 1 change detected: {(<Change.modified: 2>, 'E:\\Next JS\\researchbot\\backend\\logs\\research_assistant_20250907_115551.log')}
2025-09-07 12:05:35,346 - DEBUG - 1 change detected: {(<Change.modified: 2>, 'E:\\Next JS\\researchbot\\backend\\logs\\research_assistant_20250907_115551.log')}
2025-09-07 12:05:35,826 - DEBUG - 1 change detected: {(<Change.modified: 2>, 'E:\\Next JS\\researchbot\\backend\\logs\\research_assistant_20250907_115551.log')}
2025-09-07 12:05:37,331 - DEBUG - 1 change detected: {(<Change.modified: 2>, 'E:\\Next JS\\researchbot\\backend\\logs\\research_assistant_20250907_115551.log')}
2025-09-07 12:05:37,709 - DEBUG - 1 change detected: {(<Change.modified: 2>, 'E:\\Next JS\\researchbot\\backend\\logs\\research_assistant_20250907_115551.log')}
2025-09-07 12:05:38,143 - DEBUG - 1 change detected: {(<Change.modified: 2>, 'E:\\Next JS\\researchbot\\backend\\logs\\research_assistant_20250907_115551.log')}
2025-09-07 12:05:38,549 - DEBUG - 1 change detected: {(<Change.modified: 2>, 'E:\\Next JS\\researchbot\\backend\\logs\\research_assistant_20250907_115551.log')}
2025-09-07 12:05:39,306 - DEBUG - 1 change detected: {(<Change.modified: 2>, 'E:\\Next JS\\researchbot\\backend\\logs\\research_assistant_20250907_115551.log')}
2025-09-07 12:05:40,357 - DEBUG - 1 change detected: {(<Change.modified: 2>, 'E:\\Next JS\\researchbot\\backend\\logs\\research_assistant_20250907_115551.log')}
2025-09-07 12:05:40,934 - DEBUG - 1 change detected: {(<Change.modified: 2>, 'E:\\Next JS\\researchbot\\backend\\logs\\research_assistant_20250907_115551.log')}
2025-09-07 12:05:41,579 - DEBUG - 1 change detected: {(<Change.modified: 2>, 'E:\\Next JS\\researchbot\\backend\\logs\\research_assistant_20250907_115551.log')}
2025-09-07 12:05:42,688 - DEBUG - 1 change detected: {(<Change.modified: 2>, 'E:\\Next JS\\researchbot\\backend\\logs\\research_assistant_20250907_115551.log')}
2025-09-07 12:05:46,565 - DEBUG - 1 change detected: {(<Change.modified: 2>, 'E:\\Next JS\\researchbot\\backend\\logs\\research_assistant_20250907_115551.log')}
2025-09-07 12:05:47,250 - DEBUG - 1 change detected: {(<Change.modified: 2>, 'E:\\Next JS\\researchbot\\backend\\logs\\research_assistant_20250907_115551.log')}
2025-09-07 12:05:48,544 - DEBUG - 1 change detected: {(<Change.modified: 2>, 'E:\\Next JS\\researchbot\\backend\\logs\\research_assistant_20250907_115551.log')}
2025-09-07 12:10:35,527 - DEBUG - 1 change detected: {(<Change.modified: 2>, 'E:\\Next JS\\researchbot\\backend\\logs\\research_assistant_20250907_115551.log')}
2025-09-07 12:10:35,893 - DEBUG - 1 change detected: {(<Change.modified: 2>, 'E:\\Next JS\\researchbot\\backend\\logs\\research_assistant_20250907_115551.log')}
2025-09-07 12:10:36,264 - DEBUG - 1 change detected: {(<Change.modified: 2>, 'E:\\Next JS\\researchbot\\backend\\logs\\research_assistant_20250907_115551.log')}
2025-09-07 12:10:36,633 - DEBUG - 1 change detected: {(<Change.modified: 2>, 'E:\\Next JS\\researchbot\\backend\\logs\\research_assistant_20250907_115551.log')}
2025-09-07 12:10:37,054 - DEBUG - 1 change detected: {(<Change.modified: 2>, 'E:\\Next JS\\researchbot\\backend\\logs\\research_assistant_20250907_115551.log')}
2025-09-07 12:10:37,475 - DEBUG - 1 change detected: {(<Change.modified: 2>, 'E:\\Next JS\\researchbot\\backend\\logs\\research_assistant_20250907_115551.log')}
2025-09-07 12:10:37,893 - DEBUG - 1 change detected: {(<Change.modified: 2>, 'E:\\Next JS\\researchbot\\backend\\logs\\research_assistant_20250907_115551.log')}
2025-09-07 12:10:38,259 - DEBUG - 1 change detected: {(<Change.modified: 2>, 'E:\\Next JS\\researchbot\\backend\\logs\\research_assistant_20250907_115551.log')}
2025-09-07 12:10:38,724 - DEBUG - 1 change detected: {(<Change.modified: 2>, 'E:\\Next JS\\researchbot\\backend\\logs\\research_assistant_20250907_115551.log')}
2025-09-07 12:10:39,140 - DEBUG - 1 change detected: {(<Change.modified: 2>, 'E:\\Next JS\\researchbot\\backend\\logs\\research_assistant_20250907_115551.log')}
2025-09-07 12:10:39,555 - DEBUG - 1 change detected: {(<Change.modified: 2>, 'E:\\Next JS\\researchbot\\backend\\logs\\research_assistant_20250907_115551.log')}
2025-09-07 12:10:39,971 - DEBUG - 1 change detected: {(<Change.modified: 2>, 'E:\\Next JS\\researchbot\\backend\\logs\\research_assistant_20250907_115551.log')}
2025-09-07 12:10:40,335 - DEBUG - 1 change detected: {(<Change.modified: 2>, 'E:\\Next JS\\researchbot\\backend\\logs\\research_assistant_20250907_115551.log')}
2025-09-07 12:10:40,746 - DEBUG - 1 change detected: {(<Change.modified: 2>, 'E:\\Next JS\\researchbot\\backend\\logs\\research_assistant_20250907_115551.log')}
2025-09-07 12:10:41,164 - DEBUG - 1 change detected: {(<Change.modified: 2>, 'E:\\Next JS\\researchbot\\backend\\logs\\research_assistant_20250907_115551.log')}
2025-09-07 12:10:41,575 - DEBUG - 1 change detected: {(<Change.modified: 2>, 'E:\\Next JS\\researchbot\\backend\\logs\\research_assistant_20250907_115551.log')}
2025-09-07 12:10:41,984 - DEBUG - 1 change detected: {(<Change.modified: 2>, 'E:\\Next JS\\researchbot\\backend\\logs\\research_assistant_20250907_115551.log')}
2025-09-07 12:10:42,400 - DEBUG - 1 change detected: {(<Change.modified: 2>, 'E:\\Next JS\\researchbot\\backend\\logs\\research_assistant_20250907_115551.log')}
2025-09-07 12:10:42,768 - DEBUG - 1 change detected: {(<Change.modified: 2>, 'E:\\Next JS\\researchbot\\backend\\logs\\research_assistant_20250907_115551.log')}
2025-09-07 12:10:43,182 - DEBUG - 1 change detected: {(<Change.modified: 2>, 'E:\\Next JS\\researchbot\\backend\\logs\\research_assistant_20250907_115551.log')}
2025-09-07 12:10:43,601 - DEBUG - 1 change detected: {(<Change.modified: 2>, 'E:\\Next JS\\researchbot\\backend\\logs\\research_assistant_20250907_115551.log')}
2025-09-07 12:10:44,027 - DEBUG - 1 change detected: {(<Change.modified: 2>, 'E:\\Next JS\\researchbot\\backend\\logs\\research_assistant_20250907_115551.log')}
2025-09-07 12:10:44,384 - DEBUG - 1 change detected: {(<Change.modified: 2>, 'E:\\Next JS\\researchbot\\backend\\logs\\research_assistant_20250907_115551.log')}
2025-09-07 12:10:44,803 - DEBUG - 1 change detected: {(<Change.modified: 2>, 'E:\\Next JS\\researchbot\\backend\\logs\\research_assistant_20250907_115551.log')}
2025-09-07 12:10:45,212 - DEBUG - 1 change detected: {(<Change.modified: 2>, 'E:\\Next JS\\researchbot\\backend\\logs\\research_assistant_20250907_115551.log')}
2025-09-07 12:10:45,580 - DEBUG - 1 change detected: {(<Change.modified: 2>, 'E:\\Next JS\\researchbot\\backend\\logs\\research_assistant_20250907_115551.log')}
2025-09-07 12:10:45,995 - DEBUG - 1 change detected: {(<Change.modified: 2>, 'E:\\Next JS\\researchbot\\backend\\logs\\research_assistant_20250907_115551.log')}
2025-09-07 12:10:46,412 - DEBUG - 1 change detected: {(<Change.modified: 2>, 'E:\\Next JS\\researchbot\\backend\\logs\\research_assistant_20250907_115551.log')}
2025-09-07 12:10:46,838 - DEBUG - 1 change detected: {(<Change.modified: 2>, 'E:\\Next JS\\researchbot\\backend\\logs\\research_assistant_20250907_115551.log')}
2025-09-07 12:10:47,217 - DEBUG - 1 change detected: {(<Change.modified: 2>, 'E:\\Next JS\\researchbot\\backend\\logs\\research_assistant_20250907_115551.log')}
2025-09-07 12:10:47,654 - DEBUG - 1 change detected: {(<Change.modified: 2>, 'E:\\Next JS\\researchbot\\backend\\logs\\research_assistant_20250907_115551.log')}
2025-09-07 12:10:48,098 - DEBUG - 1 change detected: {(<Change.modified: 2>, 'E:\\Next JS\\researchbot\\backend\\logs\\research_assistant_20250907_115551.log')}
2025-09-07 12:10:48,452 - DEBUG - 1 change detected: {(<Change.modified: 2>, 'E:\\Next JS\\researchbot\\backend\\logs\\research_assistant_20250907_115551.log')}
2025-09-07 12:10:48,875 - DEBUG - 1 change detected: {(<Change.modified: 2>, 'E:\\Next JS\\researchbot\\backend\\logs\\research_assistant_20250907_115551.log')}
2025-09-07 12:10:49,285 - DEBUG - 1 change detected: {(<Change.modified: 2>, 'E:\\Next JS\\researchbot\\backend\\logs\\research_assistant_20250907_115551.log')}
2025-09-07 12:10:49,784 - DEBUG - 1 change detected: {(<Change.modified: 2>, 'E:\\Next JS\\researchbot\\backend\\logs\\research_assistant_20250907_115551.log')}
2025-09-07 12:10:50,207 - DEBUG - 1 change detected: {(<Change.modified: 2>, 'E:\\Next JS\\researchbot\\backend\\logs\\research_assistant_20250907_115551.log')}
2025-09-07 12:10:50,578 - DEBUG - 1 change detected: {(<Change.modified: 2>, 'E:\\Next JS\\researchbot\\backend\\logs\\research_assistant_20250907_115551.log')}
2025-09-07 12:10:50,984 - DEBUG - 1 change detected: {(<Change.modified: 2>, 'E:\\Next JS\\researchbot\\backend\\logs\\research_assistant_20250907_115551.log')}
2025-09-07 12:10:51,411 - DEBUG - 1 change detected: {(<Change.modified: 2>, 'E:\\Next JS\\researchbot\\backend\\logs\\research_assistant_20250907_115551.log')}
2025-09-07 12:10:51,814 - DEBUG - 1 change detected: {(<Change.modified: 2>, 'E:\\Next JS\\researchbot\\backend\\logs\\research_assistant_20250907_115551.log')}
2025-09-07 12:10:52,230 - DEBUG - 1 change detected: {(<Change.modified: 2>, 'E:\\Next JS\\researchbot\\backend\\logs\\research_assistant_20250907_115551.log')}
2025-09-07 12:10:52,685 - DEBUG - 1 change detected: {(<Change.modified: 2>, 'E:\\Next JS\\researchbot\\backend\\logs\\research_assistant_20250907_115551.log')}
2025-09-07 12:10:53,220 - DEBUG - 1 change detected: {(<Change.modified: 2>, 'E:\\Next JS\\researchbot\\backend\\logs\\research_assistant_20250907_115551.log')}
2025-09-07 12:10:53,639 - DEBUG - 1 change detected: {(<Change.modified: 2>, 'E:\\Next JS\\researchbot\\backend\\logs\\research_assistant_20250907_115551.log')}
2025-09-07 12:10:54,052 - DEBUG - 1 change detected: {(<Change.modified: 2>, 'E:\\Next JS\\researchbot\\backend\\logs\\research_assistant_20250907_115551.log')}
2025-09-07 12:10:54,412 - DEBUG - 1 change detected: {(<Change.modified: 2>, 'E:\\Next JS\\researchbot\\backend\\logs\\research_assistant_20250907_115551.log')}
2025-09-07 12:10:54,831 - DEBUG - 1 change detected: {(<Change.modified: 2>, 'E:\\Next JS\\researchbot\\backend\\logs\\research_assistant_20250907_115551.log')}
2025-09-07 12:10:55,320 - DEBUG - 1 change detected: {(<Change.modified: 2>, 'E:\\Next JS\\researchbot\\backend\\logs\\research_assistant_20250907_115551.log')}
2025-09-07 12:10:55,753 - DEBUG - 1 change detected: {(<Change.modified: 2>, 'E:\\Next JS\\researchbot\\backend\\logs\\research_assistant_20250907_115551.log')}
2025-09-07 12:10:56,188 - DEBUG - 1 change detected: {(<Change.modified: 2>, 'E:\\Next JS\\researchbot\\backend\\logs\\research_assistant_20250907_115551.log')}
2025-09-07 12:10:56,611 - DEBUG - 1 change detected: {(<Change.modified: 2>, 'E:\\Next JS\\researchbot\\backend\\logs\\research_assistant_20250907_115551.log')}
2025-09-07 12:10:57,090 - DEBUG - 1 change detected: {(<Change.modified: 2>, 'E:\\Next JS\\researchbot\\backend\\logs\\research_assistant_20250907_115551.log')}
2025-09-07 12:10:57,464 - DEBUG - 1 change detected: {(<Change.modified: 2>, 'E:\\Next JS\\researchbot\\backend\\logs\\research_assistant_20250907_115551.log')}
2025-09-07 12:10:57,832 - DEBUG - 1 change detected: {(<Change.modified: 2>, 'E:\\Next JS\\researchbot\\backend\\logs\\research_assistant_20250907_115551.log')}
2025-09-07 12:10:58,227 - DEBUG - 1 change detected: {(<Change.modified: 2>, 'E:\\Next JS\\researchbot\\backend\\logs\\research_assistant_20250907_115551.log')}
2025-09-07 12:10:58,918 - DEBUG - 1 change detected: {(<Change.modified: 2>, 'E:\\Next JS\\researchbot\\backend\\logs\\research_assistant_20250907_115551.log')}
2025-09-07 12:10:59,405 - DEBUG - 1 change detected: {(<Change.modified: 2>, 'E:\\Next JS\\researchbot\\backend\\logs\\research_assistant_20250907_115551.log')}
2025-09-07 12:10:59,892 - DEBUG - 1 change detected: {(<Change.modified: 2>, 'E:\\Next JS\\researchbot\\backend\\logs\\research_assistant_20250907_115551.log')}
2025-09-07 12:11:00,474 - DEBUG - 1 change detected: {(<Change.modified: 2>, 'E:\\Next JS\\researchbot\\backend\\logs\\research_assistant_20250907_115551.log')}
2025-09-07 12:11:00,845 - DEBUG - 1 change detected: {(<Change.modified: 2>, 'E:\\Next JS\\researchbot\\backend\\logs\\research_assistant_20250907_115551.log')}
2025-09-07 12:11:01,253 - DEBUG - 1 change detected: {(<Change.modified: 2>, 'E:\\Next JS\\researchbot\\backend\\logs\\research_assistant_20250907_115551.log')}
2025-09-07 12:11:01,689 - DEBUG - 1 change detected: {(<Change.modified: 2>, 'E:\\Next JS\\researchbot\\backend\\logs\\research_assistant_20250907_115551.log')}
2025-09-07 12:11:02,045 - DEBUG - 1 change detected: {(<Change.modified: 2>, 'E:\\Next JS\\researchbot\\backend\\logs\\research_assistant_20250907_115551.log')}
2025-09-07 12:11:02,610 - DEBUG - 1 change detected: {(<Change.modified: 2>, 'E:\\Next JS\\researchbot\\backend\\logs\\research_assistant_20250907_115551.log')}
2025-09-07 12:11:03,044 - DEBUG - 1 change detected: {(<Change.modified: 2>, 'E:\\Next JS\\researchbot\\backend\\logs\\research_assistant_20250907_115551.log')}
2025-09-07 12:11:03,408 - DEBUG - 1 change detected: {(<Change.modified: 2>, 'E:\\Next JS\\researchbot\\backend\\logs\\research_assistant_20250907_115551.log')}
2025-09-07 12:11:03,821 - DEBUG - 1 change detected: {(<Change.modified: 2>, 'E:\\Next JS\\researchbot\\backend\\logs\\research_assistant_20250907_115551.log')}
2025-09-07 12:11:04,253 - DEBUG - 1 change detected: {(<Change.modified: 2>, 'E:\\Next JS\\researchbot\\backend\\logs\\research_assistant_20250907_115551.log')}
2025-09-07 12:11:04,623 - DEBUG - 1 change detected: {(<Change.modified: 2>, 'E:\\Next JS\\researchbot\\backend\\logs\\research_assistant_20250907_115551.log')}
2025-09-07 12:11:05,044 - DEBUG - 1 change detected: {(<Change.modified: 2>, 'E:\\Next JS\\researchbot\\backend\\logs\\research_assistant_20250907_115551.log')}
2025-09-07 12:11:05,452 - DEBUG - 1 change detected: {(<Change.modified: 2>, 'E:\\Next JS\\researchbot\\backend\\logs\\research_assistant_20250907_115551.log')}
2025-09-07 12:11:05,875 - DEBUG - 1 change detected: {(<Change.modified: 2>, 'E:\\Next JS\\researchbot\\backend\\logs\\research_assistant_20250907_115551.log')}
2025-09-07 12:11:06,236 - DEBUG - 1 change detected: {(<Change.modified: 2>, 'E:\\Next JS\\researchbot\\backend\\logs\\research_assistant_20250907_115551.log')}
2025-09-07 12:11:06,659 - DEBUG - 1 change detected: {(<Change.modified: 2>, 'E:\\Next JS\\researchbot\\backend\\logs\\research_assistant_20250907_115551.log')}
2025-09-07 12:11:07,066 - DEBUG - 1 change detected: {(<Change.modified: 2>, 'E:\\Next JS\\researchbot\\backend\\logs\\research_assistant_20250907_115551.log')}
2025-09-07 12:11:07,493 - DEBUG - 1 change detected: {(<Change.modified: 2>, 'E:\\Next JS\\researchbot\\backend\\logs\\research_assistant_20250907_115551.log')}
2025-09-07 12:11:07,859 - DEBUG - 1 change detected: {(<Change.modified: 2>, 'E:\\Next JS\\researchbot\\backend\\logs\\research_assistant_20250907_115551.log')}
2025-09-07 12:11:08,268 - DEBUG - 1 change detected: {(<Change.modified: 2>, 'E:\\Next JS\\researchbot\\backend\\logs\\research_assistant_20250907_115551.log')}
2025-09-07 12:11:08,685 - DEBUG - 1 change detected: {(<Change.modified: 2>, 'E:\\Next JS\\researchbot\\backend\\logs\\research_assistant_20250907_115551.log')}
2025-09-07 12:11:09,101 - DEBUG - 1 change detected: {(<Change.modified: 2>, 'E:\\Next JS\\researchbot\\backend\\logs\\research_assistant_20250907_115551.log')}
2025-09-07 12:11:09,515 - DEBUG - 1 change detected: {(<Change.modified: 2>, 'E:\\Next JS\\researchbot\\backend\\logs\\research_assistant_20250907_115551.log')}
2025-09-07 12:11:09,877 - DEBUG - 1 change detected: {(<Change.modified: 2>, 'E:\\Next JS\\researchbot\\backend\\logs\\research_assistant_20250907_115551.log')}
2025-09-07 12:11:10,316 - DEBUG - 1 change detected: {(<Change.modified: 2>, 'E:\\Next JS\\researchbot\\backend\\logs\\research_assistant_20250907_115551.log')}
2025-09-07 12:11:10,974 - DEBUG - 1 change detected: {(<Change.modified: 2>, 'E:\\Next JS\\researchbot\\backend\\logs\\research_assistant_20250907_115551.log')}
2025-09-07 12:11:11,353 - DEBUG - 1 change detected: {(<Change.modified: 2>, 'E:\\Next JS\\researchbot\\backend\\logs\\research_assistant_20250907_115551.log')}
2025-09-07 12:11:11,786 - DEBUG - 1 change detected: {(<Change.modified: 2>, 'E:\\Next JS\\researchbot\\backend\\logs\\research_assistant_20250907_115551.log')}
2025-09-07 12:11:12,193 - DEBUG - 1 change detected: {(<Change.modified: 2>, 'E:\\Next JS\\researchbot\\backend\\logs\\research_assistant_20250907_115551.log')}
2025-09-07 12:11:12,608 - DEBUG - 1 change detected: {(<Change.modified: 2>, 'E:\\Next JS\\researchbot\\backend\\logs\\research_assistant_20250907_115551.log')}
2025-09-07 12:11:13,029 - DEBUG - 1 change detected: {(<Change.modified: 2>, 'E:\\Next JS\\researchbot\\backend\\logs\\research_assistant_20250907_115551.log')}
2025-09-07 12:11:13,554 - DEBUG - 1 change detected: {(<Change.modified: 2>, 'E:\\Next JS\\researchbot\\backend\\logs\\research_assistant_20250907_115551.log')}
2025-09-07 12:11:14,247 - DEBUG - 1 change detected: {(<Change.modified: 2>, 'E:\\Next JS\\researchbot\\backend\\logs\\research_assistant_20250907_115551.log')}
2025-09-07 12:11:14,701 - DEBUG - 1 change detected: {(<Change.modified: 2>, 'E:\\Next JS\\researchbot\\backend\\logs\\research_assistant_20250907_115551.log')}
2025-09-07 12:11:15,126 - DEBUG - 1 change detected: {(<Change.modified: 2>, 'E:\\Next JS\\researchbot\\backend\\logs\\research_assistant_20250907_115551.log')}
2025-09-07 12:11:15,557 - DEBUG - 1 change detected: {(<Change.modified: 2>, 'E:\\Next JS\\researchbot\\backend\\logs\\research_assistant_20250907_115551.log')}
2025-09-07 12:11:15,943 - DEBUG - 1 change detected: {(<Change.modified: 2>, 'E:\\Next JS\\researchbot\\backend\\logs\\research_assistant_20250907_115551.log')}
2025-09-07 12:11:16,353 - DEBUG - 1 change detected: {(<Change.modified: 2>, 'E:\\Next JS\\researchbot\\backend\\logs\\research_assistant_20250907_115551.log')}
2025-09-07 12:11:16,782 - DEBUG - 1 change detected: {(<Change.modified: 2>, 'E:\\Next JS\\researchbot\\backend\\logs\\research_assistant_20250907_115551.log')}
2025-09-07 12:11:17,202 - DEBUG - 1 change detected: {(<Change.modified: 2>, 'E:\\Next JS\\researchbot\\backend\\logs\\research_assistant_20250907_115551.log')}
2025-09-07 12:11:17,621 - DEBUG - 1 change detected: {(<Change.modified: 2>, 'E:\\Next JS\\researchbot\\backend\\logs\\research_assistant_20250907_115551.log')}
2025-09-07 12:11:18,036 - DEBUG - 1 change detected: {(<Change.modified: 2>, 'E:\\Next JS\\researchbot\\backend\\logs\\research_assistant_20250907_115551.log')}
2025-09-07 12:11:18,452 - DEBUG - 1 change detected: {(<Change.modified: 2>, 'E:\\Next JS\\researchbot\\backend\\logs\\research_assistant_20250907_115551.log')}
2025-09-07 12:11:18,829 - DEBUG - 1 change detected: {(<Change.modified: 2>, 'E:\\Next JS\\researchbot\\backend\\logs\\research_assistant_20250907_115551.log')}
2025-09-07 12:11:19,261 - DEBUG - 1 change detected: {(<Change.modified: 2>, 'E:\\Next JS\\researchbot\\backend\\logs\\research_assistant_20250907_115551.log')}
2025-09-07 12:11:19,670 - DEBUG - 1 change detected: {(<Change.modified: 2>, 'E:\\Next JS\\researchbot\\backend\\logs\\research_assistant_20250907_115551.log')}
2025-09-07 12:11:20,081 - DEBUG - 1 change detected: {(<Change.modified: 2>, 'E:\\Next JS\\researchbot\\backend\\logs\\research_assistant_20250907_115551.log')}
2025-09-07 12:11:20,534 - DEBUG - 1 change detected: {(<Change.modified: 2>, 'E:\\Next JS\\researchbot\\backend\\logs\\research_assistant_20250907_115551.log')}
2025-09-07 12:11:21,107 - DEBUG - 1 change detected: {(<Change.modified: 2>, 'E:\\Next JS\\researchbot\\backend\\logs\\research_assistant_20250907_115551.log')}
2025-09-07 12:11:21,478 - DEBUG - 1 change detected: {(<Change.modified: 2>, 'E:\\Next JS\\researchbot\\backend\\logs\\research_assistant_20250907_115551.log')}
2025-09-07 12:11:22,439 - DEBUG - 1 change detected: {(<Change.modified: 2>, 'E:\\Next JS\\researchbot\\backend\\logs\\research_assistant_20250907_115551.log')}
2025-09-07 12:11:23,083 - DEBUG - 1 change detected: {(<Change.modified: 2>, 'E:\\Next JS\\researchbot\\backend\\logs\\research_assistant_20250907_115551.log')}
2025-09-07 12:11:23,451 - DEBUG - 1 change detected: {(<Change.modified: 2>, 'E:\\Next JS\\researchbot\\backend\\logs\\research_assistant_20250907_115551.log')}
2025-09-07 12:11:23,873 - DEBUG - 1 change detected: {(<Change.modified: 2>, 'E:\\Next JS\\researchbot\\backend\\logs\\research_assistant_20250907_115551.log')}
2025-09-07 12:11:24,408 - DEBUG - 1 change detected: {(<Change.modified: 2>, 'E:\\Next JS\\researchbot\\backend\\logs\\research_assistant_20250907_115551.log')}
2025-09-07 12:11:24,779 - DEBUG - 1 change detected: {(<Change.modified: 2>, 'E:\\Next JS\\researchbot\\backend\\logs\\research_assistant_20250907_115551.log')}
2025-09-07 12:11:25,152 - DEBUG - 1 change detected: {(<Change.modified: 2>, 'E:\\Next JS\\researchbot\\backend\\logs\\research_assistant_20250907_115551.log')}
2025-09-07 12:11:25,583 - DEBUG - 1 change detected: {(<Change.modified: 2>, 'E:\\Next JS\\researchbot\\backend\\logs\\research_assistant_20250907_115551.log')}
2025-09-07 12:11:26,035 - DEBUG - 1 change detected: {(<Change.modified: 2>, 'E:\\Next JS\\researchbot\\backend\\logs\\research_assistant_20250907_115551.log')}
2025-09-07 12:11:26,447 - DEBUG - 1 change detected: {(<Change.modified: 2>, 'E:\\Next JS\\researchbot\\backend\\logs\\research_assistant_20250907_115551.log')}
2025-09-07 12:11:26,873 - DEBUG - 1 change detected: {(<Change.modified: 2>, 'E:\\Next JS\\researchbot\\backend\\logs\\research_assistant_20250907_115551.log')}
2025-09-07 12:11:27,284 - DEBUG - 1 change detected: {(<Change.modified: 2>, 'E:\\Next JS\\researchbot\\backend\\logs\\research_assistant_20250907_115551.log')}
2025-09-07 12:11:27,750 - DEBUG - 1 change detected: {(<Change.modified: 2>, 'E:\\Next JS\\researchbot\\backend\\logs\\research_assistant_20250907_115551.log')}
2025-09-07 12:11:28,110 - DEBUG - 1 change detected: {(<Change.modified: 2>, 'E:\\Next JS\\researchbot\\backend\\logs\\research_assistant_20250907_115551.log')}
2025-09-07 12:11:28,524 - DEBUG - 1 change detected: {(<Change.modified: 2>, 'E:\\Next JS\\researchbot\\backend\\logs\\research_assistant_20250907_115551.log')}
2025-09-07 12:11:28,997 - DEBUG - 1 change detected: {(<Change.modified: 2>, 'E:\\Next JS\\researchbot\\backend\\logs\\research_assistant_20250907_115551.log')}
2025-09-07 12:11:29,421 - DEBUG - 1 change detected: {(<Change.modified: 2>, 'E:\\Next JS\\researchbot\\backend\\logs\\research_assistant_20250907_115551.log')}
2025-09-07 12:11:29,830 - DEBUG - 1 change detected: {(<Change.modified: 2>, 'E:\\Next JS\\researchbot\\backend\\logs\\research_assistant_20250907_115551.log')}
2025-09-07 12:11:30,246 - DEBUG - 1 change detected: {(<Change.modified: 2>, 'E:\\Next JS\\researchbot\\backend\\logs\\research_assistant_20250907_115551.log')}
2025-09-07 12:11:30,667 - DEBUG - 1 change detected: {(<Change.modified: 2>, 'E:\\Next JS\\researchbot\\backend\\logs\\research_assistant_20250907_115551.log')}
2025-09-07 12:11:31,024 - DEBUG - 1 change detected: {(<Change.modified: 2>, 'E:\\Next JS\\researchbot\\backend\\logs\\research_assistant_20250907_115551.log')}
2025-09-07 12:11:31,440 - DEBUG - 1 change detected: {(<Change.modified: 2>, 'E:\\Next JS\\researchbot\\backend\\logs\\research_assistant_20250907_115551.log')}
2025-09-07 12:11:31,860 - DEBUG - 1 change detected: {(<Change.modified: 2>, 'E:\\Next JS\\researchbot\\backend\\logs\\research_assistant_20250907_115551.log')}
2025-09-07 12:11:32,278 - DEBUG - 1 change detected: {(<Change.modified: 2>, 'E:\\Next JS\\researchbot\\backend\\logs\\research_assistant_20250907_115551.log')}
2025-09-07 12:11:32,634 - DEBUG - 1 change detected: {(<Change.modified: 2>, 'E:\\Next JS\\researchbot\\backend\\logs\\research_assistant_20250907_115551.log')}
2025-09-07 12:11:33,040 - DEBUG - 1 change detected: {(<Change.modified: 2>, 'E:\\Next JS\\researchbot\\backend\\logs\\research_assistant_20250907_115551.log')}
2025-09-07 12:11:33,474 - DEBUG - 1 change detected: {(<Change.modified: 2>, 'E:\\Next JS\\researchbot\\backend\\logs\\research_assistant_20250907_115551.log')}
2025-09-07 12:11:33,887 - DEBUG - 1 change detected: {(<Change.modified: 2>, 'E:\\Next JS\\researchbot\\backend\\logs\\research_assistant_20250907_115551.log')}
2025-09-07 12:11:34,272 - DEBUG - 1 change detected: {(<Change.modified: 2>, 'E:\\Next JS\\researchbot\\backend\\logs\\research_assistant_20250907_115551.log')}
2025-09-07 12:11:34,770 - DEBUG - 1 change detected: {(<Change.modified: 2>, 'E:\\Next JS\\researchbot\\backend\\logs\\research_assistant_20250907_115551.log')}
2025-09-07 12:11:35,287 - DEBUG - 1 change detected: {(<Change.modified: 2>, 'E:\\Next JS\\researchbot\\backend\\logs\\research_assistant_20250907_115551.log')}
2025-09-07 12:11:35,814 - DEBUG - 1 change detected: {(<Change.modified: 2>, 'E:\\Next JS\\researchbot\\backend\\logs\\research_assistant_20250907_115551.log')}
2025-09-07 12:11:36,329 - DEBUG - 1 change detected: {(<Change.modified: 2>, 'E:\\Next JS\\researchbot\\backend\\logs\\research_assistant_20250907_115551.log')}
2025-09-07 12:11:36,750 - DEBUG - 1 change detected: {(<Change.modified: 2>, 'E:\\Next JS\\researchbot\\backend\\logs\\research_assistant_20250907_115551.log')}
2025-09-07 12:11:37,119 - DEBUG - 1 change detected: {(<Change.modified: 2>, 'E:\\Next JS\\researchbot\\backend\\logs\\research_assistant_20250907_115551.log')}
2025-09-07 12:11:37,532 - DEBUG - 1 change detected: {(<Change.modified: 2>, 'E:\\Next JS\\researchbot\\backend\\logs\\research_assistant_20250907_115551.log')}
2025-09-07 12:11:37,995 - DEBUG - 1 change detected: {(<Change.modified: 2>, 'E:\\Next JS\\researchbot\\backend\\logs\\research_assistant_20250907_115551.log')}
2025-09-07 12:11:38,398 - DEBUG - 1 change detected: {(<Change.modified: 2>, 'E:\\Next JS\\researchbot\\backend\\logs\\research_assistant_20250907_115551.log')}
2025-09-07 12:11:38,763 - DEBUG - 1 change detected: {(<Change.modified: 2>, 'E:\\Next JS\\researchbot\\backend\\logs\\research_assistant_20250907_115551.log')}
2025-09-07 12:11:39,177 - DEBUG - 1 change detected: {(<Change.modified: 2>, 'E:\\Next JS\\researchbot\\backend\\logs\\research_assistant_20250907_115551.log')}
2025-09-07 12:11:39,585 - DEBUG - 1 change detected: {(<Change.modified: 2>, 'E:\\Next JS\\researchbot\\backend\\logs\\research_assistant_20250907_115551.log')}
2025-09-07 12:11:39,989 - DEBUG - 1 change detected: {(<Change.modified: 2>, 'E:\\Next JS\\researchbot\\backend\\logs\\research_assistant_20250907_115551.log')}
2025-09-07 12:11:40,399 - DEBUG - 1 change detected: {(<Change.modified: 2>, 'E:\\Next JS\\researchbot\\backend\\logs\\research_assistant_20250907_115551.log')}
2025-09-07 12:11:40,811 - DEBUG - 1 change detected: {(<Change.modified: 2>, 'E:\\Next JS\\researchbot\\backend\\logs\\research_assistant_20250907_115551.log')}
2025-09-07 12:11:41,167 - DEBUG - 1 change detected: {(<Change.modified: 2>, 'E:\\Next JS\\researchbot\\backend\\logs\\research_assistant_20250907_115551.log')}
2025-09-07 12:11:41,588 - DEBUG - 1 change detected: {(<Change.modified: 2>, 'E:\\Next JS\\researchbot\\backend\\logs\\research_assistant_20250907_115551.log')}
2025-09-07 12:11:41,964 - DEBUG - 1 change detected: {(<Change.modified: 2>, 'E:\\Next JS\\researchbot\\backend\\logs\\research_assistant_20250907_115551.log')}
2025-09-07 12:11:42,382 - DEBUG - 1 change detected: {(<Change.modified: 2>, 'E:\\Next JS\\researchbot\\backend\\logs\\research_assistant_20250907_115551.log')}
2025-09-07 12:11:42,791 - DEBUG - 1 change detected: {(<Change.modified: 2>, 'E:\\Next JS\\researchbot\\backend\\logs\\research_assistant_20250907_115551.log')}
2025-09-07 12:11:43,169 - DEBUG - 1 change detected: {(<Change.modified: 2>, 'E:\\Next JS\\researchbot\\backend\\logs\\research_assistant_20250907_115551.log')}
2025-09-07 12:11:43,578 - DEBUG - 1 change detected: {(<Change.modified: 2>, 'E:\\Next JS\\researchbot\\backend\\logs\\research_assistant_20250907_115551.log')}
2025-09-07 12:11:43,951 - DEBUG - 1 change detected: {(<Change.modified: 2>, 'E:\\Next JS\\researchbot\\backend\\logs\\research_assistant_20250907_115551.log')}
2025-09-07 12:11:44,386 - DEBUG - 1 change detected: {(<Change.modified: 2>, 'E:\\Next JS\\researchbot\\backend\\logs\\research_assistant_20250907_115551.log')}
2025-09-07 12:11:44,772 - DEBUG - 1 change detected: {(<Change.modified: 2>, 'E:\\Next JS\\researchbot\\backend\\logs\\research_assistant_20250907_115551.log')}
2025-09-07 12:11:45,208 - DEBUG - 1 change detected: {(<Change.modified: 2>, 'E:\\Next JS\\researchbot\\backend\\logs\\research_assistant_20250907_115551.log')}
2025-09-07 12:11:45,582 - DEBUG - 1 change detected: {(<Change.modified: 2>, 'E:\\Next JS\\researchbot\\backend\\logs\\research_assistant_20250907_115551.log')}
2025-09-07 12:11:46,000 - DEBUG - 1 change detected: {(<Change.modified: 2>, 'E:\\Next JS\\researchbot\\backend\\logs\\research_assistant_20250907_115551.log')}
2025-09-07 12:11:46,374 - DEBUG - 1 change detected: {(<Change.modified: 2>, 'E:\\Next JS\\researchbot\\backend\\logs\\research_assistant_20250907_115551.log')}
2025-09-07 12:11:46,800 - DEBUG - 1 change detected: {(<Change.modified: 2>, 'E:\\Next JS\\researchbot\\backend\\logs\\research_assistant_20250907_115551.log')}
2025-09-07 12:11:47,243 - DEBUG - 1 change detected: {(<Change.modified: 2>, 'E:\\Next JS\\researchbot\\backend\\logs\\research_assistant_20250907_115551.log')}
2025-09-07 12:11:47,690 - DEBUG - 1 change detected: {(<Change.modified: 2>, 'E:\\Next JS\\researchbot\\backend\\logs\\research_assistant_20250907_115551.log')}
2025-09-07 12:11:48,077 - DEBUG - 1 change detected: {(<Change.modified: 2>, 'E:\\Next JS\\researchbot\\backend\\logs\\research_assistant_20250907_115551.log')}
2025-09-07 12:11:48,495 - DEBUG - 1 change detected: {(<Change.modified: 2>, 'E:\\Next JS\\researchbot\\backend\\logs\\research_assistant_20250907_115551.log')}
2025-09-07 12:11:48,858 - DEBUG - 1 change detected: {(<Change.modified: 2>, 'E:\\Next JS\\researchbot\\backend\\logs\\research_assistant_20250907_115551.log')}
2025-09-07 12:11:49,321 - DEBUG - 1 change detected: {(<Change.modified: 2>, 'E:\\Next JS\\researchbot\\backend\\logs\\research_assistant_20250907_115551.log')}
2025-09-07 12:11:49,765 - DEBUG - 1 change detected: {(<Change.modified: 2>, 'E:\\Next JS\\researchbot\\backend\\logs\\research_assistant_20250907_115551.log')}
2025-09-07 12:11:50,329 - DEBUG - 1 change detected: {(<Change.modified: 2>, 'E:\\Next JS\\researchbot\\backend\\logs\\research_assistant_20250907_115551.log')}
2025-09-07 12:11:50,736 - DEBUG - 1 change detected: {(<Change.modified: 2>, 'E:\\Next JS\\researchbot\\backend\\logs\\research_assistant_20250907_115551.log')}
2025-09-07 12:11:51,093 - DEBUG - 1 change detected: {(<Change.modified: 2>, 'E:\\Next JS\\researchbot\\backend\\logs\\research_assistant_20250907_115551.log')}
2025-09-07 12:11:51,510 - DEBUG - 1 change detected: {(<Change.modified: 2>, 'E:\\Next JS\\researchbot\\backend\\logs\\research_assistant_20250907_115551.log')}
2025-09-07 12:11:51,927 - DEBUG - 1 change detected: {(<Change.modified: 2>, 'E:\\Next JS\\researchbot\\backend\\logs\\research_assistant_20250907_115551.log')}
2025-09-07 12:11:52,299 - DEBUG - 1 change detected: {(<Change.modified: 2>, 'E:\\Next JS\\researchbot\\backend\\logs\\research_assistant_20250907_115551.log')}
2025-09-07 12:11:53,232 - DEBUG - 1 change detected: {(<Change.modified: 2>, 'E:\\Next JS\\researchbot\\backend\\logs\\research_assistant_20250907_115551.log')}
2025-09-07 12:11:53,599 - DEBUG - 1 change detected: {(<Change.modified: 2>, 'E:\\Next JS\\researchbot\\backend\\logs\\research_assistant_20250907_115551.log')}
2025-09-07 12:11:54,324 - DEBUG - 1 change detected: {(<Change.modified: 2>, 'E:\\Next JS\\researchbot\\backend\\logs\\research_assistant_20250907_115551.log')}
2025-09-07 12:11:54,702 - DEBUG - 1 change detected: {(<Change.modified: 2>, 'E:\\Next JS\\researchbot\\backend\\logs\\research_assistant_20250907_115551.log')}
2025-09-07 12:11:55,082 - DEBUG - 1 change detected: {(<Change.modified: 2>, 'E:\\Next JS\\researchbot\\backend\\logs\\research_assistant_20250907_115551.log')}
2025-09-07 12:11:55,441 - DEBUG - 1 change detected: {(<Change.modified: 2>, 'E:\\Next JS\\researchbot\\backend\\logs\\research_assistant_20250907_115551.log')}
2025-09-07 12:11:55,794 - DEBUG - 1 change detected: {(<Change.modified: 2>, 'E:\\Next JS\\researchbot\\backend\\logs\\research_assistant_20250907_115551.log')}
2025-09-07 12:11:56,235 - DEBUG - 1 change detected: {(<Change.modified: 2>, 'E:\\Next JS\\researchbot\\backend\\logs\\research_assistant_20250907_115551.log')}
2025-09-07 12:11:56,594 - DEBUG - 1 change detected: {(<Change.modified: 2>, 'E:\\Next JS\\researchbot\\backend\\logs\\research_assistant_20250907_115551.log')}
2025-09-07 12:11:57,002 - DEBUG - 1 change detected: {(<Change.modified: 2>, 'E:\\Next JS\\researchbot\\backend\\logs\\research_assistant_20250907_115551.log')}
2025-09-07 12:11:57,407 - DEBUG - 1 change detected: {(<Change.modified: 2>, 'E:\\Next JS\\researchbot\\backend\\logs\\research_assistant_20250907_115551.log')}
2025-09-07 12:11:57,832 - DEBUG - 1 change detected: {(<Change.modified: 2>, 'E:\\Next JS\\researchbot\\backend\\logs\\research_assistant_20250907_115551.log')}
2025-09-07 12:11:58,251 - DEBUG - 1 change detected: {(<Change.modified: 2>, 'E:\\Next JS\\researchbot\\backend\\logs\\research_assistant_20250907_115551.log')}
2025-09-07 12:11:58,672 - DEBUG - 1 change detected: {(<Change.modified: 2>, 'E:\\Next JS\\researchbot\\backend\\logs\\research_assistant_20250907_115551.log')}
2025-09-07 12:11:59,024 - DEBUG - 1 change detected: {(<Change.modified: 2>, 'E:\\Next JS\\researchbot\\backend\\logs\\research_assistant_20250907_115551.log')}
2025-09-07 12:11:59,901 - DEBUG - 1 change detected: {(<Change.modified: 2>, 'E:\\Next JS\\researchbot\\backend\\logs\\research_assistant_20250907_115551.log')}
2025-09-07 12:12:00,323 - DEBUG - 1 change detected: {(<Change.modified: 2>, 'E:\\Next JS\\researchbot\\backend\\logs\\research_assistant_20250907_115551.log')}
2025-09-07 12:12:00,830 - DEBUG - 1 change detected: {(<Change.modified: 2>, 'E:\\Next JS\\researchbot\\backend\\logs\\research_assistant_20250907_115551.log')}
2025-09-07 12:12:01,246 - DEBUG - 1 change detected: {(<Change.modified: 2>, 'E:\\Next JS\\researchbot\\backend\\logs\\research_assistant_20250907_115551.log')}
2025-09-07 12:12:01,670 - DEBUG - 1 change detected: {(<Change.modified: 2>, 'E:\\Next JS\\researchbot\\backend\\logs\\research_assistant_20250907_115551.log')}
2025-09-07 12:12:02,046 - DEBUG - 1 change detected: {(<Change.modified: 2>, 'E:\\Next JS\\researchbot\\backend\\logs\\research_assistant_20250907_115551.log')}
2025-09-07 12:12:02,452 - DEBUG - 1 change detected: {(<Change.modified: 2>, 'E:\\Next JS\\researchbot\\backend\\logs\\research_assistant_20250907_115551.log')}
2025-09-07 12:12:02,876 - DEBUG - 1 change detected: {(<Change.modified: 2>, 'E:\\Next JS\\researchbot\\backend\\logs\\research_assistant_20250907_115551.log')}
2025-09-07 12:12:03,285 - DEBUG - 1 change detected: {(<Change.modified: 2>, 'E:\\Next JS\\researchbot\\backend\\logs\\research_assistant_20250907_115551.log')}
2025-09-07 12:12:03,709 - DEBUG - 1 change detected: {(<Change.modified: 2>, 'E:\\Next JS\\researchbot\\backend\\logs\\research_assistant_20250907_115551.log')}
2025-09-07 12:12:04,075 - DEBUG - 1 change detected: {(<Change.modified: 2>, 'E:\\Next JS\\researchbot\\backend\\logs\\research_assistant_20250907_115551.log')}
2025-09-07 12:12:04,495 - DEBUG - 1 change detected: {(<Change.modified: 2>, 'E:\\Next JS\\researchbot\\backend\\logs\\research_assistant_20250907_115551.log')}
2025-09-07 12:12:04,859 - DEBUG - 1 change detected: {(<Change.modified: 2>, 'E:\\Next JS\\researchbot\\backend\\logs\\research_assistant_20250907_115551.log')}
2025-09-07 12:12:05,278 - DEBUG - 1 change detected: {(<Change.modified: 2>, 'E:\\Next JS\\researchbot\\backend\\logs\\research_assistant_20250907_115551.log')}
2025-09-07 12:12:05,684 - DEBUG - 1 change detected: {(<Change.modified: 2>, 'E:\\Next JS\\researchbot\\backend\\logs\\research_assistant_20250907_115551.log')}
2025-09-07 12:12:06,106 - DEBUG - 1 change detected: {(<Change.modified: 2>, 'E:\\Next JS\\researchbot\\backend\\logs\\research_assistant_20250907_115551.log')}
2025-09-07 12:12:06,479 - DEBUG - 1 change detected: {(<Change.modified: 2>, 'E:\\Next JS\\researchbot\\backend\\logs\\research_assistant_20250907_115551.log')}
2025-09-07 12:12:06,888 - DEBUG - 1 change detected: {(<Change.modified: 2>, 'E:\\Next JS\\researchbot\\backend\\logs\\research_assistant_20250907_115551.log')}
2025-09-07 12:12:07,310 - DEBUG - 1 change detected: {(<Change.modified: 2>, 'E:\\Next JS\\researchbot\\backend\\logs\\research_assistant_20250907_115551.log')}
2025-09-07 12:12:07,671 - DEBUG - 1 change detected: {(<Change.modified: 2>, 'E:\\Next JS\\researchbot\\backend\\logs\\research_assistant_20250907_115551.log')}
2025-09-07 12:12:08,094 - DEBUG - 1 change detected: {(<Change.modified: 2>, 'E:\\Next JS\\researchbot\\backend\\logs\\research_assistant_20250907_115551.log')}
2025-09-07 12:12:08,511 - DEBUG - 1 change detected: {(<Change.modified: 2>, 'E:\\Next JS\\researchbot\\backend\\logs\\research_assistant_20250907_115551.log')}
2025-09-07 12:12:09,022 - DEBUG - 1 change detected: {(<Change.modified: 2>, 'E:\\Next JS\\researchbot\\backend\\logs\\research_assistant_20250907_115551.log')}
2025-09-07 12:12:09,456 - DEBUG - 1 change detected: {(<Change.modified: 2>, 'E:\\Next JS\\researchbot\\backend\\logs\\research_assistant_20250907_115551.log')}
2025-09-07 12:12:09,818 - DEBUG - 1 change detected: {(<Change.modified: 2>, 'E:\\Next JS\\researchbot\\backend\\logs\\research_assistant_20250907_115551.log')}
2025-09-07 12:12:10,235 - DEBUG - 1 change detected: {(<Change.modified: 2>, 'E:\\Next JS\\researchbot\\backend\\logs\\research_assistant_20250907_115551.log')}
2025-09-07 12:12:10,661 - DEBUG - 1 change detected: {(<Change.modified: 2>, 'E:\\Next JS\\researchbot\\backend\\logs\\research_assistant_20250907_115551.log')}
2025-09-07 12:12:11,057 - DEBUG - 1 change detected: {(<Change.modified: 2>, 'E:\\Next JS\\researchbot\\backend\\logs\\research_assistant_20250907_115551.log')}
2025-09-07 12:12:11,508 - DEBUG - 1 change detected: {(<Change.modified: 2>, 'E:\\Next JS\\researchbot\\backend\\logs\\research_assistant_20250907_115551.log')}
2025-09-07 12:12:11,923 - DEBUG - 1 change detected: {(<Change.modified: 2>, 'E:\\Next JS\\researchbot\\backend\\logs\\research_assistant_20250907_115551.log')}
2025-09-07 12:12:12,339 - DEBUG - 1 change detected: {(<Change.modified: 2>, 'E:\\Next JS\\researchbot\\backend\\logs\\research_assistant_20250907_115551.log')}
2025-09-07 12:12:12,765 - DEBUG - 1 change detected: {(<Change.modified: 2>, 'E:\\Next JS\\researchbot\\backend\\logs\\research_assistant_20250907_115551.log')}
2025-09-07 12:12:13,142 - DEBUG - 1 change detected: {(<Change.modified: 2>, 'E:\\Next JS\\researchbot\\backend\\logs\\research_assistant_20250907_115551.log')}
2025-09-07 12:12:13,564 - DEBUG - 1 change detected: {(<Change.modified: 2>, 'E:\\Next JS\\researchbot\\backend\\logs\\research_assistant_20250907_115551.log')}
2025-09-07 12:12:13,973 - DEBUG - 1 change detected: {(<Change.modified: 2>, 'E:\\Next JS\\researchbot\\backend\\logs\\research_assistant_20250907_115551.log')}
2025-09-07 12:12:14,395 - DEBUG - 1 change detected: {(<Change.modified: 2>, 'E:\\Next JS\\researchbot\\backend\\logs\\research_assistant_20250907_115551.log')}
2025-09-07 12:12:14,751 - DEBUG - 1 change detected: {(<Change.modified: 2>, 'E:\\Next JS\\researchbot\\backend\\logs\\research_assistant_20250907_115551.log')}
2025-09-07 12:12:15,283 - DEBUG - 1 change detected: {(<Change.modified: 2>, 'E:\\Next JS\\researchbot\\backend\\logs\\research_assistant_20250907_115551.log')}
2025-09-07 12:12:15,696 - DEBUG - 1 change detected: {(<Change.modified: 2>, 'E:\\Next JS\\researchbot\\backend\\logs\\research_assistant_20250907_115551.log')}
2025-09-07 12:12:16,123 - DEBUG - 1 change detected: {(<Change.modified: 2>, 'E:\\Next JS\\researchbot\\backend\\logs\\research_assistant_20250907_115551.log')}
2025-09-07 12:12:16,649 - DEBUG - 1 change detected: {(<Change.modified: 2>, 'E:\\Next JS\\researchbot\\backend\\logs\\research_assistant_20250907_115551.log')}
2025-09-07 12:12:17,064 - DEBUG - 1 change detected: {(<Change.modified: 2>, 'E:\\Next JS\\researchbot\\backend\\logs\\research_assistant_20250907_115551.log')}
2025-09-07 12:12:17,476 - DEBUG - 1 change detected: {(<Change.modified: 2>, 'E:\\Next JS\\researchbot\\backend\\logs\\research_assistant_20250907_115551.log')}
2025-09-07 12:12:17,855 - DEBUG - 1 change detected: {(<Change.modified: 2>, 'E:\\Next JS\\researchbot\\backend\\logs\\research_assistant_20250907_115551.log')}
2025-09-07 12:12:18,273 - DEBUG - 1 change detected: {(<Change.modified: 2>, 'E:\\Next JS\\researchbot\\backend\\logs\\research_assistant_20250907_115551.log')}
2025-09-07 12:12:18,689 - DEBUG - 1 change detected: {(<Change.modified: 2>, 'E:\\Next JS\\researchbot\\backend\\logs\\research_assistant_20250907_115551.log')}
2025-09-07 12:12:19,105 - DEBUG - 1 change detected: {(<Change.modified: 2>, 'E:\\Next JS\\researchbot\\backend\\logs\\research_assistant_20250907_115551.log')}
2025-09-07 12:12:19,490 - DEBUG - 1 change detected: {(<Change.modified: 2>, 'E:\\Next JS\\researchbot\\backend\\logs\\research_assistant_20250907_115551.log')}
2025-09-07 12:12:19,911 - DEBUG - 1 change detected: {(<Change.modified: 2>, 'E:\\Next JS\\researchbot\\backend\\logs\\research_assistant_20250907_115551.log')}
2025-09-07 12:12:20,269 - DEBUG - 1 change detected: {(<Change.modified: 2>, 'E:\\Next JS\\researchbot\\backend\\logs\\research_assistant_20250907_115551.log')}
2025-09-07 12:12:20,704 - DEBUG - 1 change detected: {(<Change.modified: 2>, 'E:\\Next JS\\researchbot\\backend\\logs\\research_assistant_20250907_115551.log')}
2025-09-07 12:12:21,063 - DEBUG - 1 change detected: {(<Change.modified: 2>, 'E:\\Next JS\\researchbot\\backend\\logs\\research_assistant_20250907_115551.log')}
2025-09-07 12:12:21,476 - DEBUG - 1 change detected: {(<Change.modified: 2>, 'E:\\Next JS\\researchbot\\backend\\logs\\research_assistant_20250907_115551.log')}
2025-09-07 12:12:21,940 - DEBUG - 1 change detected: {(<Change.modified: 2>, 'E:\\Next JS\\researchbot\\backend\\logs\\research_assistant_20250907_115551.log')}
2025-09-07 12:12:22,473 - DEBUG - 1 change detected: {(<Change.modified: 2>, 'E:\\Next JS\\researchbot\\backend\\logs\\research_assistant_20250907_115551.log')}
2025-09-07 12:12:22,851 - DEBUG - 1 change detected: {(<Change.modified: 2>, 'E:\\Next JS\\researchbot\\backend\\logs\\research_assistant_20250907_115551.log')}
2025-09-07 12:12:23,263 - DEBUG - 1 change detected: {(<Change.modified: 2>, 'E:\\Next JS\\researchbot\\backend\\logs\\research_assistant_20250907_115551.log')}
2025-09-07 12:12:23,691 - DEBUG - 1 change detected: {(<Change.modified: 2>, 'E:\\Next JS\\researchbot\\backend\\logs\\research_assistant_20250907_115551.log')}
2025-09-07 12:12:24,054 - DEBUG - 1 change detected: {(<Change.modified: 2>, 'E:\\Next JS\\researchbot\\backend\\logs\\research_assistant_20250907_115551.log')}
2025-09-07 12:12:24,461 - DEBUG - 1 change detected: {(<Change.modified: 2>, 'E:\\Next JS\\researchbot\\backend\\logs\\research_assistant_20250907_115551.log')}
2025-09-07 12:12:24,878 - DEBUG - 1 change detected: {(<Change.modified: 2>, 'E:\\Next JS\\researchbot\\backend\\logs\\research_assistant_20250907_115551.log')}
2025-09-07 12:12:25,289 - DEBUG - 1 change detected: {(<Change.modified: 2>, 'E:\\Next JS\\researchbot\\backend\\logs\\research_assistant_20250907_115551.log')}
2025-09-07 12:12:25,709 - DEBUG - 1 change detected: {(<Change.modified: 2>, 'E:\\Next JS\\researchbot\\backend\\logs\\research_assistant_20250907_115551.log')}
2025-09-07 12:12:26,066 - DEBUG - 1 change detected: {(<Change.modified: 2>, 'E:\\Next JS\\researchbot\\backend\\logs\\research_assistant_20250907_115551.log')}
2025-09-07 12:12:26,482 - DEBUG - 1 change detected: {(<Change.modified: 2>, 'E:\\Next JS\\researchbot\\backend\\logs\\research_assistant_20250907_115551.log')}
2025-09-07 12:12:26,913 - DEBUG - 1 change detected: {(<Change.modified: 2>, 'E:\\Next JS\\researchbot\\backend\\logs\\research_assistant_20250907_115551.log')}
2025-09-07 12:12:27,333 - DEBUG - 1 change detected: {(<Change.modified: 2>, 'E:\\Next JS\\researchbot\\backend\\logs\\research_assistant_20250907_115551.log')}
2025-09-07 12:12:27,765 - DEBUG - 1 change detected: {(<Change.modified: 2>, 'E:\\Next JS\\researchbot\\backend\\logs\\research_assistant_20250907_115551.log')}
2025-09-07 12:12:28,127 - DEBUG - 1 change detected: {(<Change.modified: 2>, 'E:\\Next JS\\researchbot\\backend\\logs\\research_assistant_20250907_115551.log')}
2025-09-07 12:12:28,548 - DEBUG - 1 change detected: {(<Change.modified: 2>, 'E:\\Next JS\\researchbot\\backend\\logs\\research_assistant_20250907_115551.log')}
2025-09-07 12:12:28,979 - DEBUG - 1 change detected: {(<Change.modified: 2>, 'E:\\Next JS\\researchbot\\backend\\logs\\research_assistant_20250907_115551.log')}
2025-09-07 12:12:29,413 - DEBUG - 1 change detected: {(<Change.modified: 2>, 'E:\\Next JS\\researchbot\\backend\\logs\\research_assistant_20250907_115551.log')}
2025-09-07 12:12:29,861 - DEBUG - 1 change detected: {(<Change.modified: 2>, 'E:\\Next JS\\researchbot\\backend\\logs\\research_assistant_20250907_115551.log')}
2025-09-07 12:12:30,333 - DEBUG - 1 change detected: {(<Change.modified: 2>, 'E:\\Next JS\\researchbot\\backend\\logs\\research_assistant_20250907_115551.log')}
2025-09-07 12:12:30,709 - DEBUG - 1 change detected: {(<Change.modified: 2>, 'E:\\Next JS\\researchbot\\backend\\logs\\research_assistant_20250907_115551.log')}
2025-09-07 12:12:31,141 - DEBUG - 1 change detected: {(<Change.modified: 2>, 'E:\\Next JS\\researchbot\\backend\\logs\\research_assistant_20250907_115551.log')}
2025-09-07 12:12:31,500 - DEBUG - 1 change detected: {(<Change.modified: 2>, 'E:\\Next JS\\researchbot\\backend\\logs\\research_assistant_20250907_115551.log')}
2025-09-07 12:12:31,902 - DEBUG - 1 change detected: {(<Change.modified: 2>, 'E:\\Next JS\\researchbot\\backend\\logs\\research_assistant_20250907_115551.log')}
2025-09-07 12:12:32,326 - DEBUG - 1 change detected: {(<Change.modified: 2>, 'E:\\Next JS\\researchbot\\backend\\logs\\research_assistant_20250907_115551.log')}
2025-09-07 12:12:32,683 - DEBUG - 1 change detected: {(<Change.modified: 2>, 'E:\\Next JS\\researchbot\\backend\\logs\\research_assistant_20250907_115551.log')}
2025-09-07 12:12:33,106 - DEBUG - 1 change detected: {(<Change.modified: 2>, 'E:\\Next JS\\researchbot\\backend\\logs\\research_assistant_20250907_115551.log')}
2025-09-07 12:12:33,532 - DEBUG - 1 change detected: {(<Change.modified: 2>, 'E:\\Next JS\\researchbot\\backend\\logs\\research_assistant_20250907_115551.log')}
2025-09-07 12:12:33,906 - DEBUG - 1 change detected: {(<Change.modified: 2>, 'E:\\Next JS\\researchbot\\backend\\logs\\research_assistant_20250907_115551.log')}
2025-09-07 12:12:34,320 - DEBUG - 1 change detected: {(<Change.modified: 2>, 'E:\\Next JS\\researchbot\\backend\\logs\\research_assistant_20250907_115551.log')}
2025-09-07 12:12:34,747 - DEBUG - 1 change detected: {(<Change.modified: 2>, 'E:\\Next JS\\researchbot\\backend\\logs\\research_assistant_20250907_115551.log')}
2025-09-07 12:12:35,116 - DEBUG - 1 change detected: {(<Change.modified: 2>, 'E:\\Next JS\\researchbot\\backend\\logs\\research_assistant_20250907_115551.log')}
2025-09-07 12:12:35,803 - DEBUG - 1 change detected: {(<Change.modified: 2>, 'E:\\Next JS\\researchbot\\backend\\logs\\research_assistant_20250907_115551.log')}
2025-09-07 12:12:36,171 - DEBUG - 1 change detected: {(<Change.modified: 2>, 'E:\\Next JS\\researchbot\\backend\\logs\\research_assistant_20250907_115551.log')}
2025-09-07 12:12:36,569 - DEBUG - 1 change detected: {(<Change.modified: 2>, 'E:\\Next JS\\researchbot\\backend\\logs\\research_assistant_20250907_115551.log')}
2025-09-07 12:12:37,018 - DEBUG - 1 change detected: {(<Change.modified: 2>, 'E:\\Next JS\\researchbot\\backend\\logs\\research_assistant_20250907_115551.log')}
2025-09-07 12:12:37,384 - DEBUG - 1 change detected: {(<Change.modified: 2>, 'E:\\Next JS\\researchbot\\backend\\logs\\research_assistant_20250907_115551.log')}
2025-09-07 12:12:37,854 - DEBUG - 1 change detected: {(<Change.modified: 2>, 'E:\\Next JS\\researchbot\\backend\\logs\\research_assistant_20250907_115551.log')}
2025-09-07 12:12:38,318 - DEBUG - 1 change detected: {(<Change.modified: 2>, 'E:\\Next JS\\researchbot\\backend\\logs\\research_assistant_20250907_115551.log')}
2025-09-07 12:12:38,729 - DEBUG - 1 change detected: {(<Change.modified: 2>, 'E:\\Next JS\\researchbot\\backend\\logs\\research_assistant_20250907_115551.log')}
2025-09-07 12:12:39,188 - DEBUG - 1 change detected: {(<Change.modified: 2>, 'E:\\Next JS\\researchbot\\backend\\logs\\research_assistant_20250907_115551.log')}
2025-09-07 12:12:39,598 - DEBUG - 1 change detected: {(<Change.modified: 2>, 'E:\\Next JS\\researchbot\\backend\\logs\\research_assistant_20250907_115551.log')}
2025-09-07 12:12:40,031 - DEBUG - 1 change detected: {(<Change.modified: 2>, 'E:\\Next JS\\researchbot\\backend\\logs\\research_assistant_20250907_115551.log')}
2025-09-07 12:12:40,717 - DEBUG - 1 change detected: {(<Change.modified: 2>, 'E:\\Next JS\\researchbot\\backend\\logs\\research_assistant_20250907_115551.log')}
2025-09-07 12:12:41,072 - DEBUG - 1 change detected: {(<Change.modified: 2>, 'E:\\Next JS\\researchbot\\backend\\logs\\research_assistant_20250907_115551.log')}
2025-09-07 12:12:41,480 - DEBUG - 1 change detected: {(<Change.modified: 2>, 'E:\\Next JS\\researchbot\\backend\\logs\\research_assistant_20250907_115551.log')}
2025-09-07 12:12:41,901 - DEBUG - 1 change detected: {(<Change.modified: 2>, 'E:\\Next JS\\researchbot\\backend\\logs\\research_assistant_20250907_115551.log')}
2025-09-07 12:12:42,311 - DEBUG - 1 change detected: {(<Change.modified: 2>, 'E:\\Next JS\\researchbot\\backend\\logs\\research_assistant_20250907_115551.log')}
2025-09-07 12:12:42,732 - DEBUG - 1 change detected: {(<Change.modified: 2>, 'E:\\Next JS\\researchbot\\backend\\logs\\research_assistant_20250907_115551.log')}
2025-09-07 12:12:43,108 - DEBUG - 1 change detected: {(<Change.modified: 2>, 'E:\\Next JS\\researchbot\\backend\\logs\\research_assistant_20250907_115551.log')}
2025-09-07 12:12:43,530 - DEBUG - 1 change detected: {(<Change.modified: 2>, 'E:\\Next JS\\researchbot\\backend\\logs\\research_assistant_20250907_115551.log')}
2025-09-07 12:12:43,952 - DEBUG - 1 change detected: {(<Change.modified: 2>, 'E:\\Next JS\\researchbot\\backend\\logs\\research_assistant_20250907_115551.log')}
2025-09-07 12:12:44,322 - DEBUG - 1 change detected: {(<Change.modified: 2>, 'E:\\Next JS\\researchbot\\backend\\logs\\research_assistant_20250907_115551.log')}
2025-09-07 12:12:44,961 - DEBUG - 1 change detected: {(<Change.modified: 2>, 'E:\\Next JS\\researchbot\\backend\\logs\\research_assistant_20250907_115551.log')}
2025-09-07 12:12:45,333 - DEBUG - 1 change detected: {(<Change.modified: 2>, 'E:\\Next JS\\researchbot\\backend\\logs\\research_assistant_20250907_115551.log')}
2025-09-07 12:12:45,691 - DEBUG - 1 change detected: {(<Change.modified: 2>, 'E:\\Next JS\\researchbot\\backend\\logs\\research_assistant_20250907_115551.log')}
2025-09-07 12:12:46,680 - DEBUG - 1 change detected: {(<Change.modified: 2>, 'E:\\Next JS\\researchbot\\backend\\logs\\research_assistant_20250907_115551.log')}
2025-09-07 12:12:47,749 - DEBUG - 1 change detected: {(<Change.modified: 2>, 'E:\\Next JS\\researchbot\\backend\\logs\\research_assistant_20250907_115551.log')}
2025-09-07 12:12:48,736 - DEBUG - 1 change detected: {(<Change.modified: 2>, 'E:\\Next JS\\researchbot\\backend\\logs\\research_assistant_20250907_115551.log')}
2025-09-07 12:12:49,137 - DEBUG - 1 change detected: {(<Change.modified: 2>, 'E:\\Next JS\\researchbot\\backend\\logs\\research_assistant_20250907_115551.log')}
2025-09-07 12:12:49,747 - DEBUG - 1 change detected: {(<Change.modified: 2>, 'E:\\Next JS\\researchbot\\backend\\logs\\research_assistant_20250907_115551.log')}
2025-09-07 12:12:50,143 - DEBUG - 1 change detected: {(<Change.modified: 2>, 'E:\\Next JS\\researchbot\\backend\\logs\\research_assistant_20250907_115551.log')}
2025-09-07 12:12:50,510 - DEBUG - 1 change detected: {(<Change.modified: 2>, 'E:\\Next JS\\researchbot\\backend\\logs\\research_assistant_20250907_115551.log')}
2025-09-07 12:12:50,881 - DEBUG - 1 change detected: {(<Change.modified: 2>, 'E:\\Next JS\\researchbot\\backend\\logs\\research_assistant_20250907_115551.log')}
2025-09-07 12:12:51,242 - DEBUG - 1 change detected: {(<Change.modified: 2>, 'E:\\Next JS\\researchbot\\backend\\logs\\research_assistant_20250907_115551.log')}
2025-09-07 12:12:51,653 - DEBUG - 1 change detected: {(<Change.modified: 2>, 'E:\\Next JS\\researchbot\\backend\\logs\\research_assistant_20250907_115551.log')}
2025-09-07 12:12:52,067 - DEBUG - 1 change detected: {(<Change.modified: 2>, 'E:\\Next JS\\researchbot\\backend\\logs\\research_assistant_20250907_115551.log')}
2025-09-07 12:12:52,488 - DEBUG - 1 change detected: {(<Change.modified: 2>, 'E:\\Next JS\\researchbot\\backend\\logs\\research_assistant_20250907_115551.log')}
2025-09-07 12:12:52,853 - DEBUG - 1 change detected: {(<Change.modified: 2>, 'E:\\Next JS\\researchbot\\backend\\logs\\research_assistant_20250907_115551.log')}
2025-09-07 12:12:53,327 - DEBUG - 1 change detected: {(<Change.modified: 2>, 'E:\\Next JS\\researchbot\\backend\\logs\\research_assistant_20250907_115551.log')}
2025-09-07 12:12:53,711 - DEBUG - 1 change detected: {(<Change.modified: 2>, 'E:\\Next JS\\researchbot\\backend\\logs\\research_assistant_20250907_115551.log')}
2025-09-07 12:12:54,122 - DEBUG - 1 change detected: {(<Change.modified: 2>, 'E:\\Next JS\\researchbot\\backend\\logs\\research_assistant_20250907_115551.log')}
2025-09-07 12:12:54,526 - DEBUG - 1 change detected: {(<Change.modified: 2>, 'E:\\Next JS\\researchbot\\backend\\logs\\research_assistant_20250907_115551.log')}
2025-09-07 12:12:54,955 - DEBUG - 1 change detected: {(<Change.modified: 2>, 'E:\\Next JS\\researchbot\\backend\\logs\\research_assistant_20250907_115551.log')}
2025-09-07 12:12:55,350 - DEBUG - 1 change detected: {(<Change.modified: 2>, 'E:\\Next JS\\researchbot\\backend\\logs\\research_assistant_20250907_115551.log')}
2025-09-07 12:12:55,820 - DEBUG - 1 change detected: {(<Change.modified: 2>, 'E:\\Next JS\\researchbot\\backend\\logs\\research_assistant_20250907_115551.log')}
2025-09-07 12:12:56,225 - DEBUG - 1 change detected: {(<Change.modified: 2>, 'E:\\Next JS\\researchbot\\backend\\logs\\research_assistant_20250907_115551.log')}
2025-09-07 12:12:56,642 - DEBUG - 1 change detected: {(<Change.modified: 2>, 'E:\\Next JS\\researchbot\\backend\\logs\\research_assistant_20250907_115551.log')}
2025-09-07 12:12:57,017 - DEBUG - 1 change detected: {(<Change.modified: 2>, 'E:\\Next JS\\researchbot\\backend\\logs\\research_assistant_20250907_115551.log')}
2025-09-07 12:12:57,446 - DEBUG - 1 change detected: {(<Change.modified: 2>, 'E:\\Next JS\\researchbot\\backend\\logs\\research_assistant_20250907_115551.log')}
2025-09-07 12:12:57,922 - DEBUG - 1 change detected: {(<Change.modified: 2>, 'E:\\Next JS\\researchbot\\backend\\logs\\research_assistant_20250907_115551.log')}
2025-09-07 12:12:58,325 - DEBUG - 1 change detected: {(<Change.modified: 2>, 'E:\\Next JS\\researchbot\\backend\\logs\\research_assistant_20250907_115551.log')}
2025-09-07 12:12:58,691 - DEBUG - 1 change detected: {(<Change.modified: 2>, 'E:\\Next JS\\researchbot\\backend\\logs\\research_assistant_20250907_115551.log')}
2025-09-07 12:12:59,126 - DEBUG - 1 change detected: {(<Change.modified: 2>, 'E:\\Next JS\\researchbot\\backend\\logs\\research_assistant_20250907_115551.log')}
2025-09-07 12:12:59,537 - DEBUG - 1 change detected: {(<Change.modified: 2>, 'E:\\Next JS\\researchbot\\backend\\logs\\research_assistant_20250907_115551.log')}
2025-09-07 12:12:59,944 - DEBUG - 1 change detected: {(<Change.modified: 2>, 'E:\\Next JS\\researchbot\\backend\\logs\\research_assistant_20250907_115551.log')}
2025-09-07 12:13:00,299 - DEBUG - 1 change detected: {(<Change.modified: 2>, 'E:\\Next JS\\researchbot\\backend\\logs\\research_assistant_20250907_115551.log')}
2025-09-07 12:13:00,722 - DEBUG - 1 change detected: {(<Change.modified: 2>, 'E:\\Next JS\\researchbot\\backend\\logs\\research_assistant_20250907_115551.log')}
2025-09-07 12:13:01,142 - DEBUG - 1 change detected: {(<Change.modified: 2>, 'E:\\Next JS\\researchbot\\backend\\logs\\research_assistant_20250907_115551.log')}
2025-09-07 12:13:01,509 - DEBUG - 1 change detected: {(<Change.modified: 2>, 'E:\\Next JS\\researchbot\\backend\\logs\\research_assistant_20250907_115551.log')}
2025-09-07 12:13:02,025 - DEBUG - 1 change detected: {(<Change.modified: 2>, 'E:\\Next JS\\researchbot\\backend\\logs\\research_assistant_20250907_115551.log')}
2025-09-07 12:13:02,437 - DEBUG - 1 change detected: {(<Change.modified: 2>, 'E:\\Next JS\\researchbot\\backend\\logs\\research_assistant_20250907_115551.log')}
2025-09-07 12:13:02,852 - DEBUG - 1 change detected: {(<Change.modified: 2>, 'E:\\Next JS\\researchbot\\backend\\logs\\research_assistant_20250907_115551.log')}
2025-09-07 12:13:03,268 - DEBUG - 1 change detected: {(<Change.modified: 2>, 'E:\\Next JS\\researchbot\\backend\\logs\\research_assistant_20250907_115551.log')}
2025-09-07 12:13:03,699 - DEBUG - 1 change detected: {(<Change.modified: 2>, 'E:\\Next JS\\researchbot\\backend\\logs\\research_assistant_20250907_115551.log')}
2025-09-07 12:13:04,115 - DEBUG - 1 change detected: {(<Change.modified: 2>, 'E:\\Next JS\\researchbot\\backend\\logs\\research_assistant_20250907_115551.log')}
2025-09-07 12:13:04,540 - DEBUG - 1 change detected: {(<Change.modified: 2>, 'E:\\Next JS\\researchbot\\backend\\logs\\research_assistant_20250907_115551.log')}
2025-09-07 12:13:05,022 - DEBUG - 1 change detected: {(<Change.modified: 2>, 'E:\\Next JS\\researchbot\\backend\\logs\\research_assistant_20250907_115551.log')}
2025-09-07 12:13:05,462 - DEBUG - 1 change detected: {(<Change.modified: 2>, 'E:\\Next JS\\researchbot\\backend\\logs\\research_assistant_20250907_115551.log')}
2025-09-07 12:13:05,835 - DEBUG - 1 change detected: {(<Change.modified: 2>, 'E:\\Next JS\\researchbot\\backend\\logs\\research_assistant_20250907_115551.log')}
2025-09-07 12:13:06,309 - DEBUG - 1 change detected: {(<Change.modified: 2>, 'E:\\Next JS\\researchbot\\backend\\logs\\research_assistant_20250907_115551.log')}
2025-09-07 12:13:06,735 - DEBUG - 1 change detected: {(<Change.modified: 2>, 'E:\\Next JS\\researchbot\\backend\\logs\\research_assistant_20250907_115551.log')}
2025-09-07 12:13:07,144 - DEBUG - 1 change detected: {(<Change.modified: 2>, 'E:\\Next JS\\researchbot\\backend\\logs\\research_assistant_20250907_115551.log')}
2025-09-07 12:13:07,610 - DEBUG - 1 change detected: {(<Change.modified: 2>, 'E:\\Next JS\\researchbot\\backend\\logs\\research_assistant_20250907_115551.log')}
2025-09-07 12:13:08,049 - DEBUG - 1 change detected: {(<Change.modified: 2>, 'E:\\Next JS\\researchbot\\backend\\logs\\research_assistant_20250907_115551.log')}
2025-09-07 12:13:08,460 - DEBUG - 1 change detected: {(<Change.modified: 2>, 'E:\\Next JS\\researchbot\\backend\\logs\\research_assistant_20250907_115551.log')}
2025-09-07 12:13:08,928 - DEBUG - 1 change detected: {(<Change.modified: 2>, 'E:\\Next JS\\researchbot\\backend\\logs\\research_assistant_20250907_115551.log')}
2025-09-07 12:13:09,406 - DEBUG - 1 change detected: {(<Change.modified: 2>, 'E:\\Next JS\\researchbot\\backend\\logs\\research_assistant_20250907_115551.log')}
2025-09-07 12:13:09,774 - DEBUG - 1 change detected: {(<Change.modified: 2>, 'E:\\Next JS\\researchbot\\backend\\logs\\research_assistant_20250907_115551.log')}
2025-09-07 12:13:10,192 - DEBUG - 1 change detected: {(<Change.modified: 2>, 'E:\\Next JS\\researchbot\\backend\\logs\\research_assistant_20250907_115551.log')}
2025-09-07 12:13:10,558 - DEBUG - 1 change detected: {(<Change.modified: 2>, 'E:\\Next JS\\researchbot\\backend\\logs\\research_assistant_20250907_115551.log')}
2025-09-07 12:13:10,972 - DEBUG - 1 change detected: {(<Change.modified: 2>, 'E:\\Next JS\\researchbot\\backend\\logs\\research_assistant_20250907_115551.log')}
2025-09-07 12:13:11,389 - DEBUG - 1 change detected: {(<Change.modified: 2>, 'E:\\Next JS\\researchbot\\backend\\logs\\research_assistant_20250907_115551.log')}
2025-09-07 12:13:11,869 - DEBUG - 1 change detected: {(<Change.modified: 2>, 'E:\\Next JS\\researchbot\\backend\\logs\\research_assistant_20250907_115551.log')}
2025-09-07 12:13:12,277 - DEBUG - 1 change detected: {(<Change.modified: 2>, 'E:\\Next JS\\researchbot\\backend\\logs\\research_assistant_20250907_115551.log')}
2025-09-07 12:13:12,687 - DEBUG - 1 change detected: {(<Change.modified: 2>, 'E:\\Next JS\\researchbot\\backend\\logs\\research_assistant_20250907_115551.log')}
2025-09-07 12:13:13,107 - DEBUG - 1 change detected: {(<Change.modified: 2>, 'E:\\Next JS\\researchbot\\backend\\logs\\research_assistant_20250907_115551.log')}
2025-09-07 12:13:13,475 - DEBUG - 1 change detected: {(<Change.modified: 2>, 'E:\\Next JS\\researchbot\\backend\\logs\\research_assistant_20250907_115551.log')}
2025-09-07 12:13:13,935 - DEBUG - 1 change detected: {(<Change.modified: 2>, 'E:\\Next JS\\researchbot\\backend\\logs\\research_assistant_20250907_115551.log')}
2025-09-07 12:13:14,298 - DEBUG - 1 change detected: {(<Change.modified: 2>, 'E:\\Next JS\\researchbot\\backend\\logs\\research_assistant_20250907_115551.log')}
2025-09-07 12:13:14,711 - DEBUG - 1 change detected: {(<Change.modified: 2>, 'E:\\Next JS\\researchbot\\backend\\logs\\research_assistant_20250907_115551.log')}
2025-09-07 12:13:15,165 - DEBUG - 1 change detected: {(<Change.modified: 2>, 'E:\\Next JS\\researchbot\\backend\\logs\\research_assistant_20250907_115551.log')}
2025-09-07 12:13:15,677 - DEBUG - 1 change detected: {(<Change.modified: 2>, 'E:\\Next JS\\researchbot\\backend\\logs\\research_assistant_20250907_115551.log')}
2025-09-07 12:13:16,141 - DEBUG - 1 change detected: {(<Change.modified: 2>, 'E:\\Next JS\\researchbot\\backend\\logs\\research_assistant_20250907_115551.log')}
2025-09-07 12:13:16,561 - DEBUG - 1 change detected: {(<Change.modified: 2>, 'E:\\Next JS\\researchbot\\backend\\logs\\research_assistant_20250907_115551.log')}
2025-09-07 12:13:17,039 - DEBUG - 1 change detected: {(<Change.modified: 2>, 'E:\\Next JS\\researchbot\\backend\\logs\\research_assistant_20250907_115551.log')}
2025-09-07 12:13:17,465 - DEBUG - 1 change detected: {(<Change.modified: 2>, 'E:\\Next JS\\researchbot\\backend\\logs\\research_assistant_20250907_115551.log')}
2025-09-07 12:13:17,895 - DEBUG - 1 change detected: {(<Change.modified: 2>, 'E:\\Next JS\\researchbot\\backend\\logs\\research_assistant_20250907_115551.log')}
2025-09-07 12:13:18,313 - DEBUG - 1 change detected: {(<Change.modified: 2>, 'E:\\Next JS\\researchbot\\backend\\logs\\research_assistant_20250907_115551.log')}
2025-09-07 12:13:18,740 - DEBUG - 1 change detected: {(<Change.modified: 2>, 'E:\\Next JS\\researchbot\\backend\\logs\\research_assistant_20250907_115551.log')}
2025-09-07 12:13:19,219 - DEBUG - 1 change detected: {(<Change.modified: 2>, 'E:\\Next JS\\researchbot\\backend\\logs\\research_assistant_20250907_115551.log')}
2025-09-07 12:13:19,629 - DEBUG - 1 change detected: {(<Change.modified: 2>, 'E:\\Next JS\\researchbot\\backend\\logs\\research_assistant_20250907_115551.log')}
2025-09-07 12:13:20,048 - DEBUG - 1 change detected: {(<Change.modified: 2>, 'E:\\Next JS\\researchbot\\backend\\logs\\research_assistant_20250907_115551.log')}
2025-09-07 12:13:20,526 - DEBUG - 1 change detected: {(<Change.modified: 2>, 'E:\\Next JS\\researchbot\\backend\\logs\\research_assistant_20250907_115551.log')}
2025-09-07 12:13:20,949 - DEBUG - 1 change detected: {(<Change.modified: 2>, 'E:\\Next JS\\researchbot\\backend\\logs\\research_assistant_20250907_115551.log')}
2025-09-07 12:13:21,378 - DEBUG - 1 change detected: {(<Change.modified: 2>, 'E:\\Next JS\\researchbot\\backend\\logs\\research_assistant_20250907_115551.log')}
2025-09-07 12:13:21,923 - DEBUG - 1 change detected: {(<Change.modified: 2>, 'E:\\Next JS\\researchbot\\backend\\logs\\research_assistant_20250907_115551.log')}
2025-09-07 12:13:22,360 - DEBUG - 1 change detected: {(<Change.modified: 2>, 'E:\\Next JS\\researchbot\\backend\\logs\\research_assistant_20250907_115551.log')}
2025-09-07 12:13:22,771 - DEBUG - 1 change detected: {(<Change.modified: 2>, 'E:\\Next JS\\researchbot\\backend\\logs\\research_assistant_20250907_115551.log')}
2025-09-07 12:13:23,175 - DEBUG - 1 change detected: {(<Change.modified: 2>, 'E:\\Next JS\\researchbot\\backend\\logs\\research_assistant_20250907_115551.log')}
2025-09-07 12:13:23,641 - DEBUG - 1 change detected: {(<Change.modified: 2>, 'E:\\Next JS\\researchbot\\backend\\logs\\research_assistant_20250907_115551.log')}
2025-09-07 12:13:24,113 - DEBUG - 1 change detected: {(<Change.modified: 2>, 'E:\\Next JS\\researchbot\\backend\\logs\\research_assistant_20250907_115551.log')}
2025-09-07 12:13:24,545 - DEBUG - 1 change detected: {(<Change.modified: 2>, 'E:\\Next JS\\researchbot\\backend\\logs\\research_assistant_20250907_115551.log')}
2025-09-07 12:13:25,090 - DEBUG - 1 change detected: {(<Change.modified: 2>, 'E:\\Next JS\\researchbot\\backend\\logs\\research_assistant_20250907_115551.log')}
2025-09-07 12:13:25,554 - DEBUG - 1 change detected: {(<Change.modified: 2>, 'E:\\Next JS\\researchbot\\backend\\logs\\research_assistant_20250907_115551.log')}
2025-09-07 12:13:25,977 - DEBUG - 1 change detected: {(<Change.modified: 2>, 'E:\\Next JS\\researchbot\\backend\\logs\\research_assistant_20250907_115551.log')}
2025-09-07 12:13:26,437 - DEBUG - 1 change detected: {(<Change.modified: 2>, 'E:\\Next JS\\researchbot\\backend\\logs\\research_assistant_20250907_115551.log')}
2025-09-07 12:13:26,854 - DEBUG - 1 change detected: {(<Change.modified: 2>, 'E:\\Next JS\\researchbot\\backend\\logs\\research_assistant_20250907_115551.log')}
2025-09-07 12:13:27,275 - DEBUG - 1 change detected: {(<Change.modified: 2>, 'E:\\Next JS\\researchbot\\backend\\logs\\research_assistant_20250907_115551.log')}
2025-09-07 12:13:27,709 - DEBUG - 1 change detected: {(<Change.modified: 2>, 'E:\\Next JS\\researchbot\\backend\\logs\\research_assistant_20250907_115551.log')}
2025-09-07 12:13:28,182 - DEBUG - 1 change detected: {(<Change.modified: 2>, 'E:\\Next JS\\researchbot\\backend\\logs\\research_assistant_20250907_115551.log')}
2025-09-07 12:13:28,656 - DEBUG - 1 change detected: {(<Change.modified: 2>, 'E:\\Next JS\\researchbot\\backend\\logs\\research_assistant_20250907_115551.log')}
2025-09-07 12:13:29,118 - DEBUG - 1 change detected: {(<Change.modified: 2>, 'E:\\Next JS\\researchbot\\backend\\logs\\research_assistant_20250907_115551.log')}
2025-09-07 12:13:29,629 - DEBUG - 1 change detected: {(<Change.modified: 2>, 'E:\\Next JS\\researchbot\\backend\\logs\\research_assistant_20250907_115551.log')}
2025-09-07 12:13:30,099 - DEBUG - 1 change detected: {(<Change.modified: 2>, 'E:\\Next JS\\researchbot\\backend\\logs\\research_assistant_20250907_115551.log')}
2025-09-07 12:13:30,565 - DEBUG - 1 change detected: {(<Change.modified: 2>, 'E:\\Next JS\\researchbot\\backend\\logs\\research_assistant_20250907_115551.log')}
2025-09-07 12:13:30,988 - DEBUG - 1 change detected: {(<Change.modified: 2>, 'E:\\Next JS\\researchbot\\backend\\logs\\research_assistant_20250907_115551.log')}
2025-09-07 12:13:31,399 - DEBUG - 1 change detected: {(<Change.modified: 2>, 'E:\\Next JS\\researchbot\\backend\\logs\\research_assistant_20250907_115551.log')}
2025-09-07 12:13:31,820 - DEBUG - 1 change detected: {(<Change.modified: 2>, 'E:\\Next JS\\researchbot\\backend\\logs\\research_assistant_20250907_115551.log')}
2025-09-07 12:13:32,223 - DEBUG - 1 change detected: {(<Change.modified: 2>, 'E:\\Next JS\\researchbot\\backend\\logs\\research_assistant_20250907_115551.log')}
2025-09-07 12:13:32,632 - DEBUG - 1 change detected: {(<Change.modified: 2>, 'E:\\Next JS\\researchbot\\backend\\logs\\research_assistant_20250907_115551.log')}
2025-09-07 12:13:33,062 - DEBUG - 1 change detected: {(<Change.modified: 2>, 'E:\\Next JS\\researchbot\\backend\\logs\\research_assistant_20250907_115551.log')}
2025-09-07 12:13:33,478 - DEBUG - 1 change detected: {(<Change.modified: 2>, 'E:\\Next JS\\researchbot\\backend\\logs\\research_assistant_20250907_115551.log')}
2025-09-07 12:13:33,904 - DEBUG - 1 change detected: {(<Change.modified: 2>, 'E:\\Next JS\\researchbot\\backend\\logs\\research_assistant_20250907_115551.log')}
2025-09-07 12:13:34,330 - DEBUG - 1 change detected: {(<Change.modified: 2>, 'E:\\Next JS\\researchbot\\backend\\logs\\research_assistant_20250907_115551.log')}
2025-09-07 12:13:34,759 - DEBUG - 1 change detected: {(<Change.modified: 2>, 'E:\\Next JS\\researchbot\\backend\\logs\\research_assistant_20250907_115551.log')}
2025-09-07 12:13:35,234 - DEBUG - 1 change detected: {(<Change.modified: 2>, 'E:\\Next JS\\researchbot\\backend\\logs\\research_assistant_20250907_115551.log')}
2025-09-07 12:13:35,657 - DEBUG - 1 change detected: {(<Change.modified: 2>, 'E:\\Next JS\\researchbot\\backend\\logs\\research_assistant_20250907_115551.log')}
2025-09-07 12:13:36,076 - DEBUG - 1 change detected: {(<Change.modified: 2>, 'E:\\Next JS\\researchbot\\backend\\logs\\research_assistant_20250907_115551.log')}
2025-09-07 12:13:36,557 - DEBUG - 1 change detected: {(<Change.modified: 2>, 'E:\\Next JS\\researchbot\\backend\\logs\\research_assistant_20250907_115551.log')}
2025-09-07 12:13:36,977 - DEBUG - 1 change detected: {(<Change.modified: 2>, 'E:\\Next JS\\researchbot\\backend\\logs\\research_assistant_20250907_115551.log')}
2025-09-07 12:13:37,388 - DEBUG - 1 change detected: {(<Change.modified: 2>, 'E:\\Next JS\\researchbot\\backend\\logs\\research_assistant_20250907_115551.log')}
2025-09-07 12:13:37,865 - DEBUG - 1 change detected: {(<Change.modified: 2>, 'E:\\Next JS\\researchbot\\backend\\logs\\research_assistant_20250907_115551.log')}
2025-09-07 12:13:38,353 - DEBUG - 1 change detected: {(<Change.modified: 2>, 'E:\\Next JS\\researchbot\\backend\\logs\\research_assistant_20250907_115551.log')}
2025-09-07 12:13:38,770 - DEBUG - 1 change detected: {(<Change.modified: 2>, 'E:\\Next JS\\researchbot\\backend\\logs\\research_assistant_20250907_115551.log')}
2025-09-07 12:13:39,187 - DEBUG - 1 change detected: {(<Change.modified: 2>, 'E:\\Next JS\\researchbot\\backend\\logs\\research_assistant_20250907_115551.log')}
2025-09-07 12:13:39,644 - DEBUG - 1 change detected: {(<Change.modified: 2>, 'E:\\Next JS\\researchbot\\backend\\logs\\research_assistant_20250907_115551.log')}
2025-09-07 12:13:40,059 - DEBUG - 1 change detected: {(<Change.modified: 2>, 'E:\\Next JS\\researchbot\\backend\\logs\\research_assistant_20250907_115551.log')}
2025-09-07 12:13:40,469 - DEBUG - 1 change detected: {(<Change.modified: 2>, 'E:\\Next JS\\researchbot\\backend\\logs\\research_assistant_20250907_115551.log')}
2025-09-07 12:13:40,883 - DEBUG - 1 change detected: {(<Change.modified: 2>, 'E:\\Next JS\\researchbot\\backend\\logs\\research_assistant_20250907_115551.log')}
2025-09-07 12:13:41,332 - DEBUG - 1 change detected: {(<Change.modified: 2>, 'E:\\Next JS\\researchbot\\backend\\logs\\research_assistant_20250907_115551.log')}
2025-09-07 12:13:41,807 - DEBUG - 1 change detected: {(<Change.modified: 2>, 'E:\\Next JS\\researchbot\\backend\\logs\\research_assistant_20250907_115551.log')}
2025-09-07 12:13:42,230 - DEBUG - 1 change detected: {(<Change.modified: 2>, 'E:\\Next JS\\researchbot\\backend\\logs\\research_assistant_20250907_115551.log')}
2025-09-07 12:13:42,648 - DEBUG - 1 change detected: {(<Change.modified: 2>, 'E:\\Next JS\\researchbot\\backend\\logs\\research_assistant_20250907_115551.log')}
2025-09-07 12:13:43,131 - DEBUG - 1 change detected: {(<Change.modified: 2>, 'E:\\Next JS\\researchbot\\backend\\logs\\research_assistant_20250907_115551.log')}
2025-09-07 12:13:43,596 - DEBUG - 1 change detected: {(<Change.modified: 2>, 'E:\\Next JS\\researchbot\\backend\\logs\\research_assistant_20250907_115551.log')}
2025-09-07 12:13:44,014 - DEBUG - 1 change detected: {(<Change.modified: 2>, 'E:\\Next JS\\researchbot\\backend\\logs\\research_assistant_20250907_115551.log')}
2025-09-07 12:13:44,437 - DEBUG - 1 change detected: {(<Change.modified: 2>, 'E:\\Next JS\\researchbot\\backend\\logs\\research_assistant_20250907_115551.log')}
2025-09-07 12:13:44,921 - DEBUG - 1 change detected: {(<Change.modified: 2>, 'E:\\Next JS\\researchbot\\backend\\logs\\research_assistant_20250907_115551.log')}
2025-09-07 12:13:45,379 - DEBUG - 1 change detected: {(<Change.modified: 2>, 'E:\\Next JS\\researchbot\\backend\\logs\\research_assistant_20250907_115551.log')}
2025-09-07 12:13:45,868 - DEBUG - 1 change detected: {(<Change.modified: 2>, 'E:\\Next JS\\researchbot\\backend\\logs\\research_assistant_20250907_115551.log')}
2025-09-07 12:13:46,337 - DEBUG - 1 change detected: {(<Change.modified: 2>, 'E:\\Next JS\\researchbot\\backend\\logs\\research_assistant_20250907_115551.log')}
2025-09-07 12:13:46,767 - DEBUG - 1 change detected: {(<Change.modified: 2>, 'E:\\Next JS\\researchbot\\backend\\logs\\research_assistant_20250907_115551.log')}
2025-09-07 12:13:47,232 - DEBUG - 1 change detected: {(<Change.modified: 2>, 'E:\\Next JS\\researchbot\\backend\\logs\\research_assistant_20250907_115551.log')}
2025-09-07 12:13:47,646 - DEBUG - 1 change detected: {(<Change.modified: 2>, 'E:\\Next JS\\researchbot\\backend\\logs\\research_assistant_20250907_115551.log')}
2025-09-07 12:13:48,143 - DEBUG - 1 change detected: {(<Change.modified: 2>, 'E:\\Next JS\\researchbot\\backend\\logs\\research_assistant_20250907_115551.log')}
2025-09-07 12:13:48,601 - DEBUG - 1 change detected: {(<Change.modified: 2>, 'E:\\Next JS\\researchbot\\backend\\logs\\research_assistant_20250907_115551.log')}
2025-09-07 12:13:48,961 - DEBUG - 1 change detected: {(<Change.modified: 2>, 'E:\\Next JS\\researchbot\\backend\\logs\\research_assistant_20250907_115551.log')}
2025-09-07 12:13:49,380 - DEBUG - 1 change detected: {(<Change.modified: 2>, 'E:\\Next JS\\researchbot\\backend\\logs\\research_assistant_20250907_115551.log')}
2025-09-07 12:13:49,739 - DEBUG - 1 change detected: {(<Change.modified: 2>, 'E:\\Next JS\\researchbot\\backend\\logs\\research_assistant_20250907_115551.log')}
2025-09-07 12:13:50,168 - DEBUG - 1 change detected: {(<Change.modified: 2>, 'E:\\Next JS\\researchbot\\backend\\logs\\research_assistant_20250907_115551.log')}
2025-09-07 12:13:50,538 - DEBUG - 1 change detected: {(<Change.modified: 2>, 'E:\\Next JS\\researchbot\\backend\\logs\\research_assistant_20250907_115551.log')}
2025-09-07 12:13:50,971 - DEBUG - 1 change detected: {(<Change.modified: 2>, 'E:\\Next JS\\researchbot\\backend\\logs\\research_assistant_20250907_115551.log')}
2025-09-07 12:13:51,384 - DEBUG - 1 change detected: {(<Change.modified: 2>, 'E:\\Next JS\\researchbot\\backend\\logs\\research_assistant_20250907_115551.log')}
2025-09-07 12:13:51,750 - DEBUG - 1 change detected: {(<Change.modified: 2>, 'E:\\Next JS\\researchbot\\backend\\logs\\research_assistant_20250907_115551.log')}
2025-09-07 12:13:52,203 - DEBUG - 1 change detected: {(<Change.modified: 2>, 'E:\\Next JS\\researchbot\\backend\\logs\\research_assistant_20250907_115551.log')}
2025-09-07 12:13:52,625 - DEBUG - 1 change detected: {(<Change.modified: 2>, 'E:\\Next JS\\researchbot\\backend\\logs\\research_assistant_20250907_115551.log')}
2025-09-07 12:13:53,101 - DEBUG - 1 change detected: {(<Change.modified: 2>, 'E:\\Next JS\\researchbot\\backend\\logs\\research_assistant_20250907_115551.log')}
2025-09-07 12:13:53,514 - DEBUG - 1 change detected: {(<Change.modified: 2>, 'E:\\Next JS\\researchbot\\backend\\logs\\research_assistant_20250907_115551.log')}
2025-09-07 12:13:53,935 - DEBUG - 1 change detected: {(<Change.modified: 2>, 'E:\\Next JS\\researchbot\\backend\\logs\\research_assistant_20250907_115551.log')}
2025-09-07 12:13:54,474 - DEBUG - 1 change detected: {(<Change.modified: 2>, 'E:\\Next JS\\researchbot\\backend\\logs\\research_assistant_20250907_115551.log')}
2025-09-07 12:13:54,939 - DEBUG - 1 change detected: {(<Change.modified: 2>, 'E:\\Next JS\\researchbot\\backend\\logs\\research_assistant_20250907_115551.log')}
2025-09-07 12:13:55,382 - DEBUG - 1 change detected: {(<Change.modified: 2>, 'E:\\Next JS\\researchbot\\backend\\logs\\research_assistant_20250907_115551.log')}
2025-09-07 12:13:55,843 - DEBUG - 1 change detected: {(<Change.modified: 2>, 'E:\\Next JS\\researchbot\\backend\\logs\\research_assistant_20250907_115551.log')}
2025-09-07 12:13:56,263 - DEBUG - 1 change detected: {(<Change.modified: 2>, 'E:\\Next JS\\researchbot\\backend\\logs\\research_assistant_20250907_115551.log')}
2025-09-07 12:13:56,669 - DEBUG - 1 change detected: {(<Change.modified: 2>, 'E:\\Next JS\\researchbot\\backend\\logs\\research_assistant_20250907_115551.log')}
2025-09-07 12:13:57,082 - DEBUG - 1 change detected: {(<Change.modified: 2>, 'E:\\Next JS\\researchbot\\backend\\logs\\research_assistant_20250907_115551.log')}
2025-09-07 12:13:57,509 - DEBUG - 1 change detected: {(<Change.modified: 2>, 'E:\\Next JS\\researchbot\\backend\\logs\\research_assistant_20250907_115551.log')}
2025-09-07 12:13:57,919 - DEBUG - 1 change detected: {(<Change.modified: 2>, 'E:\\Next JS\\researchbot\\backend\\logs\\research_assistant_20250907_115551.log')}
2025-09-07 12:13:58,343 - DEBUG - 1 change detected: {(<Change.modified: 2>, 'E:\\Next JS\\researchbot\\backend\\logs\\research_assistant_20250907_115551.log')}
2025-09-07 12:13:58,810 - DEBUG - 1 change detected: {(<Change.modified: 2>, 'E:\\Next JS\\researchbot\\backend\\logs\\research_assistant_20250907_115551.log')}
2025-09-07 12:13:59,178 - DEBUG - 1 change detected: {(<Change.modified: 2>, 'E:\\Next JS\\researchbot\\backend\\logs\\research_assistant_20250907_115551.log')}
2025-09-07 12:13:59,583 - DEBUG - 1 change detected: {(<Change.modified: 2>, 'E:\\Next JS\\researchbot\\backend\\logs\\research_assistant_20250907_115551.log')}
2025-09-07 12:14:00,085 - DEBUG - 1 change detected: {(<Change.modified: 2>, 'E:\\Next JS\\researchbot\\backend\\logs\\research_assistant_20250907_115551.log')}
2025-09-07 12:14:00,496 - DEBUG - 1 change detected: {(<Change.modified: 2>, 'E:\\Next JS\\researchbot\\backend\\logs\\research_assistant_20250907_115551.log')}
2025-09-07 12:14:01,439 - DEBUG - 1 change detected: {(<Change.modified: 2>, 'E:\\Next JS\\researchbot\\backend\\logs\\research_assistant_20250907_115551.log')}
2025-09-07 12:14:01,898 - DEBUG - 1 change detected: {(<Change.modified: 2>, 'E:\\Next JS\\researchbot\\backend\\logs\\research_assistant_20250907_115551.log')}
2025-09-07 12:14:02,255 - DEBUG - 1 change detected: {(<Change.modified: 2>, 'E:\\Next JS\\researchbot\\backend\\logs\\research_assistant_20250907_115551.log')}
2025-09-07 12:14:02,626 - DEBUG - 1 change detected: {(<Change.modified: 2>, 'E:\\Next JS\\researchbot\\backend\\logs\\research_assistant_20250907_115551.log')}
2025-09-07 12:14:03,043 - DEBUG - 1 change detected: {(<Change.modified: 2>, 'E:\\Next JS\\researchbot\\backend\\logs\\research_assistant_20250907_115551.log')}
2025-09-07 12:14:03,459 - DEBUG - 1 change detected: {(<Change.modified: 2>, 'E:\\Next JS\\researchbot\\backend\\logs\\research_assistant_20250907_115551.log')}
2025-09-07 12:14:03,887 - DEBUG - 1 change detected: {(<Change.modified: 2>, 'E:\\Next JS\\researchbot\\backend\\logs\\research_assistant_20250907_115551.log')}
2025-09-07 12:14:04,257 - DEBUG - 1 change detected: {(<Change.modified: 2>, 'E:\\Next JS\\researchbot\\backend\\logs\\research_assistant_20250907_115551.log')}
2025-09-07 12:14:04,622 - DEBUG - 1 change detected: {(<Change.modified: 2>, 'E:\\Next JS\\researchbot\\backend\\logs\\research_assistant_20250907_115551.log')}
2025-09-07 12:14:05,147 - DEBUG - 1 change detected: {(<Change.modified: 2>, 'E:\\Next JS\\researchbot\\backend\\logs\\research_assistant_20250907_115551.log')}
2025-09-07 12:14:05,603 - DEBUG - 1 change detected: {(<Change.modified: 2>, 'E:\\Next JS\\researchbot\\backend\\logs\\research_assistant_20250907_115551.log')}
2025-09-07 12:14:06,019 - DEBUG - 1 change detected: {(<Change.modified: 2>, 'E:\\Next JS\\researchbot\\backend\\logs\\research_assistant_20250907_115551.log')}
2025-09-07 12:14:06,451 - DEBUG - 1 change detected: {(<Change.modified: 2>, 'E:\\Next JS\\researchbot\\backend\\logs\\research_assistant_20250907_115551.log')}
2025-09-07 12:14:06,869 - DEBUG - 1 change detected: {(<Change.modified: 2>, 'E:\\Next JS\\researchbot\\backend\\logs\\research_assistant_20250907_115551.log')}
2025-09-07 12:14:07,282 - DEBUG - 1 change detected: {(<Change.modified: 2>, 'E:\\Next JS\\researchbot\\backend\\logs\\research_assistant_20250907_115551.log')}
2025-09-07 12:14:07,667 - DEBUG - 1 change detected: {(<Change.modified: 2>, 'E:\\Next JS\\researchbot\\backend\\logs\\research_assistant_20250907_115551.log')}
2025-09-07 12:14:08,129 - DEBUG - 1 change detected: {(<Change.modified: 2>, 'E:\\Next JS\\researchbot\\backend\\logs\\research_assistant_20250907_115551.log')}
2025-09-07 12:14:08,501 - DEBUG - 1 change detected: {(<Change.modified: 2>, 'E:\\Next JS\\researchbot\\backend\\logs\\research_assistant_20250907_115551.log')}
2025-09-07 12:14:08,915 - DEBUG - 1 change detected: {(<Change.modified: 2>, 'E:\\Next JS\\researchbot\\backend\\logs\\research_assistant_20250907_115551.log')}
2025-09-07 12:14:09,346 - DEBUG - 1 change detected: {(<Change.modified: 2>, 'E:\\Next JS\\researchbot\\backend\\logs\\research_assistant_20250907_115551.log')}
2025-09-07 12:14:09,753 - DEBUG - 1 change detected: {(<Change.modified: 2>, 'E:\\Next JS\\researchbot\\backend\\logs\\research_assistant_20250907_115551.log')}
2025-09-07 12:14:10,167 - DEBUG - 1 change detected: {(<Change.modified: 2>, 'E:\\Next JS\\researchbot\\backend\\logs\\research_assistant_20250907_115551.log')}
2025-09-07 12:14:10,602 - DEBUG - 1 change detected: {(<Change.modified: 2>, 'E:\\Next JS\\researchbot\\backend\\logs\\research_assistant_20250907_115551.log')}
2025-09-07 12:14:10,962 - DEBUG - 1 change detected: {(<Change.modified: 2>, 'E:\\Next JS\\researchbot\\backend\\logs\\research_assistant_20250907_115551.log')}
2025-09-07 12:14:11,378 - DEBUG - 1 change detected: {(<Change.modified: 2>, 'E:\\Next JS\\researchbot\\backend\\logs\\research_assistant_20250907_115551.log')}
2025-09-07 12:14:11,787 - DEBUG - 1 change detected: {(<Change.modified: 2>, 'E:\\Next JS\\researchbot\\backend\\logs\\research_assistant_20250907_115551.log')}
2025-09-07 12:14:12,147 - DEBUG - 1 change detected: {(<Change.modified: 2>, 'E:\\Next JS\\researchbot\\backend\\logs\\research_assistant_20250907_115551.log')}
2025-09-07 12:14:12,600 - DEBUG - 1 change detected: {(<Change.modified: 2>, 'E:\\Next JS\\researchbot\\backend\\logs\\research_assistant_20250907_115551.log')}
2025-09-07 12:14:13,014 - DEBUG - 1 change detected: {(<Change.modified: 2>, 'E:\\Next JS\\researchbot\\backend\\logs\\research_assistant_20250907_115551.log')}
2025-09-07 12:14:13,379 - DEBUG - 1 change detected: {(<Change.modified: 2>, 'E:\\Next JS\\researchbot\\backend\\logs\\research_assistant_20250907_115551.log')}
2025-09-07 12:14:13,793 - DEBUG - 1 change detected: {(<Change.modified: 2>, 'E:\\Next JS\\researchbot\\backend\\logs\\research_assistant_20250907_115551.log')}
2025-09-07 12:14:14,213 - DEBUG - 1 change detected: {(<Change.modified: 2>, 'E:\\Next JS\\researchbot\\backend\\logs\\research_assistant_20250907_115551.log')}
2025-09-07 12:14:14,625 - DEBUG - 1 change detected: {(<Change.modified: 2>, 'E:\\Next JS\\researchbot\\backend\\logs\\research_assistant_20250907_115551.log')}
2025-09-07 12:14:15,002 - DEBUG - 1 change detected: {(<Change.modified: 2>, 'E:\\Next JS\\researchbot\\backend\\logs\\research_assistant_20250907_115551.log')}
2025-09-07 12:14:15,500 - DEBUG - 1 change detected: {(<Change.modified: 2>, 'E:\\Next JS\\researchbot\\backend\\logs\\research_assistant_20250907_115551.log')}
2025-09-07 12:14:16,001 - DEBUG - 1 change detected: {(<Change.modified: 2>, 'E:\\Next JS\\researchbot\\backend\\logs\\research_assistant_20250907_115551.log')}
2025-09-07 12:14:16,363 - DEBUG - 1 change detected: {(<Change.modified: 2>, 'E:\\Next JS\\researchbot\\backend\\logs\\research_assistant_20250907_115551.log')}
2025-09-07 12:14:16,771 - DEBUG - 1 change detected: {(<Change.modified: 2>, 'E:\\Next JS\\researchbot\\backend\\logs\\research_assistant_20250907_115551.log')}
2025-09-07 12:14:17,138 - DEBUG - 1 change detected: {(<Change.modified: 2>, 'E:\\Next JS\\researchbot\\backend\\logs\\research_assistant_20250907_115551.log')}
2025-09-07 12:14:17,704 - DEBUG - 1 change detected: {(<Change.modified: 2>, 'E:\\Next JS\\researchbot\\backend\\logs\\research_assistant_20250907_115551.log')}
2025-09-07 12:14:18,069 - DEBUG - 1 change detected: {(<Change.modified: 2>, 'E:\\Next JS\\researchbot\\backend\\logs\\research_assistant_20250907_115551.log')}
2025-09-07 12:14:18,487 - DEBUG - 1 change detected: {(<Change.modified: 2>, 'E:\\Next JS\\researchbot\\backend\\logs\\research_assistant_20250907_115551.log')}
2025-09-07 12:14:18,900 - DEBUG - 1 change detected: {(<Change.modified: 2>, 'E:\\Next JS\\researchbot\\backend\\logs\\research_assistant_20250907_115551.log')}
2025-09-07 12:14:19,267 - DEBUG - 1 change detected: {(<Change.modified: 2>, 'E:\\Next JS\\researchbot\\backend\\logs\\research_assistant_20250907_115551.log')}
2025-09-07 12:14:19,681 - DEBUG - 1 change detected: {(<Change.modified: 2>, 'E:\\Next JS\\researchbot\\backend\\logs\\research_assistant_20250907_115551.log')}
2025-09-07 12:14:20,113 - DEBUG - 1 change detected: {(<Change.modified: 2>, 'E:\\Next JS\\researchbot\\backend\\logs\\research_assistant_20250907_115551.log')}
2025-09-07 12:14:20,537 - DEBUG - 1 change detected: {(<Change.modified: 2>, 'E:\\Next JS\\researchbot\\backend\\logs\\research_assistant_20250907_115551.log')}
2025-09-07 12:14:20,893 - DEBUG - 1 change detected: {(<Change.modified: 2>, 'E:\\Next JS\\researchbot\\backend\\logs\\research_assistant_20250907_115551.log')}
2025-09-07 12:14:21,300 - DEBUG - 1 change detected: {(<Change.modified: 2>, 'E:\\Next JS\\researchbot\\backend\\logs\\research_assistant_20250907_115551.log')}
2025-09-07 12:14:21,719 - DEBUG - 1 change detected: {(<Change.modified: 2>, 'E:\\Next JS\\researchbot\\backend\\logs\\research_assistant_20250907_115551.log')}
2025-09-07 12:14:22,130 - DEBUG - 1 change detected: {(<Change.modified: 2>, 'E:\\Next JS\\researchbot\\backend\\logs\\research_assistant_20250907_115551.log')}
2025-09-07 12:14:22,715 - DEBUG - 1 change detected: {(<Change.modified: 2>, 'E:\\Next JS\\researchbot\\backend\\logs\\research_assistant_20250907_115551.log')}
2025-09-07 12:14:23,084 - DEBUG - 1 change detected: {(<Change.modified: 2>, 'E:\\Next JS\\researchbot\\backend\\logs\\research_assistant_20250907_115551.log')}
2025-09-07 12:14:23,458 - DEBUG - 1 change detected: {(<Change.modified: 2>, 'E:\\Next JS\\researchbot\\backend\\logs\\research_assistant_20250907_115551.log')}
2025-09-07 12:14:23,878 - DEBUG - 1 change detected: {(<Change.modified: 2>, 'E:\\Next JS\\researchbot\\backend\\logs\\research_assistant_20250907_115551.log')}
2025-09-07 12:14:24,313 - DEBUG - 1 change detected: {(<Change.modified: 2>, 'E:\\Next JS\\researchbot\\backend\\logs\\research_assistant_20250907_115551.log')}
2025-09-07 12:14:24,681 - DEBUG - 1 change detected: {(<Change.modified: 2>, 'E:\\Next JS\\researchbot\\backend\\logs\\research_assistant_20250907_115551.log')}
2025-09-07 12:14:25,161 - DEBUG - 1 change detected: {(<Change.modified: 2>, 'E:\\Next JS\\researchbot\\backend\\logs\\research_assistant_20250907_115551.log')}
2025-09-07 12:14:25,575 - DEBUG - 1 change detected: {(<Change.modified: 2>, 'E:\\Next JS\\researchbot\\backend\\logs\\research_assistant_20250907_115551.log')}
2025-09-07 12:14:25,987 - DEBUG - 1 change detected: {(<Change.modified: 2>, 'E:\\Next JS\\researchbot\\backend\\logs\\research_assistant_20250907_115551.log')}
2025-09-07 12:14:26,409 - DEBUG - 1 change detected: {(<Change.modified: 2>, 'E:\\Next JS\\researchbot\\backend\\logs\\research_assistant_20250907_115551.log')}
2025-09-07 12:14:26,928 - DEBUG - 1 change detected: {(<Change.modified: 2>, 'E:\\Next JS\\researchbot\\backend\\logs\\research_assistant_20250907_115551.log')}
2025-09-07 12:14:27,338 - DEBUG - 1 change detected: {(<Change.modified: 2>, 'E:\\Next JS\\researchbot\\backend\\logs\\research_assistant_20250907_115551.log')}
2025-09-07 12:14:27,756 - DEBUG - 1 change detected: {(<Change.modified: 2>, 'E:\\Next JS\\researchbot\\backend\\logs\\research_assistant_20250907_115551.log')}
2025-09-07 12:14:28,180 - DEBUG - 1 change detected: {(<Change.modified: 2>, 'E:\\Next JS\\researchbot\\backend\\logs\\research_assistant_20250907_115551.log')}
2025-09-07 12:14:28,555 - DEBUG - 1 change detected: {(<Change.modified: 2>, 'E:\\Next JS\\researchbot\\backend\\logs\\research_assistant_20250907_115551.log')}
2025-09-07 12:14:29,026 - DEBUG - 1 change detected: {(<Change.modified: 2>, 'E:\\Next JS\\researchbot\\backend\\logs\\research_assistant_20250907_115551.log')}
2025-09-07 12:14:29,488 - DEBUG - 1 change detected: {(<Change.modified: 2>, 'E:\\Next JS\\researchbot\\backend\\logs\\research_assistant_20250907_115551.log')}
2025-09-07 12:14:29,855 - DEBUG - 1 change detected: {(<Change.modified: 2>, 'E:\\Next JS\\researchbot\\backend\\logs\\research_assistant_20250907_115551.log')}
2025-09-07 12:14:30,273 - DEBUG - 1 change detected: {(<Change.modified: 2>, 'E:\\Next JS\\researchbot\\backend\\logs\\research_assistant_20250907_115551.log')}
2025-09-07 12:14:30,794 - DEBUG - 1 change detected: {(<Change.modified: 2>, 'E:\\Next JS\\researchbot\\backend\\logs\\research_assistant_20250907_115551.log')}
2025-09-07 12:14:31,160 - DEBUG - 1 change detected: {(<Change.modified: 2>, 'E:\\Next JS\\researchbot\\backend\\logs\\research_assistant_20250907_115551.log')}
2025-09-07 12:14:31,537 - DEBUG - 1 change detected: {(<Change.modified: 2>, 'E:\\Next JS\\researchbot\\backend\\logs\\research_assistant_20250907_115551.log')}
2025-09-07 12:14:31,948 - DEBUG - 1 change detected: {(<Change.modified: 2>, 'E:\\Next JS\\researchbot\\backend\\logs\\research_assistant_20250907_115551.log')}
2025-09-07 12:14:32,472 - DEBUG - 1 change detected: {(<Change.modified: 2>, 'E:\\Next JS\\researchbot\\backend\\logs\\research_assistant_20250907_115551.log')}
2025-09-07 12:14:32,867 - DEBUG - 1 change detected: {(<Change.modified: 2>, 'E:\\Next JS\\researchbot\\backend\\logs\\research_assistant_20250907_115551.log')}
2025-09-07 12:14:33,227 - DEBUG - 1 change detected: {(<Change.modified: 2>, 'E:\\Next JS\\researchbot\\backend\\logs\\research_assistant_20250907_115551.log')}
2025-09-07 12:14:33,636 - DEBUG - 1 change detected: {(<Change.modified: 2>, 'E:\\Next JS\\researchbot\\backend\\logs\\research_assistant_20250907_115551.log')}
2025-09-07 12:14:34,072 - DEBUG - 1 change detected: {(<Change.modified: 2>, 'E:\\Next JS\\researchbot\\backend\\logs\\research_assistant_20250907_115551.log')}
2025-09-07 12:14:34,437 - DEBUG - 1 change detected: {(<Change.modified: 2>, 'E:\\Next JS\\researchbot\\backend\\logs\\research_assistant_20250907_115551.log')}
2025-09-07 12:14:34,860 - DEBUG - 1 change detected: {(<Change.modified: 2>, 'E:\\Next JS\\researchbot\\backend\\logs\\research_assistant_20250907_115551.log')}
2025-09-07 12:14:35,271 - DEBUG - 1 change detected: {(<Change.modified: 2>, 'E:\\Next JS\\researchbot\\backend\\logs\\research_assistant_20250907_115551.log')}
2025-09-07 12:14:35,689 - DEBUG - 1 change detected: {(<Change.modified: 2>, 'E:\\Next JS\\researchbot\\backend\\logs\\research_assistant_20250907_115551.log')}
2025-09-07 12:14:36,105 - DEBUG - 1 change detected: {(<Change.modified: 2>, 'E:\\Next JS\\researchbot\\backend\\logs\\research_assistant_20250907_115551.log')}
2025-09-07 12:14:36,497 - DEBUG - 1 change detected: {(<Change.modified: 2>, 'E:\\Next JS\\researchbot\\backend\\logs\\research_assistant_20250907_115551.log')}
2025-09-07 12:14:36,909 - DEBUG - 1 change detected: {(<Change.modified: 2>, 'E:\\Next JS\\researchbot\\backend\\logs\\research_assistant_20250907_115551.log')}
2025-09-07 12:14:37,288 - DEBUG - 1 change detected: {(<Change.modified: 2>, 'E:\\Next JS\\researchbot\\backend\\logs\\research_assistant_20250907_115551.log')}
2025-09-07 12:14:37,707 - DEBUG - 1 change detected: {(<Change.modified: 2>, 'E:\\Next JS\\researchbot\\backend\\logs\\research_assistant_20250907_115551.log')}
2025-09-07 12:14:38,069 - DEBUG - 1 change detected: {(<Change.modified: 2>, 'E:\\Next JS\\researchbot\\backend\\logs\\research_assistant_20250907_115551.log')}
2025-09-07 12:14:38,470 - DEBUG - 1 change detected: {(<Change.modified: 2>, 'E:\\Next JS\\researchbot\\backend\\logs\\research_assistant_20250907_115551.log')}
2025-09-07 12:14:38,896 - DEBUG - 1 change detected: {(<Change.modified: 2>, 'E:\\Next JS\\researchbot\\backend\\logs\\research_assistant_20250907_115551.log')}
2025-09-07 12:14:39,309 - DEBUG - 1 change detected: {(<Change.modified: 2>, 'E:\\Next JS\\researchbot\\backend\\logs\\research_assistant_20250907_115551.log')}
2025-09-07 12:14:39,669 - DEBUG - 1 change detected: {(<Change.modified: 2>, 'E:\\Next JS\\researchbot\\backend\\logs\\research_assistant_20250907_115551.log')}
2025-09-07 12:14:40,105 - DEBUG - 1 change detected: {(<Change.modified: 2>, 'E:\\Next JS\\researchbot\\backend\\logs\\research_assistant_20250907_115551.log')}
2025-09-07 12:14:40,517 - DEBUG - 1 change detected: {(<Change.modified: 2>, 'E:\\Next JS\\researchbot\\backend\\logs\\research_assistant_20250907_115551.log')}
2025-09-07 12:14:40,901 - DEBUG - 1 change detected: {(<Change.modified: 2>, 'E:\\Next JS\\researchbot\\backend\\logs\\research_assistant_20250907_115551.log')}
2025-09-07 12:14:41,325 - DEBUG - 1 change detected: {(<Change.modified: 2>, 'E:\\Next JS\\researchbot\\backend\\logs\\research_assistant_20250907_115551.log')}
2025-09-07 12:14:41,736 - DEBUG - 1 change detected: {(<Change.modified: 2>, 'E:\\Next JS\\researchbot\\backend\\logs\\research_assistant_20250907_115551.log')}
2025-09-07 12:14:42,109 - DEBUG - 1 change detected: {(<Change.modified: 2>, 'E:\\Next JS\\researchbot\\backend\\logs\\research_assistant_20250907_115551.log')}
2025-09-07 12:14:42,528 - DEBUG - 1 change detected: {(<Change.modified: 2>, 'E:\\Next JS\\researchbot\\backend\\logs\\research_assistant_20250907_115551.log')}
2025-09-07 12:14:42,944 - DEBUG - 1 change detected: {(<Change.modified: 2>, 'E:\\Next JS\\researchbot\\backend\\logs\\research_assistant_20250907_115551.log')}
2025-09-07 12:14:43,314 - DEBUG - 1 change detected: {(<Change.modified: 2>, 'E:\\Next JS\\researchbot\\backend\\logs\\research_assistant_20250907_115551.log')}
2025-09-07 12:14:43,742 - DEBUG - 1 change detected: {(<Change.modified: 2>, 'E:\\Next JS\\researchbot\\backend\\logs\\research_assistant_20250907_115551.log')}
2025-09-07 12:14:44,174 - DEBUG - 1 change detected: {(<Change.modified: 2>, 'E:\\Next JS\\researchbot\\backend\\logs\\research_assistant_20250907_115551.log')}
2025-09-07 12:14:44,535 - DEBUG - 1 change detected: {(<Change.modified: 2>, 'E:\\Next JS\\researchbot\\backend\\logs\\research_assistant_20250907_115551.log')}
2025-09-07 12:14:44,943 - DEBUG - 1 change detected: {(<Change.modified: 2>, 'E:\\Next JS\\researchbot\\backend\\logs\\research_assistant_20250907_115551.log')}
2025-09-07 12:14:45,322 - DEBUG - 1 change detected: {(<Change.modified: 2>, 'E:\\Next JS\\researchbot\\backend\\logs\\research_assistant_20250907_115551.log')}
2025-09-07 12:14:45,754 - DEBUG - 1 change detected: {(<Change.modified: 2>, 'E:\\Next JS\\researchbot\\backend\\logs\\research_assistant_20250907_115551.log')}
2025-09-07 12:14:46,173 - DEBUG - 1 change detected: {(<Change.modified: 2>, 'E:\\Next JS\\researchbot\\backend\\logs\\research_assistant_20250907_115551.log')}
2025-09-07 12:14:46,544 - DEBUG - 1 change detected: {(<Change.modified: 2>, 'E:\\Next JS\\researchbot\\backend\\logs\\research_assistant_20250907_115551.log')}
2025-09-07 12:14:47,024 - DEBUG - 1 change detected: {(<Change.modified: 2>, 'E:\\Next JS\\researchbot\\backend\\logs\\research_assistant_20250907_115551.log')}
2025-09-07 12:14:47,484 - DEBUG - 1 change detected: {(<Change.modified: 2>, 'E:\\Next JS\\researchbot\\backend\\logs\\research_assistant_20250907_115551.log')}
2025-09-07 12:14:47,920 - DEBUG - 1 change detected: {(<Change.modified: 2>, 'E:\\Next JS\\researchbot\\backend\\logs\\research_assistant_20250907_115551.log')}
2025-09-07 12:14:48,360 - DEBUG - 1 change detected: {(<Change.modified: 2>, 'E:\\Next JS\\researchbot\\backend\\logs\\research_assistant_20250907_115551.log')}
2025-09-07 12:14:48,770 - DEBUG - 1 change detected: {(<Change.modified: 2>, 'E:\\Next JS\\researchbot\\backend\\logs\\research_assistant_20250907_115551.log')}
2025-09-07 12:14:49,188 - DEBUG - 1 change detected: {(<Change.modified: 2>, 'E:\\Next JS\\researchbot\\backend\\logs\\research_assistant_20250907_115551.log')}
2025-09-07 12:14:49,631 - DEBUG - 1 change detected: {(<Change.modified: 2>, 'E:\\Next JS\\researchbot\\backend\\logs\\research_assistant_20250907_115551.log')}
2025-09-07 12:14:50,001 - DEBUG - 1 change detected: {(<Change.modified: 2>, 'E:\\Next JS\\researchbot\\backend\\logs\\research_assistant_20250907_115551.log')}
2025-09-07 12:14:50,422 - DEBUG - 1 change detected: {(<Change.modified: 2>, 'E:\\Next JS\\researchbot\\backend\\logs\\research_assistant_20250907_115551.log')}
2025-09-07 12:14:50,889 - DEBUG - 1 change detected: {(<Change.modified: 2>, 'E:\\Next JS\\researchbot\\backend\\logs\\research_assistant_20250907_115551.log')}
2025-09-07 12:14:51,307 - DEBUG - 1 change detected: {(<Change.modified: 2>, 'E:\\Next JS\\researchbot\\backend\\logs\\research_assistant_20250907_115551.log')}
2025-09-07 12:14:51,735 - DEBUG - 1 change detected: {(<Change.modified: 2>, 'E:\\Next JS\\researchbot\\backend\\logs\\research_assistant_20250907_115551.log')}
2025-09-07 12:14:52,171 - DEBUG - 1 change detected: {(<Change.modified: 2>, 'E:\\Next JS\\researchbot\\backend\\logs\\research_assistant_20250907_115551.log')}
2025-09-07 12:14:52,606 - DEBUG - 1 change detected: {(<Change.modified: 2>, 'E:\\Next JS\\researchbot\\backend\\logs\\research_assistant_20250907_115551.log')}
2025-09-07 12:14:52,981 - DEBUG - 1 change detected: {(<Change.modified: 2>, 'E:\\Next JS\\researchbot\\backend\\logs\\research_assistant_20250907_115551.log')}
2025-09-07 12:14:53,393 - DEBUG - 1 change detected: {(<Change.modified: 2>, 'E:\\Next JS\\researchbot\\backend\\logs\\research_assistant_20250907_115551.log')}
2025-09-07 12:14:53,763 - DEBUG - 1 change detected: {(<Change.modified: 2>, 'E:\\Next JS\\researchbot\\backend\\logs\\research_assistant_20250907_115551.log')}
2025-09-07 12:14:54,169 - DEBUG - 1 change detected: {(<Change.modified: 2>, 'E:\\Next JS\\researchbot\\backend\\logs\\research_assistant_20250907_115551.log')}
2025-09-07 12:14:54,597 - DEBUG - 1 change detected: {(<Change.modified: 2>, 'E:\\Next JS\\researchbot\\backend\\logs\\research_assistant_20250907_115551.log')}
2025-09-07 12:14:54,959 - DEBUG - 1 change detected: {(<Change.modified: 2>, 'E:\\Next JS\\researchbot\\backend\\logs\\research_assistant_20250907_115551.log')}
2025-09-07 12:14:55,372 - DEBUG - 1 change detected: {(<Change.modified: 2>, 'E:\\Next JS\\researchbot\\backend\\logs\\research_assistant_20250907_115551.log')}
2025-09-07 12:14:55,789 - DEBUG - 1 change detected: {(<Change.modified: 2>, 'E:\\Next JS\\researchbot\\backend\\logs\\research_assistant_20250907_115551.log')}
2025-09-07 12:14:56,202 - DEBUG - 1 change detected: {(<Change.modified: 2>, 'E:\\Next JS\\researchbot\\backend\\logs\\research_assistant_20250907_115551.log')}
2025-09-07 12:14:56,611 - DEBUG - 1 change detected: {(<Change.modified: 2>, 'E:\\Next JS\\researchbot\\backend\\logs\\research_assistant_20250907_115551.log')}
2025-09-07 12:14:56,969 - DEBUG - 1 change detected: {(<Change.modified: 2>, 'E:\\Next JS\\researchbot\\backend\\logs\\research_assistant_20250907_115551.log')}
2025-09-07 12:14:57,400 - DEBUG - 1 change detected: {(<Change.modified: 2>, 'E:\\Next JS\\researchbot\\backend\\logs\\research_assistant_20250907_115551.log')}
2025-09-07 12:14:57,771 - DEBUG - 1 change detected: {(<Change.modified: 2>, 'E:\\Next JS\\researchbot\\backend\\logs\\research_assistant_20250907_115551.log')}
2025-09-07 12:14:58,251 - DEBUG - 1 change detected: {(<Change.modified: 2>, 'E:\\Next JS\\researchbot\\backend\\logs\\research_assistant_20250907_115551.log')}
2025-09-07 12:14:58,624 - DEBUG - 1 change detected: {(<Change.modified: 2>, 'E:\\Next JS\\researchbot\\backend\\logs\\research_assistant_20250907_115551.log')}
2025-09-07 12:14:59,056 - DEBUG - 1 change detected: {(<Change.modified: 2>, 'E:\\Next JS\\researchbot\\backend\\logs\\research_assistant_20250907_115551.log')}
2025-09-07 12:14:59,426 - DEBUG - 1 change detected: {(<Change.modified: 2>, 'E:\\Next JS\\researchbot\\backend\\logs\\research_assistant_20250907_115551.log')}
2025-09-07 12:14:59,845 - DEBUG - 1 change detected: {(<Change.modified: 2>, 'E:\\Next JS\\researchbot\\backend\\logs\\research_assistant_20250907_115551.log')}
2025-09-07 12:15:00,275 - DEBUG - 1 change detected: {(<Change.modified: 2>, 'E:\\Next JS\\researchbot\\backend\\logs\\research_assistant_20250907_115551.log')}
2025-09-07 12:15:00,687 - DEBUG - 1 change detected: {(<Change.modified: 2>, 'E:\\Next JS\\researchbot\\backend\\logs\\research_assistant_20250907_115551.log')}
2025-09-07 12:15:01,118 - DEBUG - 1 change detected: {(<Change.modified: 2>, 'E:\\Next JS\\researchbot\\backend\\logs\\research_assistant_20250907_115551.log')}
2025-09-07 12:15:01,558 - DEBUG - 1 change detected: {(<Change.modified: 2>, 'E:\\Next JS\\researchbot\\backend\\logs\\research_assistant_20250907_115551.log')}
2025-09-07 12:15:01,938 - DEBUG - 1 change detected: {(<Change.modified: 2>, 'E:\\Next JS\\researchbot\\backend\\logs\\research_assistant_20250907_115551.log')}
2025-09-07 12:15:02,318 - DEBUG - 1 change detected: {(<Change.modified: 2>, 'E:\\Next JS\\researchbot\\backend\\logs\\research_assistant_20250907_115551.log')}
2025-09-07 12:15:02,751 - DEBUG - 1 change detected: {(<Change.modified: 2>, 'E:\\Next JS\\researchbot\\backend\\logs\\research_assistant_20250907_115551.log')}
2025-09-07 12:15:03,120 - DEBUG - 1 change detected: {(<Change.modified: 2>, 'E:\\Next JS\\researchbot\\backend\\logs\\research_assistant_20250907_115551.log')}
2025-09-07 12:15:03,550 - DEBUG - 1 change detected: {(<Change.modified: 2>, 'E:\\Next JS\\researchbot\\backend\\logs\\research_assistant_20250907_115551.log')}
2025-09-07 12:15:03,917 - DEBUG - 1 change detected: {(<Change.modified: 2>, 'E:\\Next JS\\researchbot\\backend\\logs\\research_assistant_20250907_115551.log')}
2025-09-07 12:15:04,324 - DEBUG - 1 change detected: {(<Change.modified: 2>, 'E:\\Next JS\\researchbot\\backend\\logs\\research_assistant_20250907_115551.log')}
2025-09-07 12:15:04,738 - DEBUG - 1 change detected: {(<Change.modified: 2>, 'E:\\Next JS\\researchbot\\backend\\logs\\research_assistant_20250907_115551.log')}
2025-09-07 12:15:05,114 - DEBUG - 1 change detected: {(<Change.modified: 2>, 'E:\\Next JS\\researchbot\\backend\\logs\\research_assistant_20250907_115551.log')}
2025-09-07 12:15:05,547 - DEBUG - 1 change detected: {(<Change.modified: 2>, 'E:\\Next JS\\researchbot\\backend\\logs\\research_assistant_20250907_115551.log')}
2025-09-07 12:15:05,906 - DEBUG - 1 change detected: {(<Change.modified: 2>, 'E:\\Next JS\\researchbot\\backend\\logs\\research_assistant_20250907_115551.log')}
2025-09-07 12:15:06,313 - DEBUG - 1 change detected: {(<Change.modified: 2>, 'E:\\Next JS\\researchbot\\backend\\logs\\research_assistant_20250907_115551.log')}
2025-09-07 12:15:06,739 - DEBUG - 1 change detected: {(<Change.modified: 2>, 'E:\\Next JS\\researchbot\\backend\\logs\\research_assistant_20250907_115551.log')}
2025-09-07 12:15:07,146 - DEBUG - 1 change detected: {(<Change.modified: 2>, 'E:\\Next JS\\researchbot\\backend\\logs\\research_assistant_20250907_115551.log')}
2025-09-07 12:15:07,512 - DEBUG - 1 change detected: {(<Change.modified: 2>, 'E:\\Next JS\\researchbot\\backend\\logs\\research_assistant_20250907_115551.log')}
2025-09-07 12:15:07,937 - DEBUG - 1 change detected: {(<Change.modified: 2>, 'E:\\Next JS\\researchbot\\backend\\logs\\research_assistant_20250907_115551.log')}
2025-09-07 12:15:08,299 - DEBUG - 1 change detected: {(<Change.modified: 2>, 'E:\\Next JS\\researchbot\\backend\\logs\\research_assistant_20250907_115551.log')}
2025-09-07 12:15:08,728 - DEBUG - 1 change detected: {(<Change.modified: 2>, 'E:\\Next JS\\researchbot\\backend\\logs\\research_assistant_20250907_115551.log')}
2025-09-07 12:15:09,099 - DEBUG - 1 change detected: {(<Change.modified: 2>, 'E:\\Next JS\\researchbot\\backend\\logs\\research_assistant_20250907_115551.log')}
2025-09-07 12:15:09,515 - DEBUG - 1 change detected: {(<Change.modified: 2>, 'E:\\Next JS\\researchbot\\backend\\logs\\research_assistant_20250907_115551.log')}
2025-09-07 12:15:09,888 - DEBUG - 1 change detected: {(<Change.modified: 2>, 'E:\\Next JS\\researchbot\\backend\\logs\\research_assistant_20250907_115551.log')}
2025-09-07 12:15:10,305 - DEBUG - 1 change detected: {(<Change.modified: 2>, 'E:\\Next JS\\researchbot\\backend\\logs\\research_assistant_20250907_115551.log')}
2025-09-07 12:15:10,656 - DEBUG - 1 change detected: {(<Change.modified: 2>, 'E:\\Next JS\\researchbot\\backend\\logs\\research_assistant_20250907_115551.log')}
2025-09-07 12:15:11,065 - DEBUG - 1 change detected: {(<Change.modified: 2>, 'E:\\Next JS\\researchbot\\backend\\logs\\research_assistant_20250907_115551.log')}
2025-09-07 12:15:11,514 - DEBUG - 1 change detected: {(<Change.modified: 2>, 'E:\\Next JS\\researchbot\\backend\\logs\\research_assistant_20250907_115551.log')}
2025-09-07 12:15:11,963 - DEBUG - 1 change detected: {(<Change.modified: 2>, 'E:\\Next JS\\researchbot\\backend\\logs\\research_assistant_20250907_115551.log')}
2025-09-07 12:15:12,472 - DEBUG - 1 change detected: {(<Change.modified: 2>, 'E:\\Next JS\\researchbot\\backend\\logs\\research_assistant_20250907_115551.log')}
2025-09-07 12:15:12,928 - DEBUG - 1 change detected: {(<Change.modified: 2>, 'E:\\Next JS\\researchbot\\backend\\logs\\research_assistant_20250907_115551.log')}
2025-09-07 12:15:13,360 - DEBUG - 1 change detected: {(<Change.modified: 2>, 'E:\\Next JS\\researchbot\\backend\\logs\\research_assistant_20250907_115551.log')}
2025-09-07 12:15:13,722 - DEBUG - 1 change detected: {(<Change.modified: 2>, 'E:\\Next JS\\researchbot\\backend\\logs\\research_assistant_20250907_115551.log')}
2025-09-07 12:15:14,204 - DEBUG - 1 change detected: {(<Change.modified: 2>, 'E:\\Next JS\\researchbot\\backend\\logs\\research_assistant_20250907_115551.log')}
2025-09-07 12:15:14,760 - DEBUG - 1 change detected: {(<Change.modified: 2>, 'E:\\Next JS\\researchbot\\backend\\logs\\research_assistant_20250907_115551.log')}
2025-09-07 12:15:15,206 - DEBUG - 1 change detected: {(<Change.modified: 2>, 'E:\\Next JS\\researchbot\\backend\\logs\\research_assistant_20250907_115551.log')}
2025-09-07 12:15:15,579 - DEBUG - 1 change detected: {(<Change.modified: 2>, 'E:\\Next JS\\researchbot\\backend\\logs\\research_assistant_20250907_115551.log')}
2025-09-07 12:15:16,031 - DEBUG - 1 change detected: {(<Change.modified: 2>, 'E:\\Next JS\\researchbot\\backend\\logs\\research_assistant_20250907_115551.log')}
2025-09-07 12:15:16,412 - DEBUG - 1 change detected: {(<Change.modified: 2>, 'E:\\Next JS\\researchbot\\backend\\logs\\research_assistant_20250907_115551.log')}
2025-09-07 12:15:16,827 - DEBUG - 1 change detected: {(<Change.modified: 2>, 'E:\\Next JS\\researchbot\\backend\\logs\\research_assistant_20250907_115551.log')}
2025-09-07 12:15:17,260 - DEBUG - 1 change detected: {(<Change.modified: 2>, 'E:\\Next JS\\researchbot\\backend\\logs\\research_assistant_20250907_115551.log')}
2025-09-07 12:15:17,674 - DEBUG - 1 change detected: {(<Change.modified: 2>, 'E:\\Next JS\\researchbot\\backend\\logs\\research_assistant_20250907_115551.log')}
2025-09-07 12:15:18,097 - DEBUG - 1 change detected: {(<Change.modified: 2>, 'E:\\Next JS\\researchbot\\backend\\logs\\research_assistant_20250907_115551.log')}
2025-09-07 12:15:18,518 - DEBUG - 1 change detected: {(<Change.modified: 2>, 'E:\\Next JS\\researchbot\\backend\\logs\\research_assistant_20250907_115551.log')}
2025-09-07 12:15:18,933 - DEBUG - 1 change detected: {(<Change.modified: 2>, 'E:\\Next JS\\researchbot\\backend\\logs\\research_assistant_20250907_115551.log')}
2025-09-07 12:15:19,296 - DEBUG - 1 change detected: {(<Change.modified: 2>, 'E:\\Next JS\\researchbot\\backend\\logs\\research_assistant_20250907_115551.log')}
2025-09-07 12:15:19,764 - DEBUG - 1 change detected: {(<Change.modified: 2>, 'E:\\Next JS\\researchbot\\backend\\logs\\research_assistant_20250907_115551.log')}
2025-09-07 12:15:20,177 - DEBUG - 1 change detected: {(<Change.modified: 2>, 'E:\\Next JS\\researchbot\\backend\\logs\\research_assistant_20250907_115551.log')}
2025-09-07 12:15:20,537 - DEBUG - 1 change detected: {(<Change.modified: 2>, 'E:\\Next JS\\researchbot\\backend\\logs\\research_assistant_20250907_115551.log')}
2025-09-07 12:15:20,955 - DEBUG - 1 change detected: {(<Change.modified: 2>, 'E:\\Next JS\\researchbot\\backend\\logs\\research_assistant_20250907_115551.log')}
2025-09-07 12:15:21,321 - DEBUG - 1 change detected: {(<Change.modified: 2>, 'E:\\Next JS\\researchbot\\backend\\logs\\research_assistant_20250907_115551.log')}
2025-09-07 12:15:21,745 - DEBUG - 1 change detected: {(<Change.modified: 2>, 'E:\\Next JS\\researchbot\\backend\\logs\\research_assistant_20250907_115551.log')}
2025-09-07 12:15:22,102 - DEBUG - 1 change detected: {(<Change.modified: 2>, 'E:\\Next JS\\researchbot\\backend\\logs\\research_assistant_20250907_115551.log')}
2025-09-07 12:15:22,547 - DEBUG - 1 change detected: {(<Change.modified: 2>, 'E:\\Next JS\\researchbot\\backend\\logs\\research_assistant_20250907_115551.log')}
2025-09-07 12:15:22,906 - DEBUG - 1 change detected: {(<Change.modified: 2>, 'E:\\Next JS\\researchbot\\backend\\logs\\research_assistant_20250907_115551.log')}
2025-09-07 12:15:23,320 - DEBUG - 1 change detected: {(<Change.modified: 2>, 'E:\\Next JS\\researchbot\\backend\\logs\\research_assistant_20250907_115551.log')}
2025-09-07 12:15:23,733 - DEBUG - 1 change detected: {(<Change.modified: 2>, 'E:\\Next JS\\researchbot\\backend\\logs\\research_assistant_20250907_115551.log')}
2025-09-07 12:15:24,170 - DEBUG - 1 change detected: {(<Change.modified: 2>, 'E:\\Next JS\\researchbot\\backend\\logs\\research_assistant_20250907_115551.log')}
2025-09-07 12:15:24,541 - DEBUG - 1 change detected: {(<Change.modified: 2>, 'E:\\Next JS\\researchbot\\backend\\logs\\research_assistant_20250907_115551.log')}
2025-09-07 12:15:24,955 - DEBUG - 1 change detected: {(<Change.modified: 2>, 'E:\\Next JS\\researchbot\\backend\\logs\\research_assistant_20250907_115551.log')}
2025-09-07 12:15:25,366 - DEBUG - 1 change detected: {(<Change.modified: 2>, 'E:\\Next JS\\researchbot\\backend\\logs\\research_assistant_20250907_115551.log')}
2025-09-07 12:15:25,771 - DEBUG - 1 change detected: {(<Change.modified: 2>, 'E:\\Next JS\\researchbot\\backend\\logs\\research_assistant_20250907_115551.log')}
2025-09-07 12:15:26,250 - DEBUG - 1 change detected: {(<Change.modified: 2>, 'E:\\Next JS\\researchbot\\backend\\logs\\research_assistant_20250907_115551.log')}
2025-09-07 12:15:26,612 - DEBUG - 1 change detected: {(<Change.modified: 2>, 'E:\\Next JS\\researchbot\\backend\\logs\\research_assistant_20250907_115551.log')}
2025-09-07 12:15:27,021 - DEBUG - 1 change detected: {(<Change.modified: 2>, 'E:\\Next JS\\researchbot\\backend\\logs\\research_assistant_20250907_115551.log')}
2025-09-07 12:15:27,436 - DEBUG - 1 change detected: {(<Change.modified: 2>, 'E:\\Next JS\\researchbot\\backend\\logs\\research_assistant_20250907_115551.log')}
2025-09-07 12:15:27,795 - DEBUG - 1 change detected: {(<Change.modified: 2>, 'E:\\Next JS\\researchbot\\backend\\logs\\research_assistant_20250907_115551.log')}
2025-09-07 12:15:28,216 - DEBUG - 1 change detected: {(<Change.modified: 2>, 'E:\\Next JS\\researchbot\\backend\\logs\\research_assistant_20250907_115551.log')}
2025-09-07 12:15:28,638 - DEBUG - 1 change detected: {(<Change.modified: 2>, 'E:\\Next JS\\researchbot\\backend\\logs\\research_assistant_20250907_115551.log')}
2025-09-07 12:15:29,014 - DEBUG - 1 change detected: {(<Change.modified: 2>, 'E:\\Next JS\\researchbot\\backend\\logs\\research_assistant_20250907_115551.log')}
2025-09-07 12:15:29,450 - DEBUG - 1 change detected: {(<Change.modified: 2>, 'E:\\Next JS\\researchbot\\backend\\logs\\research_assistant_20250907_115551.log')}
2025-09-07 12:15:29,823 - DEBUG - 1 change detected: {(<Change.modified: 2>, 'E:\\Next JS\\researchbot\\backend\\logs\\research_assistant_20250907_115551.log')}
2025-09-07 12:15:30,207 - DEBUG - 1 change detected: {(<Change.modified: 2>, 'E:\\Next JS\\researchbot\\backend\\logs\\research_assistant_20250907_115551.log')}
2025-09-07 12:15:30,619 - DEBUG - 1 change detected: {(<Change.modified: 2>, 'E:\\Next JS\\researchbot\\backend\\logs\\research_assistant_20250907_115551.log')}
2025-09-07 12:15:31,032 - DEBUG - 1 change detected: {(<Change.modified: 2>, 'E:\\Next JS\\researchbot\\backend\\logs\\research_assistant_20250907_115551.log')}
2025-09-07 12:15:31,716 - DEBUG - 1 change detected: {(<Change.modified: 2>, 'E:\\Next JS\\researchbot\\backend\\logs\\research_assistant_20250907_115551.log')}
2025-09-07 12:15:32,509 - DEBUG - 1 change detected: {(<Change.modified: 2>, 'E:\\Next JS\\researchbot\\backend\\logs\\research_assistant_20250907_115551.log')}
2025-09-07 12:15:32,891 - DEBUG - 1 change detected: {(<Change.modified: 2>, 'E:\\Next JS\\researchbot\\backend\\logs\\research_assistant_20250907_115551.log')}
2025-09-07 12:15:33,274 - DEBUG - 1 change detected: {(<Change.modified: 2>, 'E:\\Next JS\\researchbot\\backend\\logs\\research_assistant_20250907_115551.log')}
2025-09-07 12:15:33,646 - DEBUG - 1 change detected: {(<Change.modified: 2>, 'E:\\Next JS\\researchbot\\backend\\logs\\research_assistant_20250907_115551.log')}
2025-09-07 12:15:34,017 - DEBUG - 1 change detected: {(<Change.modified: 2>, 'E:\\Next JS\\researchbot\\backend\\logs\\research_assistant_20250907_115551.log')}
2025-09-07 12:15:34,525 - DEBUG - 1 change detected: {(<Change.modified: 2>, 'E:\\Next JS\\researchbot\\backend\\logs\\research_assistant_20250907_115551.log')}
2025-09-07 12:15:34,983 - DEBUG - 1 change detected: {(<Change.modified: 2>, 'E:\\Next JS\\researchbot\\backend\\logs\\research_assistant_20250907_115551.log')}
2025-09-07 12:15:35,361 - DEBUG - 1 change detected: {(<Change.modified: 2>, 'E:\\Next JS\\researchbot\\backend\\logs\\research_assistant_20250907_115551.log')}
2025-09-07 12:15:35,731 - DEBUG - 1 change detected: {(<Change.modified: 2>, 'E:\\Next JS\\researchbot\\backend\\logs\\research_assistant_20250907_115551.log')}
2025-09-07 12:15:36,143 - DEBUG - 1 change detected: {(<Change.modified: 2>, 'E:\\Next JS\\researchbot\\backend\\logs\\research_assistant_20250907_115551.log')}
2025-09-07 12:15:36,557 - DEBUG - 1 change detected: {(<Change.modified: 2>, 'E:\\Next JS\\researchbot\\backend\\logs\\research_assistant_20250907_115551.log')}
2025-09-07 12:15:36,960 - DEBUG - 1 change detected: {(<Change.modified: 2>, 'E:\\Next JS\\researchbot\\backend\\logs\\research_assistant_20250907_115551.log')}
2025-09-07 12:15:37,316 - DEBUG - 1 change detected: {(<Change.modified: 2>, 'E:\\Next JS\\researchbot\\backend\\logs\\research_assistant_20250907_115551.log')}
2025-09-07 12:15:37,782 - DEBUG - 1 change detected: {(<Change.modified: 2>, 'E:\\Next JS\\researchbot\\backend\\logs\\research_assistant_20250907_115551.log')}
2025-09-07 12:15:38,221 - DEBUG - 1 change detected: {(<Change.modified: 2>, 'E:\\Next JS\\researchbot\\backend\\logs\\research_assistant_20250907_115551.log')}
2025-09-07 12:15:38,581 - DEBUG - 1 change detected: {(<Change.modified: 2>, 'E:\\Next JS\\researchbot\\backend\\logs\\research_assistant_20250907_115551.log')}
2025-09-07 12:15:38,998 - DEBUG - 1 change detected: {(<Change.modified: 2>, 'E:\\Next JS\\researchbot\\backend\\logs\\research_assistant_20250907_115551.log')}
2025-09-07 12:15:39,416 - DEBUG - 1 change detected: {(<Change.modified: 2>, 'E:\\Next JS\\researchbot\\backend\\logs\\research_assistant_20250907_115551.log')}
2025-09-07 12:15:39,786 - DEBUG - 1 change detected: {(<Change.modified: 2>, 'E:\\Next JS\\researchbot\\backend\\logs\\research_assistant_20250907_115551.log')}
2025-09-07 12:15:40,209 - DEBUG - 1 change detected: {(<Change.modified: 2>, 'E:\\Next JS\\researchbot\\backend\\logs\\research_assistant_20250907_115551.log')}
2025-09-07 12:15:40,621 - DEBUG - 1 change detected: {(<Change.modified: 2>, 'E:\\Next JS\\researchbot\\backend\\logs\\research_assistant_20250907_115551.log')}
2025-09-07 12:15:41,034 - DEBUG - 1 change detected: {(<Change.modified: 2>, 'E:\\Next JS\\researchbot\\backend\\logs\\research_assistant_20250907_115551.log')}
2025-09-07 12:15:41,444 - DEBUG - 1 change detected: {(<Change.modified: 2>, 'E:\\Next JS\\researchbot\\backend\\logs\\research_assistant_20250907_115551.log')}
2025-09-07 12:15:41,810 - DEBUG - 1 change detected: {(<Change.modified: 2>, 'E:\\Next JS\\researchbot\\backend\\logs\\research_assistant_20250907_115551.log')}
2025-09-07 12:15:42,234 - DEBUG - 1 change detected: {(<Change.modified: 2>, 'E:\\Next JS\\researchbot\\backend\\logs\\research_assistant_20250907_115551.log')}
2025-09-07 12:15:42,656 - DEBUG - 1 change detected: {(<Change.modified: 2>, 'E:\\Next JS\\researchbot\\backend\\logs\\research_assistant_20250907_115551.log')}
2025-09-07 12:15:43,067 - DEBUG - 1 change detected: {(<Change.modified: 2>, 'E:\\Next JS\\researchbot\\backend\\logs\\research_assistant_20250907_115551.log')}
2025-09-07 12:15:43,428 - DEBUG - 1 change detected: {(<Change.modified: 2>, 'E:\\Next JS\\researchbot\\backend\\logs\\research_assistant_20250907_115551.log')}
2025-09-07 12:15:43,857 - DEBUG - 1 change detected: {(<Change.modified: 2>, 'E:\\Next JS\\researchbot\\backend\\logs\\research_assistant_20250907_115551.log')}
2025-09-07 12:15:44,265 - DEBUG - 1 change detected: {(<Change.modified: 2>, 'E:\\Next JS\\researchbot\\backend\\logs\\research_assistant_20250907_115551.log')}
2025-09-07 12:15:44,683 - DEBUG - 1 change detected: {(<Change.modified: 2>, 'E:\\Next JS\\researchbot\\backend\\logs\\research_assistant_20250907_115551.log')}
2025-09-07 12:15:45,095 - DEBUG - 1 change detected: {(<Change.modified: 2>, 'E:\\Next JS\\researchbot\\backend\\logs\\research_assistant_20250907_115551.log')}
2025-09-07 12:15:45,504 - DEBUG - 1 change detected: {(<Change.modified: 2>, 'E:\\Next JS\\researchbot\\backend\\logs\\research_assistant_20250907_115551.log')}
2025-09-07 12:15:45,959 - DEBUG - 1 change detected: {(<Change.modified: 2>, 'E:\\Next JS\\researchbot\\backend\\logs\\research_assistant_20250907_115551.log')}
2025-09-07 12:15:46,342 - DEBUG - 1 change detected: {(<Change.modified: 2>, 'E:\\Next JS\\researchbot\\backend\\logs\\research_assistant_20250907_115551.log')}
2025-09-07 12:15:46,773 - DEBUG - 1 change detected: {(<Change.modified: 2>, 'E:\\Next JS\\researchbot\\backend\\logs\\research_assistant_20250907_115551.log')}
2025-09-07 12:15:47,186 - DEBUG - 1 change detected: {(<Change.modified: 2>, 'E:\\Next JS\\researchbot\\backend\\logs\\research_assistant_20250907_115551.log')}
2025-09-07 12:15:47,549 - DEBUG - 1 change detected: {(<Change.modified: 2>, 'E:\\Next JS\\researchbot\\backend\\logs\\research_assistant_20250907_115551.log')}
2025-09-07 12:15:47,907 - DEBUG - 1 change detected: {(<Change.modified: 2>, 'E:\\Next JS\\researchbot\\backend\\logs\\research_assistant_20250907_115551.log')}
2025-09-07 12:15:48,385 - DEBUG - 1 change detected: {(<Change.modified: 2>, 'E:\\Next JS\\researchbot\\backend\\logs\\research_assistant_20250907_115551.log')}
2025-09-07 12:15:48,743 - DEBUG - 1 change detected: {(<Change.modified: 2>, 'E:\\Next JS\\researchbot\\backend\\logs\\research_assistant_20250907_115551.log')}
2025-09-07 12:15:49,356 - DEBUG - 1 change detected: {(<Change.modified: 2>, 'E:\\Next JS\\researchbot\\backend\\logs\\research_assistant_20250907_115551.log')}
2025-09-07 12:15:49,716 - DEBUG - 1 change detected: {(<Change.modified: 2>, 'E:\\Next JS\\researchbot\\backend\\logs\\research_assistant_20250907_115551.log')}
2025-09-07 12:15:50,134 - DEBUG - 1 change detected: {(<Change.modified: 2>, 'E:\\Next JS\\researchbot\\backend\\logs\\research_assistant_20250907_115551.log')}
2025-09-07 12:15:50,562 - DEBUG - 1 change detected: {(<Change.modified: 2>, 'E:\\Next JS\\researchbot\\backend\\logs\\research_assistant_20250907_115551.log')}
2025-09-07 12:15:51,017 - DEBUG - 1 change detected: {(<Change.modified: 2>, 'E:\\Next JS\\researchbot\\backend\\logs\\research_assistant_20250907_115551.log')}
2025-09-07 12:15:51,437 - DEBUG - 1 change detected: {(<Change.modified: 2>, 'E:\\Next JS\\researchbot\\backend\\logs\\research_assistant_20250907_115551.log')}
2025-09-07 12:15:51,994 - DEBUG - 1 change detected: {(<Change.modified: 2>, 'E:\\Next JS\\researchbot\\backend\\logs\\research_assistant_20250907_115551.log')}
2025-09-07 12:15:52,502 - DEBUG - 1 change detected: {(<Change.modified: 2>, 'E:\\Next JS\\researchbot\\backend\\logs\\research_assistant_20250907_115551.log')}
2025-09-07 12:15:52,975 - DEBUG - 1 change detected: {(<Change.modified: 2>, 'E:\\Next JS\\researchbot\\backend\\logs\\research_assistant_20250907_115551.log')}
2025-09-07 12:15:53,390 - DEBUG - 1 change detected: {(<Change.modified: 2>, 'E:\\Next JS\\researchbot\\backend\\logs\\research_assistant_20250907_115551.log')}
2025-09-07 12:15:53,817 - DEBUG - 1 change detected: {(<Change.modified: 2>, 'E:\\Next JS\\researchbot\\backend\\logs\\research_assistant_20250907_115551.log')}
2025-09-07 12:15:54,369 - DEBUG - 1 change detected: {(<Change.modified: 2>, 'E:\\Next JS\\researchbot\\backend\\logs\\research_assistant_20250907_115551.log')}
2025-09-07 12:15:54,737 - DEBUG - 1 change detected: {(<Change.modified: 2>, 'E:\\Next JS\\researchbot\\backend\\logs\\research_assistant_20250907_115551.log')}
2025-09-07 12:15:55,160 - DEBUG - 1 change detected: {(<Change.modified: 2>, 'E:\\Next JS\\researchbot\\backend\\logs\\research_assistant_20250907_115551.log')}
2025-09-07 12:15:55,595 - DEBUG - 1 change detected: {(<Change.modified: 2>, 'E:\\Next JS\\researchbot\\backend\\logs\\research_assistant_20250907_115551.log')}
2025-09-07 12:15:56,175 - DEBUG - 1 change detected: {(<Change.modified: 2>, 'E:\\Next JS\\researchbot\\backend\\logs\\research_assistant_20250907_115551.log')}
2025-09-07 12:15:56,540 - DEBUG - 1 change detected: {(<Change.modified: 2>, 'E:\\Next JS\\researchbot\\backend\\logs\\research_assistant_20250907_115551.log')}
2025-09-07 12:15:56,955 - DEBUG - 1 change detected: {(<Change.modified: 2>, 'E:\\Next JS\\researchbot\\backend\\logs\\research_assistant_20250907_115551.log')}
2025-09-07 12:15:57,377 - DEBUG - 1 change detected: {(<Change.modified: 2>, 'E:\\Next JS\\researchbot\\backend\\logs\\research_assistant_20250907_115551.log')}
2025-09-07 12:15:57,739 - DEBUG - 1 change detected: {(<Change.modified: 2>, 'E:\\Next JS\\researchbot\\backend\\logs\\research_assistant_20250907_115551.log')}
2025-09-07 12:15:58,156 - DEBUG - 1 change detected: {(<Change.modified: 2>, 'E:\\Next JS\\researchbot\\backend\\logs\\research_assistant_20250907_115551.log')}
2025-09-07 12:15:58,563 - DEBUG - 1 change detected: {(<Change.modified: 2>, 'E:\\Next JS\\researchbot\\backend\\logs\\research_assistant_20250907_115551.log')}
2025-09-07 12:15:59,014 - DEBUG - 1 change detected: {(<Change.modified: 2>, 'E:\\Next JS\\researchbot\\backend\\logs\\research_assistant_20250907_115551.log')}
2025-09-07 12:15:59,616 - DEBUG - 1 change detected: {(<Change.modified: 2>, 'E:\\Next JS\\researchbot\\backend\\logs\\research_assistant_20250907_115551.log')}
2025-09-07 12:15:59,984 - DEBUG - 1 change detected: {(<Change.modified: 2>, 'E:\\Next JS\\researchbot\\backend\\logs\\research_assistant_20250907_115551.log')}
2025-09-07 12:16:00,454 - DEBUG - 1 change detected: {(<Change.modified: 2>, 'E:\\Next JS\\researchbot\\backend\\logs\\research_assistant_20250907_115551.log')}
2025-09-07 12:16:00,861 - DEBUG - 1 change detected: {(<Change.modified: 2>, 'E:\\Next JS\\researchbot\\backend\\logs\\research_assistant_20250907_115551.log')}
2025-09-07 12:16:01,218 - DEBUG - 1 change detected: {(<Change.modified: 2>, 'E:\\Next JS\\researchbot\\backend\\logs\\research_assistant_20250907_115551.log')}
2025-09-07 12:16:01,627 - DEBUG - 1 change detected: {(<Change.modified: 2>, 'E:\\Next JS\\researchbot\\backend\\logs\\research_assistant_20250907_115551.log')}
2025-09-07 12:16:02,092 - DEBUG - 1 change detected: {(<Change.modified: 2>, 'E:\\Next JS\\researchbot\\backend\\logs\\research_assistant_20250907_115551.log')}
2025-09-07 12:16:02,508 - DEBUG - 1 change detected: {(<Change.modified: 2>, 'E:\\Next JS\\researchbot\\backend\\logs\\research_assistant_20250907_115551.log')}
2025-09-07 12:16:02,869 - DEBUG - 1 change detected: {(<Change.modified: 2>, 'E:\\Next JS\\researchbot\\backend\\logs\\research_assistant_20250907_115551.log')}
2025-09-07 12:16:03,282 - DEBUG - 1 change detected: {(<Change.modified: 2>, 'E:\\Next JS\\researchbot\\backend\\logs\\research_assistant_20250907_115551.log')}
2025-09-07 12:16:03,692 - DEBUG - 1 change detected: {(<Change.modified: 2>, 'E:\\Next JS\\researchbot\\backend\\logs\\research_assistant_20250907_115551.log')}
2025-09-07 12:16:04,055 - DEBUG - 1 change detected: {(<Change.modified: 2>, 'E:\\Next JS\\researchbot\\backend\\logs\\research_assistant_20250907_115551.log')}
2025-09-07 12:16:04,457 - DEBUG - 1 change detected: {(<Change.modified: 2>, 'E:\\Next JS\\researchbot\\backend\\logs\\research_assistant_20250907_115551.log')}
2025-09-07 12:16:04,870 - DEBUG - 1 change detected: {(<Change.modified: 2>, 'E:\\Next JS\\researchbot\\backend\\logs\\research_assistant_20250907_115551.log')}
2025-09-07 12:16:05,235 - DEBUG - 1 change detected: {(<Change.modified: 2>, 'E:\\Next JS\\researchbot\\backend\\logs\\research_assistant_20250907_115551.log')}
2025-09-07 12:16:05,658 - DEBUG - 1 change detected: {(<Change.modified: 2>, 'E:\\Next JS\\researchbot\\backend\\logs\\research_assistant_20250907_115551.log')}
2025-09-07 12:16:06,079 - DEBUG - 1 change detected: {(<Change.modified: 2>, 'E:\\Next JS\\researchbot\\backend\\logs\\research_assistant_20250907_115551.log')}
2025-09-07 12:16:06,448 - DEBUG - 1 change detected: {(<Change.modified: 2>, 'E:\\Next JS\\researchbot\\backend\\logs\\research_assistant_20250907_115551.log')}
2025-09-07 12:16:06,867 - DEBUG - 1 change detected: {(<Change.modified: 2>, 'E:\\Next JS\\researchbot\\backend\\logs\\research_assistant_20250907_115551.log')}
2025-09-07 12:16:07,284 - DEBUG - 1 change detected: {(<Change.modified: 2>, 'E:\\Next JS\\researchbot\\backend\\logs\\research_assistant_20250907_115551.log')}
2025-09-07 12:16:07,700 - DEBUG - 1 change detected: {(<Change.modified: 2>, 'E:\\Next JS\\researchbot\\backend\\logs\\research_assistant_20250907_115551.log')}
2025-09-07 12:16:08,066 - DEBUG - 1 change detected: {(<Change.modified: 2>, 'E:\\Next JS\\researchbot\\backend\\logs\\research_assistant_20250907_115551.log')}
2025-09-07 12:16:08,505 - DEBUG - 1 change detected: {(<Change.modified: 2>, 'E:\\Next JS\\researchbot\\backend\\logs\\research_assistant_20250907_115551.log')}
2025-09-07 12:16:08,873 - DEBUG - 1 change detected: {(<Change.modified: 2>, 'E:\\Next JS\\researchbot\\backend\\logs\\research_assistant_20250907_115551.log')}
2025-09-07 12:16:09,300 - DEBUG - 1 change detected: {(<Change.modified: 2>, 'E:\\Next JS\\researchbot\\backend\\logs\\research_assistant_20250907_115551.log')}
2025-09-07 12:16:09,673 - DEBUG - 1 change detected: {(<Change.modified: 2>, 'E:\\Next JS\\researchbot\\backend\\logs\\research_assistant_20250907_115551.log')}
2025-09-07 12:16:10,078 - DEBUG - 1 change detected: {(<Change.modified: 2>, 'E:\\Next JS\\researchbot\\backend\\logs\\research_assistant_20250907_115551.log')}
2025-09-07 12:16:10,497 - DEBUG - 1 change detected: {(<Change.modified: 2>, 'E:\\Next JS\\researchbot\\backend\\logs\\research_assistant_20250907_115551.log')}
2025-09-07 12:16:10,907 - DEBUG - 1 change detected: {(<Change.modified: 2>, 'E:\\Next JS\\researchbot\\backend\\logs\\research_assistant_20250907_115551.log')}
2025-09-07 12:16:11,312 - DEBUG - 1 change detected: {(<Change.modified: 2>, 'E:\\Next JS\\researchbot\\backend\\logs\\research_assistant_20250907_115551.log')}
2025-09-07 12:16:11,723 - DEBUG - 1 change detected: {(<Change.modified: 2>, 'E:\\Next JS\\researchbot\\backend\\logs\\research_assistant_20250907_115551.log')}
2025-09-07 12:16:12,144 - DEBUG - 1 change detected: {(<Change.modified: 2>, 'E:\\Next JS\\researchbot\\backend\\logs\\research_assistant_20250907_115551.log')}
2025-09-07 12:16:12,557 - DEBUG - 1 change detected: {(<Change.modified: 2>, 'E:\\Next JS\\researchbot\\backend\\logs\\research_assistant_20250907_115551.log')}
2025-09-07 12:16:12,971 - DEBUG - 1 change detected: {(<Change.modified: 2>, 'E:\\Next JS\\researchbot\\backend\\logs\\research_assistant_20250907_115551.log')}
2025-09-07 12:16:13,383 - DEBUG - 1 change detected: {(<Change.modified: 2>, 'E:\\Next JS\\researchbot\\backend\\logs\\research_assistant_20250907_115551.log')}
2025-09-07 12:16:13,809 - DEBUG - 1 change detected: {(<Change.modified: 2>, 'E:\\Next JS\\researchbot\\backend\\logs\\research_assistant_20250907_115551.log')}
2025-09-07 12:16:14,172 - DEBUG - 1 change detected: {(<Change.modified: 2>, 'E:\\Next JS\\researchbot\\backend\\logs\\research_assistant_20250907_115551.log')}
2025-09-07 12:16:14,590 - DEBUG - 1 change detected: {(<Change.modified: 2>, 'E:\\Next JS\\researchbot\\backend\\logs\\research_assistant_20250907_115551.log')}
2025-09-07 12:16:14,951 - DEBUG - 1 change detected: {(<Change.modified: 2>, 'E:\\Next JS\\researchbot\\backend\\logs\\research_assistant_20250907_115551.log')}
2025-09-07 12:16:15,373 - DEBUG - 1 change detected: {(<Change.modified: 2>, 'E:\\Next JS\\researchbot\\backend\\logs\\research_assistant_20250907_115551.log')}
2025-09-07 12:16:15,782 - DEBUG - 1 change detected: {(<Change.modified: 2>, 'E:\\Next JS\\researchbot\\backend\\logs\\research_assistant_20250907_115551.log')}
2025-09-07 12:16:16,201 - DEBUG - 1 change detected: {(<Change.modified: 2>, 'E:\\Next JS\\researchbot\\backend\\logs\\research_assistant_20250907_115551.log')}
2025-09-07 12:16:16,560 - DEBUG - 1 change detected: {(<Change.modified: 2>, 'E:\\Next JS\\researchbot\\backend\\logs\\research_assistant_20250907_115551.log')}
2025-09-07 12:16:16,988 - DEBUG - 1 change detected: {(<Change.modified: 2>, 'E:\\Next JS\\researchbot\\backend\\logs\\research_assistant_20250907_115551.log')}
2025-09-07 12:16:17,399 - DEBUG - 1 change detected: {(<Change.modified: 2>, 'E:\\Next JS\\researchbot\\backend\\logs\\research_assistant_20250907_115551.log')}
2025-09-07 12:16:17,814 - DEBUG - 1 change detected: {(<Change.modified: 2>, 'E:\\Next JS\\researchbot\\backend\\logs\\research_assistant_20250907_115551.log')}
2025-09-07 12:16:18,259 - DEBUG - 1 change detected: {(<Change.modified: 2>, 'E:\\Next JS\\researchbot\\backend\\logs\\research_assistant_20250907_115551.log')}
2025-09-07 12:16:18,753 - DEBUG - 1 change detected: {(<Change.modified: 2>, 'E:\\Next JS\\researchbot\\backend\\logs\\research_assistant_20250907_115551.log')}
2025-09-07 12:16:19,128 - DEBUG - 1 change detected: {(<Change.modified: 2>, 'E:\\Next JS\\researchbot\\backend\\logs\\research_assistant_20250907_115551.log')}
2025-09-07 12:16:19,545 - DEBUG - 1 change detected: {(<Change.modified: 2>, 'E:\\Next JS\\researchbot\\backend\\logs\\research_assistant_20250907_115551.log')}
2025-09-07 12:16:19,917 - DEBUG - 1 change detected: {(<Change.modified: 2>, 'E:\\Next JS\\researchbot\\backend\\logs\\research_assistant_20250907_115551.log')}
2025-09-07 12:16:20,334 - DEBUG - 1 change detected: {(<Change.modified: 2>, 'E:\\Next JS\\researchbot\\backend\\logs\\research_assistant_20250907_115551.log')}
2025-09-07 12:16:20,723 - DEBUG - 1 change detected: {(<Change.modified: 2>, 'E:\\Next JS\\researchbot\\backend\\logs\\research_assistant_20250907_115551.log')}
2025-09-07 12:16:21,142 - DEBUG - 1 change detected: {(<Change.modified: 2>, 'E:\\Next JS\\researchbot\\backend\\logs\\research_assistant_20250907_115551.log')}
2025-09-07 12:16:21,564 - DEBUG - 1 change detected: {(<Change.modified: 2>, 'E:\\Next JS\\researchbot\\backend\\logs\\research_assistant_20250907_115551.log')}
2025-09-07 12:16:21,975 - DEBUG - 1 change detected: {(<Change.modified: 2>, 'E:\\Next JS\\researchbot\\backend\\logs\\research_assistant_20250907_115551.log')}
2025-09-07 12:16:22,344 - DEBUG - 1 change detected: {(<Change.modified: 2>, 'E:\\Next JS\\researchbot\\backend\\logs\\research_assistant_20250907_115551.log')}
2025-09-07 12:16:22,771 - DEBUG - 1 change detected: {(<Change.modified: 2>, 'E:\\Next JS\\researchbot\\backend\\logs\\research_assistant_20250907_115551.log')}
2025-09-07 12:16:23,140 - DEBUG - 1 change detected: {(<Change.modified: 2>, 'E:\\Next JS\\researchbot\\backend\\logs\\research_assistant_20250907_115551.log')}
2025-09-07 12:16:23,569 - DEBUG - 1 change detected: {(<Change.modified: 2>, 'E:\\Next JS\\researchbot\\backend\\logs\\research_assistant_20250907_115551.log')}
2025-09-07 12:16:23,934 - DEBUG - 1 change detected: {(<Change.modified: 2>, 'E:\\Next JS\\researchbot\\backend\\logs\\research_assistant_20250907_115551.log')}
2025-09-07 12:16:24,360 - DEBUG - 1 change detected: {(<Change.modified: 2>, 'E:\\Next JS\\researchbot\\backend\\logs\\research_assistant_20250907_115551.log')}
2025-09-07 12:16:24,736 - DEBUG - 1 change detected: {(<Change.modified: 2>, 'E:\\Next JS\\researchbot\\backend\\logs\\research_assistant_20250907_115551.log')}
2025-09-07 12:16:25,140 - DEBUG - 1 change detected: {(<Change.modified: 2>, 'E:\\Next JS\\researchbot\\backend\\logs\\research_assistant_20250907_115551.log')}
2025-09-07 12:16:25,565 - DEBUG - 1 change detected: {(<Change.modified: 2>, 'E:\\Next JS\\researchbot\\backend\\logs\\research_assistant_20250907_115551.log')}
2025-09-07 12:16:25,995 - DEBUG - 1 change detected: {(<Change.modified: 2>, 'E:\\Next JS\\researchbot\\backend\\logs\\research_assistant_20250907_115551.log')}
2025-09-07 12:16:26,360 - DEBUG - 1 change detected: {(<Change.modified: 2>, 'E:\\Next JS\\researchbot\\backend\\logs\\research_assistant_20250907_115551.log')}
2025-09-07 12:16:26,764 - DEBUG - 1 change detected: {(<Change.modified: 2>, 'E:\\Next JS\\researchbot\\backend\\logs\\research_assistant_20250907_115551.log')}
2025-09-07 12:16:27,193 - DEBUG - 1 change detected: {(<Change.modified: 2>, 'E:\\Next JS\\researchbot\\backend\\logs\\research_assistant_20250907_115551.log')}
2025-09-07 12:16:27,605 - DEBUG - 1 change detected: {(<Change.modified: 2>, 'E:\\Next JS\\researchbot\\backend\\logs\\research_assistant_20250907_115551.log')}
2025-09-07 12:16:28,043 - DEBUG - 1 change detected: {(<Change.modified: 2>, 'E:\\Next JS\\researchbot\\backend\\logs\\research_assistant_20250907_115551.log')}
2025-09-07 12:16:28,895 - DEBUG - 1 change detected: {(<Change.modified: 2>, 'E:\\Next JS\\researchbot\\backend\\logs\\research_assistant_20250907_115551.log')}
2025-09-07 12:16:29,562 - DEBUG - 1 change detected: {(<Change.modified: 2>, 'E:\\Next JS\\researchbot\\backend\\logs\\research_assistant_20250907_115551.log')}
2025-09-07 12:16:30,098 - DEBUG - 1 change detected: {(<Change.modified: 2>, 'E:\\Next JS\\researchbot\\backend\\logs\\research_assistant_20250907_115551.log')}
2025-09-07 12:20:59,805 - DEBUG - 1 change detected: {(<Change.modified: 2>, 'E:\\Next JS\\researchbot\\backend\\logs\\research_assistant_20250907_115551.log')}
2025-09-07 12:21:00,194 - DEBUG - 1 change detected: {(<Change.modified: 2>, 'E:\\Next JS\\researchbot\\backend\\logs\\research_assistant_20250907_115551.log')}
2025-09-07 12:21:00,619 - DEBUG - 1 change detected: {(<Change.modified: 2>, 'E:\\Next JS\\researchbot\\backend\\logs\\research_assistant_20250907_115551.log')}
2025-09-07 12:21:00,989 - DEBUG - 1 change detected: {(<Change.modified: 2>, 'E:\\Next JS\\researchbot\\backend\\logs\\research_assistant_20250907_115551.log')}
2025-09-07 12:21:01,514 - DEBUG - 1 change detected: {(<Change.modified: 2>, 'E:\\Next JS\\researchbot\\backend\\logs\\research_assistant_20250907_115551.log')}
2025-09-07 12:21:01,926 - DEBUG - 1 change detected: {(<Change.modified: 2>, 'E:\\Next JS\\researchbot\\backend\\logs\\research_assistant_20250907_115551.log')}
2025-09-07 12:21:02,293 - DEBUG - 1 change detected: {(<Change.modified: 2>, 'E:\\Next JS\\researchbot\\backend\\logs\\research_assistant_20250907_115551.log')}
2025-09-07 12:21:02,710 - DEBUG - 1 change detected: {(<Change.modified: 2>, 'E:\\Next JS\\researchbot\\backend\\logs\\research_assistant_20250907_115551.log')}
2025-09-07 12:21:03,130 - DEBUG - 1 change detected: {(<Change.modified: 2>, 'E:\\Next JS\\researchbot\\backend\\logs\\research_assistant_20250907_115551.log')}
2025-09-07 12:21:03,548 - DEBUG - 1 change detected: {(<Change.modified: 2>, 'E:\\Next JS\\researchbot\\backend\\logs\\research_assistant_20250907_115551.log')}
2025-09-07 12:21:03,907 - DEBUG - 1 change detected: {(<Change.modified: 2>, 'E:\\Next JS\\researchbot\\backend\\logs\\research_assistant_20250907_115551.log')}
2025-09-07 12:21:04,331 - DEBUG - 1 change detected: {(<Change.modified: 2>, 'E:\\Next JS\\researchbot\\backend\\logs\\research_assistant_20250907_115551.log')}
2025-09-07 12:21:04,738 - DEBUG - 1 change detected: {(<Change.modified: 2>, 'E:\\Next JS\\researchbot\\backend\\logs\\research_assistant_20250907_115551.log')}
2025-09-07 12:21:05,149 - DEBUG - 1 change detected: {(<Change.modified: 2>, 'E:\\Next JS\\researchbot\\backend\\logs\\research_assistant_20250907_115551.log')}
2025-09-07 12:21:05,556 - DEBUG - 1 change detected: {(<Change.modified: 2>, 'E:\\Next JS\\researchbot\\backend\\logs\\research_assistant_20250907_115551.log')}
2025-09-07 12:21:05,986 - DEBUG - 1 change detected: {(<Change.modified: 2>, 'E:\\Next JS\\researchbot\\backend\\logs\\research_assistant_20250907_115551.log')}
2025-09-07 12:21:06,343 - DEBUG - 1 change detected: {(<Change.modified: 2>, 'E:\\Next JS\\researchbot\\backend\\logs\\research_assistant_20250907_115551.log')}
2025-09-07 12:21:06,813 - DEBUG - 1 change detected: {(<Change.modified: 2>, 'E:\\Next JS\\researchbot\\backend\\logs\\research_assistant_20250907_115551.log')}
2025-09-07 12:21:07,228 - DEBUG - 1 change detected: {(<Change.modified: 2>, 'E:\\Next JS\\researchbot\\backend\\logs\\research_assistant_20250907_115551.log')}
2025-09-07 12:21:07,625 - DEBUG - 1 change detected: {(<Change.modified: 2>, 'E:\\Next JS\\researchbot\\backend\\logs\\research_assistant_20250907_115551.log')}
2025-09-07 12:21:08,134 - DEBUG - 1 change detected: {(<Change.modified: 2>, 'E:\\Next JS\\researchbot\\backend\\logs\\research_assistant_20250907_115551.log')}
2025-09-07 12:21:08,567 - DEBUG - 1 change detected: {(<Change.modified: 2>, 'E:\\Next JS\\researchbot\\backend\\logs\\research_assistant_20250907_115551.log')}
2025-09-07 12:21:08,988 - DEBUG - 1 change detected: {(<Change.modified: 2>, 'E:\\Next JS\\researchbot\\backend\\logs\\research_assistant_20250907_115551.log')}
2025-09-07 12:21:09,422 - DEBUG - 1 change detected: {(<Change.modified: 2>, 'E:\\Next JS\\researchbot\\backend\\logs\\research_assistant_20250907_115551.log')}
2025-09-07 12:21:09,782 - DEBUG - 1 change detected: {(<Change.modified: 2>, 'E:\\Next JS\\researchbot\\backend\\logs\\research_assistant_20250907_115551.log')}
2025-09-07 12:21:10,205 - DEBUG - 1 change detected: {(<Change.modified: 2>, 'E:\\Next JS\\researchbot\\backend\\logs\\research_assistant_20250907_115551.log')}
2025-09-07 12:21:10,615 - DEBUG - 1 change detected: {(<Change.modified: 2>, 'E:\\Next JS\\researchbot\\backend\\logs\\research_assistant_20250907_115551.log')}
2025-09-07 12:21:11,052 - DEBUG - 1 change detected: {(<Change.modified: 2>, 'E:\\Next JS\\researchbot\\backend\\logs\\research_assistant_20250907_115551.log')}
2025-09-07 12:21:11,465 - DEBUG - 1 change detected: {(<Change.modified: 2>, 'E:\\Next JS\\researchbot\\backend\\logs\\research_assistant_20250907_115551.log')}
2025-09-07 12:21:11,881 - DEBUG - 1 change detected: {(<Change.modified: 2>, 'E:\\Next JS\\researchbot\\backend\\logs\\research_assistant_20250907_115551.log')}
2025-09-07 12:21:12,363 - DEBUG - 1 change detected: {(<Change.modified: 2>, 'E:\\Next JS\\researchbot\\backend\\logs\\research_assistant_20250907_115551.log')}
2025-09-07 12:21:12,778 - DEBUG - 1 change detected: {(<Change.modified: 2>, 'E:\\Next JS\\researchbot\\backend\\logs\\research_assistant_20250907_115551.log')}
2025-09-07 12:21:13,212 - DEBUG - 1 change detected: {(<Change.modified: 2>, 'E:\\Next JS\\researchbot\\backend\\logs\\research_assistant_20250907_115551.log')}
2025-09-07 12:21:13,587 - DEBUG - 1 change detected: {(<Change.modified: 2>, 'E:\\Next JS\\researchbot\\backend\\logs\\research_assistant_20250907_115551.log')}
2025-09-07 12:21:14,189 - DEBUG - 1 change detected: {(<Change.modified: 2>, 'E:\\Next JS\\researchbot\\backend\\logs\\research_assistant_20250907_115551.log')}
2025-09-07 12:21:14,714 - DEBUG - 1 change detected: {(<Change.modified: 2>, 'E:\\Next JS\\researchbot\\backend\\logs\\research_assistant_20250907_115551.log')}
2025-09-07 12:21:15,347 - DEBUG - 1 change detected: {(<Change.modified: 2>, 'E:\\Next JS\\researchbot\\backend\\logs\\research_assistant_20250907_115551.log')}
2025-09-07 12:21:15,707 - DEBUG - 1 change detected: {(<Change.modified: 2>, 'E:\\Next JS\\researchbot\\backend\\logs\\research_assistant_20250907_115551.log')}
2025-09-07 12:21:16,060 - DEBUG - 1 change detected: {(<Change.modified: 2>, 'E:\\Next JS\\researchbot\\backend\\logs\\research_assistant_20250907_115551.log')}
2025-09-07 12:21:16,489 - DEBUG - 1 change detected: {(<Change.modified: 2>, 'E:\\Next JS\\researchbot\\backend\\logs\\research_assistant_20250907_115551.log')}
2025-09-07 12:21:16,887 - DEBUG - 1 change detected: {(<Change.modified: 2>, 'E:\\Next JS\\researchbot\\backend\\logs\\research_assistant_20250907_115551.log')}
2025-09-07 12:21:17,347 - DEBUG - 1 change detected: {(<Change.modified: 2>, 'E:\\Next JS\\researchbot\\backend\\logs\\research_assistant_20250907_115551.log')}
2025-09-07 12:21:17,833 - DEBUG - 1 change detected: {(<Change.modified: 2>, 'E:\\Next JS\\researchbot\\backend\\logs\\research_assistant_20250907_115551.log')}
2025-09-07 12:21:18,449 - DEBUG - 1 change detected: {(<Change.modified: 2>, 'E:\\Next JS\\researchbot\\backend\\logs\\research_assistant_20250907_115551.log')}
2025-09-07 12:21:18,828 - DEBUG - 1 change detected: {(<Change.modified: 2>, 'E:\\Next JS\\researchbot\\backend\\logs\\research_assistant_20250907_115551.log')}
2025-09-07 12:21:19,204 - DEBUG - 1 change detected: {(<Change.modified: 2>, 'E:\\Next JS\\researchbot\\backend\\logs\\research_assistant_20250907_115551.log')}
2025-09-07 12:21:19,642 - DEBUG - 1 change detected: {(<Change.modified: 2>, 'E:\\Next JS\\researchbot\\backend\\logs\\research_assistant_20250907_115551.log')}
2025-09-07 12:21:20,070 - DEBUG - 1 change detected: {(<Change.modified: 2>, 'E:\\Next JS\\researchbot\\backend\\logs\\research_assistant_20250907_115551.log')}
2025-09-07 12:21:20,486 - DEBUG - 1 change detected: {(<Change.modified: 2>, 'E:\\Next JS\\researchbot\\backend\\logs\\research_assistant_20250907_115551.log')}
2025-09-07 12:21:20,904 - DEBUG - 1 change detected: {(<Change.modified: 2>, 'E:\\Next JS\\researchbot\\backend\\logs\\research_assistant_20250907_115551.log')}
2025-09-07 12:21:21,306 - DEBUG - 1 change detected: {(<Change.modified: 2>, 'E:\\Next JS\\researchbot\\backend\\logs\\research_assistant_20250907_115551.log')}
2025-09-07 12:21:21,668 - DEBUG - 1 change detected: {(<Change.modified: 2>, 'E:\\Next JS\\researchbot\\backend\\logs\\research_assistant_20250907_115551.log')}
2025-09-07 12:21:22,098 - DEBUG - 1 change detected: {(<Change.modified: 2>, 'E:\\Next JS\\researchbot\\backend\\logs\\research_assistant_20250907_115551.log')}
2025-09-07 12:21:22,471 - DEBUG - 1 change detected: {(<Change.modified: 2>, 'E:\\Next JS\\researchbot\\backend\\logs\\research_assistant_20250907_115551.log')}
2025-09-07 12:21:22,892 - DEBUG - 1 change detected: {(<Change.modified: 2>, 'E:\\Next JS\\researchbot\\backend\\logs\\research_assistant_20250907_115551.log')}
2025-09-07 12:21:23,259 - DEBUG - 1 change detected: {(<Change.modified: 2>, 'E:\\Next JS\\researchbot\\backend\\logs\\research_assistant_20250907_115551.log')}
2025-09-07 12:21:23,682 - DEBUG - 1 change detected: {(<Change.modified: 2>, 'E:\\Next JS\\researchbot\\backend\\logs\\research_assistant_20250907_115551.log')}
2025-09-07 12:21:24,049 - DEBUG - 1 change detected: {(<Change.modified: 2>, 'E:\\Next JS\\researchbot\\backend\\logs\\research_assistant_20250907_115551.log')}
2025-09-07 12:21:24,472 - DEBUG - 1 change detected: {(<Change.modified: 2>, 'E:\\Next JS\\researchbot\\backend\\logs\\research_assistant_20250907_115551.log')}
2025-09-07 12:21:24,884 - DEBUG - 1 change detected: {(<Change.modified: 2>, 'E:\\Next JS\\researchbot\\backend\\logs\\research_assistant_20250907_115551.log')}
2025-09-07 12:21:25,292 - DEBUG - 1 change detected: {(<Change.modified: 2>, 'E:\\Next JS\\researchbot\\backend\\logs\\research_assistant_20250907_115551.log')}
2025-09-07 12:21:25,706 - DEBUG - 1 change detected: {(<Change.modified: 2>, 'E:\\Next JS\\researchbot\\backend\\logs\\research_assistant_20250907_115551.log')}
2025-09-07 12:21:26,120 - DEBUG - 1 change detected: {(<Change.modified: 2>, 'E:\\Next JS\\researchbot\\backend\\logs\\research_assistant_20250907_115551.log')}
2025-09-07 12:21:26,479 - DEBUG - 1 change detected: {(<Change.modified: 2>, 'E:\\Next JS\\researchbot\\backend\\logs\\research_assistant_20250907_115551.log')}
2025-09-07 12:21:27,000 - DEBUG - 1 change detected: {(<Change.modified: 2>, 'E:\\Next JS\\researchbot\\backend\\logs\\research_assistant_20250907_115551.log')}
2025-09-07 12:21:27,374 - DEBUG - 1 change detected: {(<Change.modified: 2>, 'E:\\Next JS\\researchbot\\backend\\logs\\research_assistant_20250907_115551.log')}
2025-09-07 12:21:27,767 - DEBUG - 1 change detected: {(<Change.modified: 2>, 'E:\\Next JS\\researchbot\\backend\\logs\\research_assistant_20250907_115551.log')}
2025-09-07 12:21:28,184 - DEBUG - 1 change detected: {(<Change.modified: 2>, 'E:\\Next JS\\researchbot\\backend\\logs\\research_assistant_20250907_115551.log')}
2025-09-07 12:21:28,591 - DEBUG - 1 change detected: {(<Change.modified: 2>, 'E:\\Next JS\\researchbot\\backend\\logs\\research_assistant_20250907_115551.log')}
2025-09-07 12:21:29,024 - DEBUG - 1 change detected: {(<Change.modified: 2>, 'E:\\Next JS\\researchbot\\backend\\logs\\research_assistant_20250907_115551.log')}
2025-09-07 12:21:29,395 - DEBUG - 1 change detected: {(<Change.modified: 2>, 'E:\\Next JS\\researchbot\\backend\\logs\\research_assistant_20250907_115551.log')}
2025-09-07 12:21:29,815 - DEBUG - 1 change detected: {(<Change.modified: 2>, 'E:\\Next JS\\researchbot\\backend\\logs\\research_assistant_20250907_115551.log')}
2025-09-07 12:21:30,188 - DEBUG - 1 change detected: {(<Change.modified: 2>, 'E:\\Next JS\\researchbot\\backend\\logs\\research_assistant_20250907_115551.log')}
2025-09-07 12:21:30,608 - DEBUG - 1 change detected: {(<Change.modified: 2>, 'E:\\Next JS\\researchbot\\backend\\logs\\research_assistant_20250907_115551.log')}
2025-09-07 12:21:31,019 - DEBUG - 1 change detected: {(<Change.modified: 2>, 'E:\\Next JS\\researchbot\\backend\\logs\\research_assistant_20250907_115551.log')}
2025-09-07 12:21:31,422 - DEBUG - 1 change detected: {(<Change.modified: 2>, 'E:\\Next JS\\researchbot\\backend\\logs\\research_assistant_20250907_115551.log')}
2025-09-07 12:21:31,805 - DEBUG - 1 change detected: {(<Change.modified: 2>, 'E:\\Next JS\\researchbot\\backend\\logs\\research_assistant_20250907_115551.log')}
2025-09-07 12:21:32,377 - DEBUG - 1 change detected: {(<Change.modified: 2>, 'E:\\Next JS\\researchbot\\backend\\logs\\research_assistant_20250907_115551.log')}
2025-09-07 12:21:32,729 - DEBUG - 1 change detected: {(<Change.modified: 2>, 'E:\\Next JS\\researchbot\\backend\\logs\\research_assistant_20250907_115551.log')}
2025-09-07 12:21:33,139 - DEBUG - 1 change detected: {(<Change.modified: 2>, 'E:\\Next JS\\researchbot\\backend\\logs\\research_assistant_20250907_115551.log')}
2025-09-07 12:21:33,551 - DEBUG - 1 change detected: {(<Change.modified: 2>, 'E:\\Next JS\\researchbot\\backend\\logs\\research_assistant_20250907_115551.log')}
2025-09-07 12:21:33,924 - DEBUG - 1 change detected: {(<Change.modified: 2>, 'E:\\Next JS\\researchbot\\backend\\logs\\research_assistant_20250907_115551.log')}
2025-09-07 12:21:34,396 - DEBUG - 1 change detected: {(<Change.modified: 2>, 'E:\\Next JS\\researchbot\\backend\\logs\\research_assistant_20250907_115551.log')}
2025-09-07 12:21:34,829 - DEBUG - 1 change detected: {(<Change.modified: 2>, 'E:\\Next JS\\researchbot\\backend\\logs\\research_assistant_20250907_115551.log')}
2025-09-07 12:21:35,523 - DEBUG - 1 change detected: {(<Change.modified: 2>, 'E:\\Next JS\\researchbot\\backend\\logs\\research_assistant_20250907_115551.log')}
2025-09-07 12:21:35,901 - DEBUG - 1 change detected: {(<Change.modified: 2>, 'E:\\Next JS\\researchbot\\backend\\logs\\research_assistant_20250907_115551.log')}
2025-09-07 12:21:36,278 - DEBUG - 1 change detected: {(<Change.modified: 2>, 'E:\\Next JS\\researchbot\\backend\\logs\\research_assistant_20250907_115551.log')}
2025-09-07 12:21:36,808 - DEBUG - 1 change detected: {(<Change.modified: 2>, 'E:\\Next JS\\researchbot\\backend\\logs\\research_assistant_20250907_115551.log')}
2025-09-07 12:21:37,313 - DEBUG - 1 change detected: {(<Change.modified: 2>, 'E:\\Next JS\\researchbot\\backend\\logs\\research_assistant_20250907_115551.log')}
2025-09-07 12:21:37,840 - DEBUG - 1 change detected: {(<Change.modified: 2>, 'E:\\Next JS\\researchbot\\backend\\logs\\research_assistant_20250907_115551.log')}
2025-09-07 12:21:38,357 - DEBUG - 1 change detected: {(<Change.modified: 2>, 'E:\\Next JS\\researchbot\\backend\\logs\\research_assistant_20250907_115551.log')}
2025-09-07 12:21:38,728 - DEBUG - 1 change detected: {(<Change.modified: 2>, 'E:\\Next JS\\researchbot\\backend\\logs\\research_assistant_20250907_115551.log')}
2025-09-07 12:21:39,134 - DEBUG - 1 change detected: {(<Change.modified: 2>, 'E:\\Next JS\\researchbot\\backend\\logs\\research_assistant_20250907_115551.log')}
2025-09-07 12:21:39,544 - DEBUG - 1 change detected: {(<Change.modified: 2>, 'E:\\Next JS\\researchbot\\backend\\logs\\research_assistant_20250907_115551.log')}
2025-09-07 12:21:39,897 - DEBUG - 1 change detected: {(<Change.modified: 2>, 'E:\\Next JS\\researchbot\\backend\\logs\\research_assistant_20250907_115551.log')}
2025-09-07 12:21:40,314 - DEBUG - 1 change detected: {(<Change.modified: 2>, 'E:\\Next JS\\researchbot\\backend\\logs\\research_assistant_20250907_115551.log')}
2025-09-07 12:21:40,732 - DEBUG - 1 change detected: {(<Change.modified: 2>, 'E:\\Next JS\\researchbot\\backend\\logs\\research_assistant_20250907_115551.log')}
2025-09-07 12:21:41,184 - DEBUG - 1 change detected: {(<Change.modified: 2>, 'E:\\Next JS\\researchbot\\backend\\logs\\research_assistant_20250907_115551.log')}
2025-09-07 12:21:41,543 - DEBUG - 1 change detected: {(<Change.modified: 2>, 'E:\\Next JS\\researchbot\\backend\\logs\\research_assistant_20250907_115551.log')}
2025-09-07 12:21:41,952 - DEBUG - 1 change detected: {(<Change.modified: 2>, 'E:\\Next JS\\researchbot\\backend\\logs\\research_assistant_20250907_115551.log')}
2025-09-07 12:21:42,411 - DEBUG - 1 change detected: {(<Change.modified: 2>, 'E:\\Next JS\\researchbot\\backend\\logs\\research_assistant_20250907_115551.log')}
2025-09-07 12:21:43,199 - DEBUG - 1 change detected: {(<Change.modified: 2>, 'E:\\Next JS\\researchbot\\backend\\logs\\research_assistant_20250907_115551.log')}
2025-09-07 12:21:43,554 - DEBUG - 1 change detected: {(<Change.modified: 2>, 'E:\\Next JS\\researchbot\\backend\\logs\\research_assistant_20250907_115551.log')}
2025-09-07 12:21:43,921 - DEBUG - 1 change detected: {(<Change.modified: 2>, 'E:\\Next JS\\researchbot\\backend\\logs\\research_assistant_20250907_115551.log')}
2025-09-07 12:21:44,340 - DEBUG - 1 change detected: {(<Change.modified: 2>, 'E:\\Next JS\\researchbot\\backend\\logs\\research_assistant_20250907_115551.log')}
2025-09-07 12:21:44,775 - DEBUG - 1 change detected: {(<Change.modified: 2>, 'E:\\Next JS\\researchbot\\backend\\logs\\research_assistant_20250907_115551.log')}
2025-09-07 12:21:45,173 - DEBUG - 1 change detected: {(<Change.modified: 2>, 'E:\\Next JS\\researchbot\\backend\\logs\\research_assistant_20250907_115551.log')}
2025-09-07 12:21:45,543 - DEBUG - 1 change detected: {(<Change.modified: 2>, 'E:\\Next JS\\researchbot\\backend\\logs\\research_assistant_20250907_115551.log')}
2025-09-07 12:21:45,932 - DEBUG - 1 change detected: {(<Change.modified: 2>, 'E:\\Next JS\\researchbot\\backend\\logs\\research_assistant_20250907_115551.log')}
2025-09-07 12:21:46,365 - DEBUG - 1 change detected: {(<Change.modified: 2>, 'E:\\Next JS\\researchbot\\backend\\logs\\research_assistant_20250907_115551.log')}
2025-09-07 12:21:46,731 - DEBUG - 1 change detected: {(<Change.modified: 2>, 'E:\\Next JS\\researchbot\\backend\\logs\\research_assistant_20250907_115551.log')}
2025-09-07 12:21:47,148 - DEBUG - 1 change detected: {(<Change.modified: 2>, 'E:\\Next JS\\researchbot\\backend\\logs\\research_assistant_20250907_115551.log')}
2025-09-07 12:21:47,553 - DEBUG - 1 change detected: {(<Change.modified: 2>, 'E:\\Next JS\\researchbot\\backend\\logs\\research_assistant_20250907_115551.log')}
2025-09-07 12:21:47,975 - DEBUG - 1 change detected: {(<Change.modified: 2>, 'E:\\Next JS\\researchbot\\backend\\logs\\research_assistant_20250907_115551.log')}
2025-09-07 12:21:48,335 - DEBUG - 1 change detected: {(<Change.modified: 2>, 'E:\\Next JS\\researchbot\\backend\\logs\\research_assistant_20250907_115551.log')}
2025-09-07 12:21:48,743 - DEBUG - 1 change detected: {(<Change.modified: 2>, 'E:\\Next JS\\researchbot\\backend\\logs\\research_assistant_20250907_115551.log')}
2025-09-07 12:21:49,159 - DEBUG - 1 change detected: {(<Change.modified: 2>, 'E:\\Next JS\\researchbot\\backend\\logs\\research_assistant_20250907_115551.log')}
2025-09-07 12:21:49,589 - DEBUG - 1 change detected: {(<Change.modified: 2>, 'E:\\Next JS\\researchbot\\backend\\logs\\research_assistant_20250907_115551.log')}
2025-09-07 12:21:49,950 - DEBUG - 1 change detected: {(<Change.modified: 2>, 'E:\\Next JS\\researchbot\\backend\\logs\\research_assistant_20250907_115551.log')}
2025-09-07 12:21:50,412 - DEBUG - 1 change detected: {(<Change.modified: 2>, 'E:\\Next JS\\researchbot\\backend\\logs\\research_assistant_20250907_115551.log')}
2025-09-07 12:21:50,837 - DEBUG - 1 change detected: {(<Change.modified: 2>, 'E:\\Next JS\\researchbot\\backend\\logs\\research_assistant_20250907_115551.log')}
2025-09-07 12:21:51,210 - DEBUG - 1 change detected: {(<Change.modified: 2>, 'E:\\Next JS\\researchbot\\backend\\logs\\research_assistant_20250907_115551.log')}
2025-09-07 12:21:51,631 - DEBUG - 1 change detected: {(<Change.modified: 2>, 'E:\\Next JS\\researchbot\\backend\\logs\\research_assistant_20250907_115551.log')}
2025-09-07 12:21:52,047 - DEBUG - 1 change detected: {(<Change.modified: 2>, 'E:\\Next JS\\researchbot\\backend\\logs\\research_assistant_20250907_115551.log')}
2025-09-07 12:21:52,419 - DEBUG - 1 change detected: {(<Change.modified: 2>, 'E:\\Next JS\\researchbot\\backend\\logs\\research_assistant_20250907_115551.log')}
2025-09-07 12:21:52,830 - DEBUG - 1 change detected: {(<Change.modified: 2>, 'E:\\Next JS\\researchbot\\backend\\logs\\research_assistant_20250907_115551.log')}
2025-09-07 12:21:53,203 - DEBUG - 1 change detected: {(<Change.modified: 2>, 'E:\\Next JS\\researchbot\\backend\\logs\\research_assistant_20250907_115551.log')}
2025-09-07 12:21:53,626 - DEBUG - 1 change detected: {(<Change.modified: 2>, 'E:\\Next JS\\researchbot\\backend\\logs\\research_assistant_20250907_115551.log')}
2025-09-07 12:21:54,053 - DEBUG - 1 change detected: {(<Change.modified: 2>, 'E:\\Next JS\\researchbot\\backend\\logs\\research_assistant_20250907_115551.log')}
2025-09-07 12:21:54,462 - DEBUG - 1 change detected: {(<Change.modified: 2>, 'E:\\Next JS\\researchbot\\backend\\logs\\research_assistant_20250907_115551.log')}
2025-09-07 12:21:54,892 - DEBUG - 1 change detected: {(<Change.modified: 2>, 'E:\\Next JS\\researchbot\\backend\\logs\\research_assistant_20250907_115551.log')}
2025-09-07 12:21:55,308 - DEBUG - 1 change detected: {(<Change.modified: 2>, 'E:\\Next JS\\researchbot\\backend\\logs\\research_assistant_20250907_115551.log')}
2025-09-07 12:21:55,674 - DEBUG - 1 change detected: {(<Change.modified: 2>, 'E:\\Next JS\\researchbot\\backend\\logs\\research_assistant_20250907_115551.log')}
2025-09-07 12:21:56,089 - DEBUG - 1 change detected: {(<Change.modified: 2>, 'E:\\Next JS\\researchbot\\backend\\logs\\research_assistant_20250907_115551.log')}
2025-09-07 12:21:56,507 - DEBUG - 1 change detected: {(<Change.modified: 2>, 'E:\\Next JS\\researchbot\\backend\\logs\\research_assistant_20250907_115551.log')}
2025-09-07 12:21:56,929 - DEBUG - 1 change detected: {(<Change.modified: 2>, 'E:\\Next JS\\researchbot\\backend\\logs\\research_assistant_20250907_115551.log')}
2025-09-07 12:21:57,342 - DEBUG - 1 change detected: {(<Change.modified: 2>, 'E:\\Next JS\\researchbot\\backend\\logs\\research_assistant_20250907_115551.log')}
2025-09-07 12:21:57,777 - DEBUG - 1 change detected: {(<Change.modified: 2>, 'E:\\Next JS\\researchbot\\backend\\logs\\research_assistant_20250907_115551.log')}
2025-09-07 12:21:58,188 - DEBUG - 1 change detected: {(<Change.modified: 2>, 'E:\\Next JS\\researchbot\\backend\\logs\\research_assistant_20250907_115551.log')}
2025-09-07 12:21:58,606 - DEBUG - 1 change detected: {(<Change.modified: 2>, 'E:\\Next JS\\researchbot\\backend\\logs\\research_assistant_20250907_115551.log')}
2025-09-07 12:21:58,979 - DEBUG - 1 change detected: {(<Change.modified: 2>, 'E:\\Next JS\\researchbot\\backend\\logs\\research_assistant_20250907_115551.log')}
2025-09-07 12:21:59,437 - DEBUG - 1 change detected: {(<Change.modified: 2>, 'E:\\Next JS\\researchbot\\backend\\logs\\research_assistant_20250907_115551.log')}
2025-09-07 12:21:59,805 - DEBUG - 1 change detected: {(<Change.modified: 2>, 'E:\\Next JS\\researchbot\\backend\\logs\\research_assistant_20250907_115551.log')}
2025-09-07 12:22:00,224 - DEBUG - 1 change detected: {(<Change.modified: 2>, 'E:\\Next JS\\researchbot\\backend\\logs\\research_assistant_20250907_115551.log')}
2025-09-07 12:22:00,641 - DEBUG - 1 change detected: {(<Change.modified: 2>, 'E:\\Next JS\\researchbot\\backend\\logs\\research_assistant_20250907_115551.log')}
2025-09-07 12:22:01,066 - DEBUG - 1 change detected: {(<Change.modified: 2>, 'E:\\Next JS\\researchbot\\backend\\logs\\research_assistant_20250907_115551.log')}
2025-09-07 12:22:01,473 - DEBUG - 1 change detected: {(<Change.modified: 2>, 'E:\\Next JS\\researchbot\\backend\\logs\\research_assistant_20250907_115551.log')}
2025-09-07 12:22:01,935 - DEBUG - 1 change detected: {(<Change.modified: 2>, 'E:\\Next JS\\researchbot\\backend\\logs\\research_assistant_20250907_115551.log')}
2025-09-07 12:22:02,369 - DEBUG - 1 change detected: {(<Change.modified: 2>, 'E:\\Next JS\\researchbot\\backend\\logs\\research_assistant_20250907_115551.log')}
2025-09-07 12:22:02,742 - DEBUG - 1 change detected: {(<Change.modified: 2>, 'E:\\Next JS\\researchbot\\backend\\logs\\research_assistant_20250907_115551.log')}
2025-09-07 12:22:03,165 - DEBUG - 1 change detected: {(<Change.modified: 2>, 'E:\\Next JS\\researchbot\\backend\\logs\\research_assistant_20250907_115551.log')}
2025-09-07 12:22:03,536 - DEBUG - 1 change detected: {(<Change.modified: 2>, 'E:\\Next JS\\researchbot\\backend\\logs\\research_assistant_20250907_115551.log')}
2025-09-07 12:22:03,953 - DEBUG - 1 change detected: {(<Change.modified: 2>, 'E:\\Next JS\\researchbot\\backend\\logs\\research_assistant_20250907_115551.log')}
2025-09-07 12:22:04,366 - DEBUG - 1 change detected: {(<Change.modified: 2>, 'E:\\Next JS\\researchbot\\backend\\logs\\research_assistant_20250907_115551.log')}
2025-09-07 12:22:04,728 - DEBUG - 1 change detected: {(<Change.modified: 2>, 'E:\\Next JS\\researchbot\\backend\\logs\\research_assistant_20250907_115551.log')}
2025-09-07 12:22:05,148 - DEBUG - 1 change detected: {(<Change.modified: 2>, 'E:\\Next JS\\researchbot\\backend\\logs\\research_assistant_20250907_115551.log')}
2025-09-07 12:22:05,570 - DEBUG - 1 change detected: {(<Change.modified: 2>, 'E:\\Next JS\\researchbot\\backend\\logs\\research_assistant_20250907_115551.log')}
2025-09-07 12:22:05,937 - DEBUG - 1 change detected: {(<Change.modified: 2>, 'E:\\Next JS\\researchbot\\backend\\logs\\research_assistant_20250907_115551.log')}
2025-09-07 12:22:06,456 - DEBUG - 1 change detected: {(<Change.modified: 2>, 'E:\\Next JS\\researchbot\\backend\\logs\\research_assistant_20250907_115551.log')}
2025-09-07 12:22:06,852 - DEBUG - 1 change detected: {(<Change.modified: 2>, 'E:\\Next JS\\researchbot\\backend\\logs\\research_assistant_20250907_115551.log')}
2025-09-07 12:22:07,232 - DEBUG - 1 change detected: {(<Change.modified: 2>, 'E:\\Next JS\\researchbot\\backend\\logs\\research_assistant_20250907_115551.log')}
2025-09-07 12:22:07,668 - DEBUG - 1 change detected: {(<Change.modified: 2>, 'E:\\Next JS\\researchbot\\backend\\logs\\research_assistant_20250907_115551.log')}
2025-09-07 12:22:08,082 - DEBUG - 1 change detected: {(<Change.modified: 2>, 'E:\\Next JS\\researchbot\\backend\\logs\\research_assistant_20250907_115551.log')}
2025-09-07 12:22:08,499 - DEBUG - 1 change detected: {(<Change.modified: 2>, 'E:\\Next JS\\researchbot\\backend\\logs\\research_assistant_20250907_115551.log')}
2025-09-07 12:22:08,962 - DEBUG - 1 change detected: {(<Change.modified: 2>, 'E:\\Next JS\\researchbot\\backend\\logs\\research_assistant_20250907_115551.log')}
2025-09-07 12:22:09,385 - DEBUG - 1 change detected: {(<Change.modified: 2>, 'E:\\Next JS\\researchbot\\backend\\logs\\research_assistant_20250907_115551.log')}
2025-09-07 12:22:09,809 - DEBUG - 1 change detected: {(<Change.modified: 2>, 'E:\\Next JS\\researchbot\\backend\\logs\\research_assistant_20250907_115551.log')}
2025-09-07 12:22:10,221 - DEBUG - 1 change detected: {(<Change.modified: 2>, 'E:\\Next JS\\researchbot\\backend\\logs\\research_assistant_20250907_115551.log')}
2025-09-07 12:22:10,634 - DEBUG - 1 change detected: {(<Change.modified: 2>, 'E:\\Next JS\\researchbot\\backend\\logs\\research_assistant_20250907_115551.log')}
2025-09-07 12:22:11,060 - DEBUG - 1 change detected: {(<Change.modified: 2>, 'E:\\Next JS\\researchbot\\backend\\logs\\research_assistant_20250907_115551.log')}
2025-09-07 12:22:11,421 - DEBUG - 1 change detected: {(<Change.modified: 2>, 'E:\\Next JS\\researchbot\\backend\\logs\\research_assistant_20250907_115551.log')}
2025-09-07 12:22:11,839 - DEBUG - 1 change detected: {(<Change.modified: 2>, 'E:\\Next JS\\researchbot\\backend\\logs\\research_assistant_20250907_115551.log')}
2025-09-07 12:22:12,778 - DEBUG - 1 change detected: {(<Change.modified: 2>, 'E:\\Next JS\\researchbot\\backend\\logs\\research_assistant_20250907_115551.log')}
2025-09-07 12:22:13,495 - DEBUG - 1 change detected: {(<Change.modified: 2>, 'E:\\Next JS\\researchbot\\backend\\logs\\research_assistant_20250907_115551.log')}
2025-09-07 12:22:14,329 - DEBUG - 1 change detected: {(<Change.modified: 2>, 'E:\\Next JS\\researchbot\\backend\\logs\\research_assistant_20250907_115551.log')}
2025-09-07 12:22:14,943 - DEBUG - 1 change detected: {(<Change.modified: 2>, 'E:\\Next JS\\researchbot\\backend\\logs\\research_assistant_20250907_115551.log')}
2025-09-07 12:22:15,454 - DEBUG - 1 change detected: {(<Change.modified: 2>, 'E:\\Next JS\\researchbot\\backend\\logs\\research_assistant_20250907_115551.log')}
2025-09-07 12:22:15,916 - DEBUG - 1 change detected: {(<Change.modified: 2>, 'E:\\Next JS\\researchbot\\backend\\logs\\research_assistant_20250907_115551.log')}
2025-09-07 12:22:16,290 - DEBUG - 1 change detected: {(<Change.modified: 2>, 'E:\\Next JS\\researchbot\\backend\\logs\\research_assistant_20250907_115551.log')}
2025-09-07 12:22:16,758 - DEBUG - 1 change detected: {(<Change.modified: 2>, 'E:\\Next JS\\researchbot\\backend\\logs\\research_assistant_20250907_115551.log')}
2025-09-07 12:22:17,768 - DEBUG - 1 change detected: {(<Change.modified: 2>, 'E:\\Next JS\\researchbot\\backend\\logs\\research_assistant_20250907_115551.log')}
2025-09-07 12:22:18,324 - DEBUG - 1 change detected: {(<Change.modified: 2>, 'E:\\Next JS\\researchbot\\backend\\logs\\research_assistant_20250907_115551.log')}
2025-09-07 12:22:19,103 - DEBUG - 1 change detected: {(<Change.modified: 2>, 'E:\\Next JS\\researchbot\\backend\\logs\\research_assistant_20250907_115551.log')}
2025-09-07 12:22:19,883 - DEBUG - 1 change detected: {(<Change.modified: 2>, 'E:\\Next JS\\researchbot\\backend\\logs\\research_assistant_20250907_115551.log')}
2025-09-07 12:22:20,900 - DEBUG - 1 change detected: {(<Change.modified: 2>, 'E:\\Next JS\\researchbot\\backend\\logs\\research_assistant_20250907_115551.log')}
2025-09-07 12:22:22,650 - DEBUG - 1 change detected: {(<Change.modified: 2>, 'E:\\Next JS\\researchbot\\backend\\logs\\research_assistant_20250907_115551.log')}
2025-09-07 12:22:23,486 - DEBUG - 1 change detected: {(<Change.modified: 2>, 'E:\\Next JS\\researchbot\\backend\\logs\\research_assistant_20250907_115551.log')}
2025-09-07 12:22:24,685 - DEBUG - 1 change detected: {(<Change.modified: 2>, 'E:\\Next JS\\researchbot\\backend\\logs\\research_assistant_20250907_115551.log')}
2025-09-07 12:22:25,706 - DEBUG - 1 change detected: {(<Change.modified: 2>, 'E:\\Next JS\\researchbot\\backend\\logs\\research_assistant_20250907_115551.log')}
2025-09-07 12:22:26,776 - DEBUG - 1 change detected: {(<Change.modified: 2>, 'E:\\Next JS\\researchbot\\backend\\logs\\research_assistant_20250907_115551.log')}
2025-09-07 12:26:11,756 - DEBUG - 1 change detected: {(<Change.modified: 2>, 'E:\\Next JS\\researchbot\\backend\\logs\\research_assistant_20250907_115551.log')}
2025-09-07 12:26:12,584 - DEBUG - 1 change detected: {(<Change.modified: 2>, 'E:\\Next JS\\researchbot\\backend\\logs\\research_assistant_20250907_115551.log')}
2025-09-07 12:26:13,693 - DEBUG - 1 change detected: {(<Change.modified: 2>, 'E:\\Next JS\\researchbot\\backend\\logs\\research_assistant_20250907_115551.log')}
2025-09-07 12:26:15,035 - DEBUG - 1 change detected: {(<Change.modified: 2>, 'E:\\Next JS\\researchbot\\backend\\logs\\research_assistant_20250907_115551.log')}
2025-09-07 12:26:17,264 - DEBUG - 1 change detected: {(<Change.modified: 2>, 'E:\\Next JS\\researchbot\\backend\\logs\\research_assistant_20250907_115551.log')}
2025-09-07 12:26:18,481 - DEBUG - 1 change detected: {(<Change.modified: 2>, 'E:\\Next JS\\researchbot\\backend\\logs\\research_assistant_20250907_115551.log')}
2025-09-07 12:31:23,584 - DEBUG - 1 change detected: {(<Change.modified: 2>, 'E:\\Next JS\\researchbot\\backend\\logs\\research_assistant_20250907_115551.log')}
2025-09-07 12:31:23,942 - DEBUG - 1 change detected: {(<Change.modified: 2>, 'E:\\Next JS\\researchbot\\backend\\logs\\research_assistant_20250907_115551.log')}
2025-09-07 12:31:24,376 - DEBUG - 1 change detected: {(<Change.modified: 2>, 'E:\\Next JS\\researchbot\\backend\\logs\\research_assistant_20250907_115551.log')}
2025-09-07 12:31:24,775 - DEBUG - 1 change detected: {(<Change.modified: 2>, 'E:\\Next JS\\researchbot\\backend\\logs\\research_assistant_20250907_115551.log')}
2025-09-07 12:31:25,150 - DEBUG - 1 change detected: {(<Change.modified: 2>, 'E:\\Next JS\\researchbot\\backend\\logs\\research_assistant_20250907_115551.log')}
2025-09-07 12:31:25,579 - DEBUG - 1 change detected: {(<Change.modified: 2>, 'E:\\Next JS\\researchbot\\backend\\logs\\research_assistant_20250907_115551.log')}
2025-09-07 12:31:25,947 - DEBUG - 1 change detected: {(<Change.modified: 2>, 'E:\\Next JS\\researchbot\\backend\\logs\\research_assistant_20250907_115551.log')}
2025-09-07 12:31:26,371 - DEBUG - 1 change detected: {(<Change.modified: 2>, 'E:\\Next JS\\researchbot\\backend\\logs\\research_assistant_20250907_115551.log')}
2025-09-07 12:31:26,784 - DEBUG - 1 change detected: {(<Change.modified: 2>, 'E:\\Next JS\\researchbot\\backend\\logs\\research_assistant_20250907_115551.log')}
2025-09-07 12:31:27,216 - DEBUG - 1 change detected: {(<Change.modified: 2>, 'E:\\Next JS\\researchbot\\backend\\logs\\research_assistant_20250907_115551.log')}
2025-09-07 12:31:27,635 - DEBUG - 1 change detected: {(<Change.modified: 2>, 'E:\\Next JS\\researchbot\\backend\\logs\\research_assistant_20250907_115551.log')}
2025-09-07 12:31:28,059 - DEBUG - 1 change detected: {(<Change.modified: 2>, 'E:\\Next JS\\researchbot\\backend\\logs\\research_assistant_20250907_115551.log')}
2025-09-07 12:31:28,838 - DEBUG - 1 change detected: {(<Change.modified: 2>, 'E:\\Next JS\\researchbot\\backend\\logs\\research_assistant_20250907_115551.log')}
2025-09-07 12:31:29,365 - DEBUG - 1 change detected: {(<Change.modified: 2>, 'E:\\Next JS\\researchbot\\backend\\logs\\research_assistant_20250907_115551.log')}
2025-09-07 12:31:29,736 - DEBUG - 1 change detected: {(<Change.modified: 2>, 'E:\\Next JS\\researchbot\\backend\\logs\\research_assistant_20250907_115551.log')}
2025-09-07 12:31:30,140 - DEBUG - 1 change detected: {(<Change.modified: 2>, 'E:\\Next JS\\researchbot\\backend\\logs\\research_assistant_20250907_115551.log')}
2025-09-07 12:31:30,552 - DEBUG - 1 change detected: {(<Change.modified: 2>, 'E:\\Next JS\\researchbot\\backend\\logs\\research_assistant_20250907_115551.log')}
2025-09-07 12:31:30,974 - DEBUG - 1 change detected: {(<Change.modified: 2>, 'E:\\Next JS\\researchbot\\backend\\logs\\research_assistant_20250907_115551.log')}
2025-09-07 12:31:31,350 - DEBUG - 1 change detected: {(<Change.modified: 2>, 'E:\\Next JS\\researchbot\\backend\\logs\\research_assistant_20250907_115551.log')}
2025-09-07 12:31:31,758 - DEBUG - 1 change detected: {(<Change.modified: 2>, 'E:\\Next JS\\researchbot\\backend\\logs\\research_assistant_20250907_115551.log')}
2025-09-07 12:31:32,176 - DEBUG - 1 change detected: {(<Change.modified: 2>, 'E:\\Next JS\\researchbot\\backend\\logs\\research_assistant_20250907_115551.log')}
2025-09-07 12:31:32,624 - DEBUG - 1 change detected: {(<Change.modified: 2>, 'E:\\Next JS\\researchbot\\backend\\logs\\research_assistant_20250907_115551.log')}
2025-09-07 12:31:32,995 - DEBUG - 1 change detected: {(<Change.modified: 2>, 'E:\\Next JS\\researchbot\\backend\\logs\\research_assistant_20250907_115551.log')}
2025-09-07 12:31:33,412 - DEBUG - 1 change detected: {(<Change.modified: 2>, 'E:\\Next JS\\researchbot\\backend\\logs\\research_assistant_20250907_115551.log')}
2025-09-07 12:31:33,815 - DEBUG - 1 change detected: {(<Change.modified: 2>, 'E:\\Next JS\\researchbot\\backend\\logs\\research_assistant_20250907_115551.log')}
2025-09-07 12:31:34,279 - DEBUG - 1 change detected: {(<Change.modified: 2>, 'E:\\Next JS\\researchbot\\backend\\logs\\research_assistant_20250907_115551.log')}
2025-09-07 12:31:34,718 - DEBUG - 1 change detected: {(<Change.modified: 2>, 'E:\\Next JS\\researchbot\\backend\\logs\\research_assistant_20250907_115551.log')}
2025-09-07 12:31:35,281 - DEBUG - 1 change detected: {(<Change.modified: 2>, 'E:\\Next JS\\researchbot\\backend\\logs\\research_assistant_20250907_115551.log')}
2025-09-07 12:31:35,775 - DEBUG - 1 change detected: {(<Change.modified: 2>, 'E:\\Next JS\\researchbot\\backend\\logs\\research_assistant_20250907_115551.log')}
2025-09-07 12:31:36,242 - DEBUG - 1 change detected: {(<Change.modified: 2>, 'E:\\Next JS\\researchbot\\backend\\logs\\research_assistant_20250907_115551.log')}
2025-09-07 12:31:36,614 - DEBUG - 1 change detected: {(<Change.modified: 2>, 'E:\\Next JS\\researchbot\\backend\\logs\\research_assistant_20250907_115551.log')}
2025-09-07 12:31:36,979 - DEBUG - 1 change detected: {(<Change.modified: 2>, 'E:\\Next JS\\researchbot\\backend\\logs\\research_assistant_20250907_115551.log')}
2025-09-07 12:31:37,343 - DEBUG - 1 change detected: {(<Change.modified: 2>, 'E:\\Next JS\\researchbot\\backend\\logs\\research_assistant_20250907_115551.log')}
2025-09-07 12:31:37,768 - DEBUG - 1 change detected: {(<Change.modified: 2>, 'E:\\Next JS\\researchbot\\backend\\logs\\research_assistant_20250907_115551.log')}
2025-09-07 12:31:38,179 - DEBUG - 1 change detected: {(<Change.modified: 2>, 'E:\\Next JS\\researchbot\\backend\\logs\\research_assistant_20250907_115551.log')}
2025-09-07 12:31:38,604 - DEBUG - 1 change detected: {(<Change.modified: 2>, 'E:\\Next JS\\researchbot\\backend\\logs\\research_assistant_20250907_115551.log')}
2025-09-07 12:31:38,980 - DEBUG - 1 change detected: {(<Change.modified: 2>, 'E:\\Next JS\\researchbot\\backend\\logs\\research_assistant_20250907_115551.log')}
2025-09-07 12:31:39,385 - DEBUG - 1 change detected: {(<Change.modified: 2>, 'E:\\Next JS\\researchbot\\backend\\logs\\research_assistant_20250907_115551.log')}
2025-09-07 12:31:39,811 - DEBUG - 1 change detected: {(<Change.modified: 2>, 'E:\\Next JS\\researchbot\\backend\\logs\\research_assistant_20250907_115551.log')}
2025-09-07 12:31:40,166 - DEBUG - 1 change detected: {(<Change.modified: 2>, 'E:\\Next JS\\researchbot\\backend\\logs\\research_assistant_20250907_115551.log')}
2025-09-07 12:31:40,595 - DEBUG - 1 change detected: {(<Change.modified: 2>, 'E:\\Next JS\\researchbot\\backend\\logs\\research_assistant_20250907_115551.log')}
2025-09-07 12:31:41,014 - DEBUG - 1 change detected: {(<Change.modified: 2>, 'E:\\Next JS\\researchbot\\backend\\logs\\research_assistant_20250907_115551.log')}
2025-09-07 12:31:41,435 - DEBUG - 1 change detected: {(<Change.modified: 2>, 'E:\\Next JS\\researchbot\\backend\\logs\\research_assistant_20250907_115551.log')}
2025-09-07 12:31:41,857 - DEBUG - 1 change detected: {(<Change.modified: 2>, 'E:\\Next JS\\researchbot\\backend\\logs\\research_assistant_20250907_115551.log')}
2025-09-07 12:31:42,233 - DEBUG - 1 change detected: {(<Change.modified: 2>, 'E:\\Next JS\\researchbot\\backend\\logs\\research_assistant_20250907_115551.log')}
2025-09-07 12:31:42,659 - DEBUG - 1 change detected: {(<Change.modified: 2>, 'E:\\Next JS\\researchbot\\backend\\logs\\research_assistant_20250907_115551.log')}
2025-09-07 12:31:43,030 - DEBUG - 1 change detected: {(<Change.modified: 2>, 'E:\\Next JS\\researchbot\\backend\\logs\\research_assistant_20250907_115551.log')}
2025-09-07 12:31:43,444 - DEBUG - 1 change detected: {(<Change.modified: 2>, 'E:\\Next JS\\researchbot\\backend\\logs\\research_assistant_20250907_115551.log')}
2025-09-07 12:31:43,876 - DEBUG - 1 change detected: {(<Change.modified: 2>, 'E:\\Next JS\\researchbot\\backend\\logs\\research_assistant_20250907_115551.log')}
2025-09-07 12:31:44,253 - DEBUG - 1 change detected: {(<Change.modified: 2>, 'E:\\Next JS\\researchbot\\backend\\logs\\research_assistant_20250907_115551.log')}
2025-09-07 12:31:44,679 - DEBUG - 1 change detected: {(<Change.modified: 2>, 'E:\\Next JS\\researchbot\\backend\\logs\\research_assistant_20250907_115551.log')}
2025-09-07 12:31:45,033 - DEBUG - 1 change detected: {(<Change.modified: 2>, 'E:\\Next JS\\researchbot\\backend\\logs\\research_assistant_20250907_115551.log')}
2025-09-07 12:31:45,454 - DEBUG - 1 change detected: {(<Change.modified: 2>, 'E:\\Next JS\\researchbot\\backend\\logs\\research_assistant_20250907_115551.log')}
2025-09-07 12:31:45,881 - DEBUG - 1 change detected: {(<Change.modified: 2>, 'E:\\Next JS\\researchbot\\backend\\logs\\research_assistant_20250907_115551.log')}
2025-09-07 12:31:46,248 - DEBUG - 1 change detected: {(<Change.modified: 2>, 'E:\\Next JS\\researchbot\\backend\\logs\\research_assistant_20250907_115551.log')}
2025-09-07 12:31:46,664 - DEBUG - 1 change detected: {(<Change.modified: 2>, 'E:\\Next JS\\researchbot\\backend\\logs\\research_assistant_20250907_115551.log')}
2025-09-07 12:31:47,072 - DEBUG - 1 change detected: {(<Change.modified: 2>, 'E:\\Next JS\\researchbot\\backend\\logs\\research_assistant_20250907_115551.log')}
2025-09-07 12:31:47,483 - DEBUG - 1 change detected: {(<Change.modified: 2>, 'E:\\Next JS\\researchbot\\backend\\logs\\research_assistant_20250907_115551.log')}
2025-09-07 12:31:47,900 - DEBUG - 1 change detected: {(<Change.modified: 2>, 'E:\\Next JS\\researchbot\\backend\\logs\\research_assistant_20250907_115551.log')}
2025-09-07 12:31:48,261 - DEBUG - 1 change detected: {(<Change.modified: 2>, 'E:\\Next JS\\researchbot\\backend\\logs\\research_assistant_20250907_115551.log')}
2025-09-07 12:31:48,707 - DEBUG - 1 change detected: {(<Change.modified: 2>, 'E:\\Next JS\\researchbot\\backend\\logs\\research_assistant_20250907_115551.log')}
2025-09-07 12:31:49,077 - DEBUG - 1 change detected: {(<Change.modified: 2>, 'E:\\Next JS\\researchbot\\backend\\logs\\research_assistant_20250907_115551.log')}
2025-09-07 12:31:49,488 - DEBUG - 1 change detected: {(<Change.modified: 2>, 'E:\\Next JS\\researchbot\\backend\\logs\\research_assistant_20250907_115551.log')}
2025-09-07 12:31:49,894 - DEBUG - 1 change detected: {(<Change.modified: 2>, 'E:\\Next JS\\researchbot\\backend\\logs\\research_assistant_20250907_115551.log')}
2025-09-07 12:31:50,314 - DEBUG - 1 change detected: {(<Change.modified: 2>, 'E:\\Next JS\\researchbot\\backend\\logs\\research_assistant_20250907_115551.log')}
2025-09-07 12:31:50,735 - DEBUG - 1 change detected: {(<Change.modified: 2>, 'E:\\Next JS\\researchbot\\backend\\logs\\research_assistant_20250907_115551.log')}
2025-09-07 12:31:51,107 - DEBUG - 1 change detected: {(<Change.modified: 2>, 'E:\\Next JS\\researchbot\\backend\\logs\\research_assistant_20250907_115551.log')}
2025-09-07 12:31:51,528 - DEBUG - 1 change detected: {(<Change.modified: 2>, 'E:\\Next JS\\researchbot\\backend\\logs\\research_assistant_20250907_115551.log')}
2025-09-07 12:31:51,899 - DEBUG - 1 change detected: {(<Change.modified: 2>, 'E:\\Next JS\\researchbot\\backend\\logs\\research_assistant_20250907_115551.log')}
2025-09-07 12:31:52,306 - DEBUG - 1 change detected: {(<Change.modified: 2>, 'E:\\Next JS\\researchbot\\backend\\logs\\research_assistant_20250907_115551.log')}
2025-09-07 12:31:52,731 - DEBUG - 1 change detected: {(<Change.modified: 2>, 'E:\\Next JS\\researchbot\\backend\\logs\\research_assistant_20250907_115551.log')}
2025-09-07 12:31:53,110 - DEBUG - 1 change detected: {(<Change.modified: 2>, 'E:\\Next JS\\researchbot\\backend\\logs\\research_assistant_20250907_115551.log')}
2025-09-07 12:31:53,484 - DEBUG - 1 change detected: {(<Change.modified: 2>, 'E:\\Next JS\\researchbot\\backend\\logs\\research_assistant_20250907_115551.log')}
2025-09-07 12:31:53,896 - DEBUG - 1 change detected: {(<Change.modified: 2>, 'E:\\Next JS\\researchbot\\backend\\logs\\research_assistant_20250907_115551.log')}
2025-09-07 12:31:54,264 - DEBUG - 1 change detected: {(<Change.modified: 2>, 'E:\\Next JS\\researchbot\\backend\\logs\\research_assistant_20250907_115551.log')}
2025-09-07 12:31:54,678 - DEBUG - 1 change detected: {(<Change.modified: 2>, 'E:\\Next JS\\researchbot\\backend\\logs\\research_assistant_20250907_115551.log')}
2025-09-07 12:31:55,113 - DEBUG - 1 change detected: {(<Change.modified: 2>, 'E:\\Next JS\\researchbot\\backend\\logs\\research_assistant_20250907_115551.log')}
2025-09-07 12:31:55,531 - DEBUG - 1 change detected: {(<Change.modified: 2>, 'E:\\Next JS\\researchbot\\backend\\logs\\research_assistant_20250907_115551.log')}
2025-09-07 12:31:55,887 - DEBUG - 1 change detected: {(<Change.modified: 2>, 'E:\\Next JS\\researchbot\\backend\\logs\\research_assistant_20250907_115551.log')}
2025-09-07 12:31:56,296 - DEBUG - 1 change detected: {(<Change.modified: 2>, 'E:\\Next JS\\researchbot\\backend\\logs\\research_assistant_20250907_115551.log')}
2025-09-07 12:31:56,713 - DEBUG - 1 change detected: {(<Change.modified: 2>, 'E:\\Next JS\\researchbot\\backend\\logs\\research_assistant_20250907_115551.log')}
2025-09-07 12:31:57,081 - DEBUG - 1 change detected: {(<Change.modified: 2>, 'E:\\Next JS\\researchbot\\backend\\logs\\research_assistant_20250907_115551.log')}
2025-09-07 12:31:57,543 - DEBUG - 1 change detected: {(<Change.modified: 2>, 'E:\\Next JS\\researchbot\\backend\\logs\\research_assistant_20250907_115551.log')}
2025-09-07 12:31:57,924 - DEBUG - 1 change detected: {(<Change.modified: 2>, 'E:\\Next JS\\researchbot\\backend\\logs\\research_assistant_20250907_115551.log')}
2025-09-07 12:31:58,330 - DEBUG - 1 change detected: {(<Change.modified: 2>, 'E:\\Next JS\\researchbot\\backend\\logs\\research_assistant_20250907_115551.log')}
2025-09-07 12:31:58,759 - DEBUG - 1 change detected: {(<Change.modified: 2>, 'E:\\Next JS\\researchbot\\backend\\logs\\research_assistant_20250907_115551.log')}
2025-09-07 12:31:59,170 - DEBUG - 1 change detected: {(<Change.modified: 2>, 'E:\\Next JS\\researchbot\\backend\\logs\\research_assistant_20250907_115551.log')}
2025-09-07 12:31:59,584 - DEBUG - 1 change detected: {(<Change.modified: 2>, 'E:\\Next JS\\researchbot\\backend\\logs\\research_assistant_20250907_115551.log')}
2025-09-07 12:31:59,958 - DEBUG - 1 change detected: {(<Change.modified: 2>, 'E:\\Next JS\\researchbot\\backend\\logs\\research_assistant_20250907_115551.log')}
2025-09-07 12:32:00,377 - DEBUG - 1 change detected: {(<Change.modified: 2>, 'E:\\Next JS\\researchbot\\backend\\logs\\research_assistant_20250907_115551.log')}
2025-09-07 12:32:00,753 - DEBUG - 1 change detected: {(<Change.modified: 2>, 'E:\\Next JS\\researchbot\\backend\\logs\\research_assistant_20250907_115551.log')}
2025-09-07 12:32:01,411 - DEBUG - 1 change detected: {(<Change.modified: 2>, 'E:\\Next JS\\researchbot\\backend\\logs\\research_assistant_20250907_115551.log')}
2025-09-07 12:32:01,937 - DEBUG - 1 change detected: {(<Change.modified: 2>, 'E:\\Next JS\\researchbot\\backend\\logs\\research_assistant_20250907_115551.log')}
2025-09-07 12:32:02,653 - DEBUG - 1 change detected: {(<Change.modified: 2>, 'E:\\Next JS\\researchbot\\backend\\logs\\research_assistant_20250907_115551.log')}
2025-09-07 12:32:03,020 - DEBUG - 1 change detected: {(<Change.modified: 2>, 'E:\\Next JS\\researchbot\\backend\\logs\\research_assistant_20250907_115551.log')}
2025-09-07 12:32:03,384 - DEBUG - 1 change detected: {(<Change.modified: 2>, 'E:\\Next JS\\researchbot\\backend\\logs\\research_assistant_20250907_115551.log')}
2025-09-07 12:32:03,800 - DEBUG - 1 change detected: {(<Change.modified: 2>, 'E:\\Next JS\\researchbot\\backend\\logs\\research_assistant_20250907_115551.log')}
2025-09-07 12:32:04,222 - DEBUG - 1 change detected: {(<Change.modified: 2>, 'E:\\Next JS\\researchbot\\backend\\logs\\research_assistant_20250907_115551.log')}
2025-09-07 12:32:04,589 - DEBUG - 1 change detected: {(<Change.modified: 2>, 'E:\\Next JS\\researchbot\\backend\\logs\\research_assistant_20250907_115551.log')}
2025-09-07 12:32:05,027 - DEBUG - 1 change detected: {(<Change.modified: 2>, 'E:\\Next JS\\researchbot\\backend\\logs\\research_assistant_20250907_115551.log')}
2025-09-07 12:32:05,440 - DEBUG - 1 change detected: {(<Change.modified: 2>, 'E:\\Next JS\\researchbot\\backend\\logs\\research_assistant_20250907_115551.log')}
2025-09-07 12:32:05,852 - DEBUG - 1 change detected: {(<Change.modified: 2>, 'E:\\Next JS\\researchbot\\backend\\logs\\research_assistant_20250907_115551.log')}
2025-09-07 12:32:06,213 - DEBUG - 1 change detected: {(<Change.modified: 2>, 'E:\\Next JS\\researchbot\\backend\\logs\\research_assistant_20250907_115551.log')}
2025-09-07 12:32:06,841 - DEBUG - 1 change detected: {(<Change.modified: 2>, 'E:\\Next JS\\researchbot\\backend\\logs\\research_assistant_20250907_115551.log')}
2025-09-07 12:32:07,377 - DEBUG - 1 change detected: {(<Change.modified: 2>, 'E:\\Next JS\\researchbot\\backend\\logs\\research_assistant_20250907_115551.log')}
2025-09-07 12:32:08,008 - DEBUG - 1 change detected: {(<Change.modified: 2>, 'E:\\Next JS\\researchbot\\backend\\logs\\research_assistant_20250907_115551.log')}
2025-09-07 12:32:08,403 - DEBUG - 1 change detected: {(<Change.modified: 2>, 'E:\\Next JS\\researchbot\\backend\\logs\\research_assistant_20250907_115551.log')}
2025-09-07 12:32:08,761 - DEBUG - 1 change detected: {(<Change.modified: 2>, 'E:\\Next JS\\researchbot\\backend\\logs\\research_assistant_20250907_115551.log')}
2025-09-07 12:32:09,181 - DEBUG - 1 change detected: {(<Change.modified: 2>, 'E:\\Next JS\\researchbot\\backend\\logs\\research_assistant_20250907_115551.log')}
2025-09-07 12:32:09,557 - DEBUG - 1 change detected: {(<Change.modified: 2>, 'E:\\Next JS\\researchbot\\backend\\logs\\research_assistant_20250907_115551.log')}
2025-09-07 12:32:10,018 - DEBUG - 1 change detected: {(<Change.modified: 2>, 'E:\\Next JS\\researchbot\\backend\\logs\\research_assistant_20250907_115551.log')}
2025-09-07 12:32:10,428 - DEBUG - 1 change detected: {(<Change.modified: 2>, 'E:\\Next JS\\researchbot\\backend\\logs\\research_assistant_20250907_115551.log')}
2025-09-07 12:32:10,858 - DEBUG - 1 change detected: {(<Change.modified: 2>, 'E:\\Next JS\\researchbot\\backend\\logs\\research_assistant_20250907_115551.log')}
2025-09-07 12:32:11,252 - DEBUG - 1 change detected: {(<Change.modified: 2>, 'E:\\Next JS\\researchbot\\backend\\logs\\research_assistant_20250907_115551.log')}
2025-09-07 12:32:11,703 - DEBUG - 1 change detected: {(<Change.modified: 2>, 'E:\\Next JS\\researchbot\\backend\\logs\\research_assistant_20250907_115551.log')}
2025-09-07 12:32:12,349 - DEBUG - 1 change detected: {(<Change.modified: 2>, 'E:\\Next JS\\researchbot\\backend\\logs\\research_assistant_20250907_115551.log')}
2025-09-07 12:32:12,711 - DEBUG - 1 change detected: {(<Change.modified: 2>, 'E:\\Next JS\\researchbot\\backend\\logs\\research_assistant_20250907_115551.log')}
2025-09-07 12:32:13,074 - DEBUG - 1 change detected: {(<Change.modified: 2>, 'E:\\Next JS\\researchbot\\backend\\logs\\research_assistant_20250907_115551.log')}
2025-09-07 12:32:13,494 - DEBUG - 1 change detected: {(<Change.modified: 2>, 'E:\\Next JS\\researchbot\\backend\\logs\\research_assistant_20250907_115551.log')}
2025-09-07 12:32:13,915 - DEBUG - 1 change detected: {(<Change.modified: 2>, 'E:\\Next JS\\researchbot\\backend\\logs\\research_assistant_20250907_115551.log')}
2025-09-07 12:32:14,316 - DEBUG - 1 change detected: {(<Change.modified: 2>, 'E:\\Next JS\\researchbot\\backend\\logs\\research_assistant_20250907_115551.log')}
2025-09-07 12:32:14,720 - DEBUG - 1 change detected: {(<Change.modified: 2>, 'E:\\Next JS\\researchbot\\backend\\logs\\research_assistant_20250907_115551.log')}
2025-09-07 12:32:15,140 - DEBUG - 1 change detected: {(<Change.modified: 2>, 'E:\\Next JS\\researchbot\\backend\\logs\\research_assistant_20250907_115551.log')}
2025-09-07 12:32:15,553 - DEBUG - 1 change detected: {(<Change.modified: 2>, 'E:\\Next JS\\researchbot\\backend\\logs\\research_assistant_20250907_115551.log')}
2025-09-07 12:32:16,076 - DEBUG - 1 change detected: {(<Change.modified: 2>, 'E:\\Next JS\\researchbot\\backend\\logs\\research_assistant_20250907_115551.log')}
2025-09-07 12:32:16,485 - DEBUG - 1 change detected: {(<Change.modified: 2>, 'E:\\Next JS\\researchbot\\backend\\logs\\research_assistant_20250907_115551.log')}
2025-09-07 12:32:16,851 - DEBUG - 1 change detected: {(<Change.modified: 2>, 'E:\\Next JS\\researchbot\\backend\\logs\\research_assistant_20250907_115551.log')}
2025-09-07 12:32:17,227 - DEBUG - 1 change detected: {(<Change.modified: 2>, 'E:\\Next JS\\researchbot\\backend\\logs\\research_assistant_20250907_115551.log')}
2025-09-07 12:32:17,643 - DEBUG - 1 change detected: {(<Change.modified: 2>, 'E:\\Next JS\\researchbot\\backend\\logs\\research_assistant_20250907_115551.log')}
2025-09-07 12:32:18,057 - DEBUG - 1 change detected: {(<Change.modified: 2>, 'E:\\Next JS\\researchbot\\backend\\logs\\research_assistant_20250907_115551.log')}
2025-09-07 12:32:18,415 - DEBUG - 1 change detected: {(<Change.modified: 2>, 'E:\\Next JS\\researchbot\\backend\\logs\\research_assistant_20250907_115551.log')}
2025-09-07 12:32:18,875 - DEBUG - 1 change detected: {(<Change.modified: 2>, 'E:\\Next JS\\researchbot\\backend\\logs\\research_assistant_20250907_115551.log')}
2025-09-07 12:32:19,277 - DEBUG - 1 change detected: {(<Change.modified: 2>, 'E:\\Next JS\\researchbot\\backend\\logs\\research_assistant_20250907_115551.log')}
2025-09-07 12:32:19,711 - DEBUG - 1 change detected: {(<Change.modified: 2>, 'E:\\Next JS\\researchbot\\backend\\logs\\research_assistant_20250907_115551.log')}
2025-09-07 12:32:20,193 - DEBUG - 1 change detected: {(<Change.modified: 2>, 'E:\\Next JS\\researchbot\\backend\\logs\\research_assistant_20250907_115551.log')}
2025-09-07 12:32:20,566 - DEBUG - 1 change detected: {(<Change.modified: 2>, 'E:\\Next JS\\researchbot\\backend\\logs\\research_assistant_20250907_115551.log')}
2025-09-07 12:32:20,989 - DEBUG - 1 change detected: {(<Change.modified: 2>, 'E:\\Next JS\\researchbot\\backend\\logs\\research_assistant_20250907_115551.log')}
2025-09-07 12:32:21,389 - DEBUG - 1 change detected: {(<Change.modified: 2>, 'E:\\Next JS\\researchbot\\backend\\logs\\research_assistant_20250907_115551.log')}
2025-09-07 12:32:21,915 - DEBUG - 1 change detected: {(<Change.modified: 2>, 'E:\\Next JS\\researchbot\\backend\\logs\\research_assistant_20250907_115551.log')}
2025-09-07 12:32:22,318 - DEBUG - 1 change detected: {(<Change.modified: 2>, 'E:\\Next JS\\researchbot\\backend\\logs\\research_assistant_20250907_115551.log')}
2025-09-07 12:32:22,728 - DEBUG - 1 change detected: {(<Change.modified: 2>, 'E:\\Next JS\\researchbot\\backend\\logs\\research_assistant_20250907_115551.log')}
2025-09-07 12:32:23,160 - DEBUG - 1 change detected: {(<Change.modified: 2>, 'E:\\Next JS\\researchbot\\backend\\logs\\research_assistant_20250907_115551.log')}
2025-09-07 12:32:23,578 - DEBUG - 1 change detected: {(<Change.modified: 2>, 'E:\\Next JS\\researchbot\\backend\\logs\\research_assistant_20250907_115551.log')}
2025-09-07 12:32:24,036 - DEBUG - 1 change detected: {(<Change.modified: 2>, 'E:\\Next JS\\researchbot\\backend\\logs\\research_assistant_20250907_115551.log')}
2025-09-07 12:32:24,682 - DEBUG - 1 change detected: {(<Change.modified: 2>, 'E:\\Next JS\\researchbot\\backend\\logs\\research_assistant_20250907_115551.log')}
2025-09-07 12:32:25,328 - DEBUG - 1 change detected: {(<Change.modified: 2>, 'E:\\Next JS\\researchbot\\backend\\logs\\research_assistant_20250907_115551.log')}
2025-09-07 12:32:25,827 - DEBUG - 1 change detected: {(<Change.modified: 2>, 'E:\\Next JS\\researchbot\\backend\\logs\\research_assistant_20250907_115551.log')}
2025-09-07 12:32:26,250 - DEBUG - 1 change detected: {(<Change.modified: 2>, 'E:\\Next JS\\researchbot\\backend\\logs\\research_assistant_20250907_115551.log')}
2025-09-07 12:32:26,666 - DEBUG - 1 change detected: {(<Change.modified: 2>, 'E:\\Next JS\\researchbot\\backend\\logs\\research_assistant_20250907_115551.log')}
2025-09-07 12:32:27,134 - DEBUG - 1 change detected: {(<Change.modified: 2>, 'E:\\Next JS\\researchbot\\backend\\logs\\research_assistant_20250907_115551.log')}
2025-09-07 12:32:27,529 - DEBUG - 1 change detected: {(<Change.modified: 2>, 'E:\\Next JS\\researchbot\\backend\\logs\\research_assistant_20250907_115551.log')}
2025-09-07 12:32:28,039 - DEBUG - 1 change detected: {(<Change.modified: 2>, 'E:\\Next JS\\researchbot\\backend\\logs\\research_assistant_20250907_115551.log')}
2025-09-07 12:32:28,507 - DEBUG - 1 change detected: {(<Change.modified: 2>, 'E:\\Next JS\\researchbot\\backend\\logs\\research_assistant_20250907_115551.log')}
2025-09-07 12:32:28,915 - DEBUG - 1 change detected: {(<Change.modified: 2>, 'E:\\Next JS\\researchbot\\backend\\logs\\research_assistant_20250907_115551.log')}
2025-09-07 12:32:29,361 - DEBUG - 1 change detected: {(<Change.modified: 2>, 'E:\\Next JS\\researchbot\\backend\\logs\\research_assistant_20250907_115551.log')}
2025-09-07 12:32:30,240 - DEBUG - 1 change detected: {(<Change.modified: 2>, 'E:\\Next JS\\researchbot\\backend\\logs\\research_assistant_20250907_115551.log')}
2025-09-07 12:32:30,624 - DEBUG - 1 change detected: {(<Change.modified: 2>, 'E:\\Next JS\\researchbot\\backend\\logs\\research_assistant_20250907_115551.log')}
2025-09-07 12:32:31,047 - DEBUG - 1 change detected: {(<Change.modified: 2>, 'E:\\Next JS\\researchbot\\backend\\logs\\research_assistant_20250907_115551.log')}
2025-09-07 12:32:32,056 - DEBUG - 1 change detected: {(<Change.modified: 2>, 'E:\\Next JS\\researchbot\\backend\\logs\\research_assistant_20250907_115551.log')}
2025-09-07 12:32:32,770 - DEBUG - 1 change detected: {(<Change.modified: 2>, 'E:\\Next JS\\researchbot\\backend\\logs\\research_assistant_20250907_115551.log')}
2025-09-07 12:32:33,659 - DEBUG - 1 change detected: {(<Change.modified: 2>, 'E:\\Next JS\\researchbot\\backend\\logs\\research_assistant_20250907_115551.log')}
2025-09-07 12:32:34,441 - DEBUG - 1 change detected: {(<Change.modified: 2>, 'E:\\Next JS\\researchbot\\backend\\logs\\research_assistant_20250907_115551.log')}
2025-09-07 12:32:35,255 - DEBUG - 1 change detected: {(<Change.modified: 2>, 'E:\\Next JS\\researchbot\\backend\\logs\\research_assistant_20250907_115551.log')}
2025-09-07 12:36:35,632 - DEBUG - 1 change detected: {(<Change.modified: 2>, 'E:\\Next JS\\researchbot\\backend\\logs\\research_assistant_20250907_115551.log')}
2025-09-07 12:36:35,998 - DEBUG - 1 change detected: {(<Change.modified: 2>, 'E:\\Next JS\\researchbot\\backend\\logs\\research_assistant_20250907_115551.log')}
2025-09-07 12:36:36,569 - DEBUG - 1 change detected: {(<Change.modified: 2>, 'E:\\Next JS\\researchbot\\backend\\logs\\research_assistant_20250907_115551.log')}
2025-09-07 12:36:36,933 - DEBUG - 1 change detected: {(<Change.modified: 2>, 'E:\\Next JS\\researchbot\\backend\\logs\\research_assistant_20250907_115551.log')}
2025-09-07 12:36:37,290 - DEBUG - 1 change detected: {(<Change.modified: 2>, 'E:\\Next JS\\researchbot\\backend\\logs\\research_assistant_20250907_115551.log')}
2025-09-07 12:36:37,669 - DEBUG - 1 change detected: {(<Change.modified: 2>, 'E:\\Next JS\\researchbot\\backend\\logs\\research_assistant_20250907_115551.log')}
2025-09-07 12:36:38,034 - DEBUG - 1 change detected: {(<Change.modified: 2>, 'E:\\Next JS\\researchbot\\backend\\logs\\research_assistant_20250907_115551.log')}
2025-09-07 12:36:38,402 - DEBUG - 1 change detected: {(<Change.modified: 2>, 'E:\\Next JS\\researchbot\\backend\\logs\\research_assistant_20250907_115551.log')}
2025-09-07 12:36:38,814 - DEBUG - 1 change detected: {(<Change.modified: 2>, 'E:\\Next JS\\researchbot\\backend\\logs\\research_assistant_20250907_115551.log')}
2025-09-07 12:36:39,232 - DEBUG - 1 change detected: {(<Change.modified: 2>, 'E:\\Next JS\\researchbot\\backend\\logs\\research_assistant_20250907_115551.log')}
2025-09-07 12:36:39,600 - DEBUG - 1 change detected: {(<Change.modified: 2>, 'E:\\Next JS\\researchbot\\backend\\logs\\research_assistant_20250907_115551.log')}
2025-09-07 12:36:40,011 - DEBUG - 1 change detected: {(<Change.modified: 2>, 'E:\\Next JS\\researchbot\\backend\\logs\\research_assistant_20250907_115551.log')}
2025-09-07 12:36:40,474 - DEBUG - 1 change detected: {(<Change.modified: 2>, 'E:\\Next JS\\researchbot\\backend\\logs\\research_assistant_20250907_115551.log')}
2025-09-07 12:36:40,897 - DEBUG - 1 change detected: {(<Change.modified: 2>, 'E:\\Next JS\\researchbot\\backend\\logs\\research_assistant_20250907_115551.log')}
2025-09-07 12:36:41,314 - DEBUG - 1 change detected: {(<Change.modified: 2>, 'E:\\Next JS\\researchbot\\backend\\logs\\research_assistant_20250907_115551.log')}
2025-09-07 12:36:41,847 - DEBUG - 1 change detected: {(<Change.modified: 2>, 'E:\\Next JS\\researchbot\\backend\\logs\\research_assistant_20250907_115551.log')}
2025-09-07 12:36:42,332 - DEBUG - 1 change detected: {(<Change.modified: 2>, 'E:\\Next JS\\researchbot\\backend\\logs\\research_assistant_20250907_115551.log')}
2025-09-07 12:36:42,746 - DEBUG - 1 change detected: {(<Change.modified: 2>, 'E:\\Next JS\\researchbot\\backend\\logs\\research_assistant_20250907_115551.log')}
2025-09-07 12:36:43,156 - DEBUG - 1 change detected: {(<Change.modified: 2>, 'E:\\Next JS\\researchbot\\backend\\logs\\research_assistant_20250907_115551.log')}
2025-09-07 12:36:43,522 - DEBUG - 1 change detected: {(<Change.modified: 2>, 'E:\\Next JS\\researchbot\\backend\\logs\\research_assistant_20250907_115551.log')}
2025-09-07 12:36:43,959 - DEBUG - 1 change detected: {(<Change.modified: 2>, 'E:\\Next JS\\researchbot\\backend\\logs\\research_assistant_20250907_115551.log')}
2025-09-07 12:36:44,371 - DEBUG - 1 change detected: {(<Change.modified: 2>, 'E:\\Next JS\\researchbot\\backend\\logs\\research_assistant_20250907_115551.log')}
2025-09-07 12:36:44,790 - DEBUG - 1 change detected: {(<Change.modified: 2>, 'E:\\Next JS\\researchbot\\backend\\logs\\research_assistant_20250907_115551.log')}
2025-09-07 12:36:45,205 - DEBUG - 1 change detected: {(<Change.modified: 2>, 'E:\\Next JS\\researchbot\\backend\\logs\\research_assistant_20250907_115551.log')}
2025-09-07 12:36:45,645 - DEBUG - 1 change detected: {(<Change.modified: 2>, 'E:\\Next JS\\researchbot\\backend\\logs\\research_assistant_20250907_115551.log')}
2025-09-07 12:36:46,080 - DEBUG - 1 change detected: {(<Change.modified: 2>, 'E:\\Next JS\\researchbot\\backend\\logs\\research_assistant_20250907_115551.log')}
2025-09-07 12:36:46,861 - DEBUG - 1 change detected: {(<Change.modified: 2>, 'E:\\Next JS\\researchbot\\backend\\logs\\research_assistant_20250907_115551.log')}
2025-09-07 12:36:47,528 - DEBUG - 1 change detected: {(<Change.modified: 2>, 'E:\\Next JS\\researchbot\\backend\\logs\\research_assistant_20250907_115551.log')}
2025-09-07 12:36:48,041 - DEBUG - 1 change detected: {(<Change.modified: 2>, 'E:\\Next JS\\researchbot\\backend\\logs\\research_assistant_20250907_115551.log')}
2025-09-07 12:36:48,526 - DEBUG - 1 change detected: {(<Change.modified: 2>, 'E:\\Next JS\\researchbot\\backend\\logs\\research_assistant_20250907_115551.log')}
2025-09-07 12:36:49,174 - DEBUG - 1 change detected: {(<Change.modified: 2>, 'E:\\Next JS\\researchbot\\backend\\logs\\research_assistant_20250907_115551.log')}
2025-09-07 12:36:49,545 - DEBUG - 1 change detected: {(<Change.modified: 2>, 'E:\\Next JS\\researchbot\\backend\\logs\\research_assistant_20250907_115551.log')}
2025-09-07 12:36:49,963 - DEBUG - 1 change detected: {(<Change.modified: 2>, 'E:\\Next JS\\researchbot\\backend\\logs\\research_assistant_20250907_115551.log')}
2025-09-07 12:36:50,387 - DEBUG - 1 change detected: {(<Change.modified: 2>, 'E:\\Next JS\\researchbot\\backend\\logs\\research_assistant_20250907_115551.log')}
2025-09-07 12:36:50,816 - DEBUG - 1 change detected: {(<Change.modified: 2>, 'E:\\Next JS\\researchbot\\backend\\logs\\research_assistant_20250907_115551.log')}
2025-09-07 12:36:51,240 - DEBUG - 1 change detected: {(<Change.modified: 2>, 'E:\\Next JS\\researchbot\\backend\\logs\\research_assistant_20250907_115551.log')}
2025-09-07 12:36:51,729 - DEBUG - 1 change detected: {(<Change.modified: 2>, 'E:\\Next JS\\researchbot\\backend\\logs\\research_assistant_20250907_115551.log')}
2025-09-07 12:36:52,101 - DEBUG - 1 change detected: {(<Change.modified: 2>, 'E:\\Next JS\\researchbot\\backend\\logs\\research_assistant_20250907_115551.log')}
2025-09-07 12:36:52,537 - DEBUG - 1 change detected: {(<Change.modified: 2>, 'E:\\Next JS\\researchbot\\backend\\logs\\research_assistant_20250907_115551.log')}
2025-09-07 12:36:52,919 - DEBUG - 1 change detected: {(<Change.modified: 2>, 'E:\\Next JS\\researchbot\\backend\\logs\\research_assistant_20250907_115551.log')}
2025-09-07 12:36:53,328 - DEBUG - 1 change detected: {(<Change.modified: 2>, 'E:\\Next JS\\researchbot\\backend\\logs\\research_assistant_20250907_115551.log')}
2025-09-07 12:36:53,746 - DEBUG - 1 change detected: {(<Change.modified: 2>, 'E:\\Next JS\\researchbot\\backend\\logs\\research_assistant_20250907_115551.log')}
2025-09-07 12:36:54,147 - DEBUG - 1 change detected: {(<Change.modified: 2>, 'E:\\Next JS\\researchbot\\backend\\logs\\research_assistant_20250907_115551.log')}
2025-09-07 12:36:54,582 - DEBUG - 1 change detected: {(<Change.modified: 2>, 'E:\\Next JS\\researchbot\\backend\\logs\\research_assistant_20250907_115551.log')}
2025-09-07 12:36:54,969 - DEBUG - 1 change detected: {(<Change.modified: 2>, 'E:\\Next JS\\researchbot\\backend\\logs\\research_assistant_20250907_115551.log')}
2025-09-07 12:36:55,544 - DEBUG - 1 change detected: {(<Change.modified: 2>, 'E:\\Next JS\\researchbot\\backend\\logs\\research_assistant_20250907_115551.log')}
2025-09-07 12:36:55,909 - DEBUG - 1 change detected: {(<Change.modified: 2>, 'E:\\Next JS\\researchbot\\backend\\logs\\research_assistant_20250907_115551.log')}
2025-09-07 12:36:56,322 - DEBUG - 1 change detected: {(<Change.modified: 2>, 'E:\\Next JS\\researchbot\\backend\\logs\\research_assistant_20250907_115551.log')}
2025-09-07 12:36:56,753 - DEBUG - 1 change detected: {(<Change.modified: 2>, 'E:\\Next JS\\researchbot\\backend\\logs\\research_assistant_20250907_115551.log')}
2025-09-07 12:36:57,157 - DEBUG - 1 change detected: {(<Change.modified: 2>, 'E:\\Next JS\\researchbot\\backend\\logs\\research_assistant_20250907_115551.log')}
2025-09-07 12:36:57,576 - DEBUG - 1 change detected: {(<Change.modified: 2>, 'E:\\Next JS\\researchbot\\backend\\logs\\research_assistant_20250907_115551.log')}
2025-09-07 12:36:57,987 - DEBUG - 1 change detected: {(<Change.modified: 2>, 'E:\\Next JS\\researchbot\\backend\\logs\\research_assistant_20250907_115551.log')}
2025-09-07 12:36:58,393 - DEBUG - 1 change detected: {(<Change.modified: 2>, 'E:\\Next JS\\researchbot\\backend\\logs\\research_assistant_20250907_115551.log')}
2025-09-07 12:36:58,804 - DEBUG - 1 change detected: {(<Change.modified: 2>, 'E:\\Next JS\\researchbot\\backend\\logs\\research_assistant_20250907_115551.log')}
2025-09-07 12:36:59,177 - DEBUG - 1 change detected: {(<Change.modified: 2>, 'E:\\Next JS\\researchbot\\backend\\logs\\research_assistant_20250907_115551.log')}
2025-09-07 12:36:59,588 - DEBUG - 1 change detected: {(<Change.modified: 2>, 'E:\\Next JS\\researchbot\\backend\\logs\\research_assistant_20250907_115551.log')}
2025-09-07 12:37:00,048 - DEBUG - 1 change detected: {(<Change.modified: 2>, 'E:\\Next JS\\researchbot\\backend\\logs\\research_assistant_20250907_115551.log')}
2025-09-07 12:37:00,497 - DEBUG - 1 change detected: {(<Change.modified: 2>, 'E:\\Next JS\\researchbot\\backend\\logs\\research_assistant_20250907_115551.log')}
2025-09-07 12:37:00,944 - DEBUG - 1 change detected: {(<Change.modified: 2>, 'E:\\Next JS\\researchbot\\backend\\logs\\research_assistant_20250907_115551.log')}
2025-09-07 12:37:01,367 - DEBUG - 1 change detected: {(<Change.modified: 2>, 'E:\\Next JS\\researchbot\\backend\\logs\\research_assistant_20250907_115551.log')}
2025-09-07 12:37:01,790 - DEBUG - 1 change detected: {(<Change.modified: 2>, 'E:\\Next JS\\researchbot\\backend\\logs\\research_assistant_20250907_115551.log')}
2025-09-07 12:37:02,201 - DEBUG - 1 change detected: {(<Change.modified: 2>, 'E:\\Next JS\\researchbot\\backend\\logs\\research_assistant_20250907_115551.log')}
2025-09-07 12:37:02,694 - DEBUG - 1 change detected: {(<Change.modified: 2>, 'E:\\Next JS\\researchbot\\backend\\logs\\research_assistant_20250907_115551.log')}
2025-09-07 12:37:03,105 - DEBUG - 1 change detected: {(<Change.modified: 2>, 'E:\\Next JS\\researchbot\\backend\\logs\\research_assistant_20250907_115551.log')}
2025-09-07 12:37:03,739 - DEBUG - 1 change detected: {(<Change.modified: 2>, 'E:\\Next JS\\researchbot\\backend\\logs\\research_assistant_20250907_115551.log')}
2025-09-07 12:37:05,899 - DEBUG - 1 change detected: {(<Change.modified: 2>, 'E:\\Next JS\\researchbot\\backend\\logs\\research_assistant_20250907_115551.log')}
2025-09-07 12:37:06,735 - DEBUG - 1 change detected: {(<Change.modified: 2>, 'E:\\Next JS\\researchbot\\backend\\logs\\research_assistant_20250907_115551.log')}
2025-09-07 12:37:08,070 - DEBUG - 1 change detected: {(<Change.modified: 2>, 'E:\\Next JS\\researchbot\\backend\\logs\\research_assistant_20250907_115551.log')}
2025-09-07 12:41:47,600 - DEBUG - 1 change detected: {(<Change.modified: 2>, 'E:\\Next JS\\researchbot\\backend\\logs\\research_assistant_20250907_115551.log')}
2025-09-07 12:41:47,960 - DEBUG - 1 change detected: {(<Change.modified: 2>, 'E:\\Next JS\\researchbot\\backend\\logs\\research_assistant_20250907_115551.log')}
2025-09-07 12:41:48,376 - DEBUG - 1 change detected: {(<Change.modified: 2>, 'E:\\Next JS\\researchbot\\backend\\logs\\research_assistant_20250907_115551.log')}
2025-09-07 12:41:48,795 - DEBUG - 1 change detected: {(<Change.modified: 2>, 'E:\\Next JS\\researchbot\\backend\\logs\\research_assistant_20250907_115551.log')}
2025-09-07 12:41:49,225 - DEBUG - 1 change detected: {(<Change.modified: 2>, 'E:\\Next JS\\researchbot\\backend\\logs\\research_assistant_20250907_115551.log')}
2025-09-07 12:41:49,606 - DEBUG - 1 change detected: {(<Change.modified: 2>, 'E:\\Next JS\\researchbot\\backend\\logs\\research_assistant_20250907_115551.log')}
2025-09-07 12:41:50,042 - DEBUG - 1 change detected: {(<Change.modified: 2>, 'E:\\Next JS\\researchbot\\backend\\logs\\research_assistant_20250907_115551.log')}
2025-09-07 12:41:50,407 - DEBUG - 1 change detected: {(<Change.modified: 2>, 'E:\\Next JS\\researchbot\\backend\\logs\\research_assistant_20250907_115551.log')}
2025-09-07 12:41:50,773 - DEBUG - 1 change detected: {(<Change.modified: 2>, 'E:\\Next JS\\researchbot\\backend\\logs\\research_assistant_20250907_115551.log')}
2025-09-07 12:41:51,129 - DEBUG - 1 change detected: {(<Change.modified: 2>, 'E:\\Next JS\\researchbot\\backend\\logs\\research_assistant_20250907_115551.log')}
2025-09-07 12:41:51,540 - DEBUG - 1 change detected: {(<Change.modified: 2>, 'E:\\Next JS\\researchbot\\backend\\logs\\research_assistant_20250907_115551.log')}
2025-09-07 12:41:51,976 - DEBUG - 1 change detected: {(<Change.modified: 2>, 'E:\\Next JS\\researchbot\\backend\\logs\\research_assistant_20250907_115551.log')}
2025-09-07 12:41:52,337 - DEBUG - 1 change detected: {(<Change.modified: 2>, 'E:\\Next JS\\researchbot\\backend\\logs\\research_assistant_20250907_115551.log')}
2025-09-07 12:41:52,763 - DEBUG - 1 change detected: {(<Change.modified: 2>, 'E:\\Next JS\\researchbot\\backend\\logs\\research_assistant_20250907_115551.log')}
2025-09-07 12:41:53,135 - DEBUG - 1 change detected: {(<Change.modified: 2>, 'E:\\Next JS\\researchbot\\backend\\logs\\research_assistant_20250907_115551.log')}
2025-09-07 12:41:53,553 - DEBUG - 1 change detected: {(<Change.modified: 2>, 'E:\\Next JS\\researchbot\\backend\\logs\\research_assistant_20250907_115551.log')}
2025-09-07 12:41:53,920 - DEBUG - 1 change detected: {(<Change.modified: 2>, 'E:\\Next JS\\researchbot\\backend\\logs\\research_assistant_20250907_115551.log')}
2025-09-07 12:41:54,338 - DEBUG - 1 change detected: {(<Change.modified: 2>, 'E:\\Next JS\\researchbot\\backend\\logs\\research_assistant_20250907_115551.log')}
2025-09-07 12:41:54,750 - DEBUG - 1 change detected: {(<Change.modified: 2>, 'E:\\Next JS\\researchbot\\backend\\logs\\research_assistant_20250907_115551.log')}
2025-09-07 12:41:55,109 - DEBUG - 1 change detected: {(<Change.modified: 2>, 'E:\\Next JS\\researchbot\\backend\\logs\\research_assistant_20250907_115551.log')}
2025-09-07 12:41:55,528 - DEBUG - 1 change detected: {(<Change.modified: 2>, 'E:\\Next JS\\researchbot\\backend\\logs\\research_assistant_20250907_115551.log')}
2025-09-07 12:41:55,952 - DEBUG - 1 change detected: {(<Change.modified: 2>, 'E:\\Next JS\\researchbot\\backend\\logs\\research_assistant_20250907_115551.log')}
2025-09-07 12:41:56,365 - DEBUG - 1 change detected: {(<Change.modified: 2>, 'E:\\Next JS\\researchbot\\backend\\logs\\research_assistant_20250907_115551.log')}
2025-09-07 12:41:56,731 - DEBUG - 1 change detected: {(<Change.modified: 2>, 'E:\\Next JS\\researchbot\\backend\\logs\\research_assistant_20250907_115551.log')}
2025-09-07 12:41:57,141 - DEBUG - 1 change detected: {(<Change.modified: 2>, 'E:\\Next JS\\researchbot\\backend\\logs\\research_assistant_20250907_115551.log')}
2025-09-07 12:41:57,565 - DEBUG - 1 change detected: {(<Change.modified: 2>, 'E:\\Next JS\\researchbot\\backend\\logs\\research_assistant_20250907_115551.log')}
2025-09-07 12:41:58,056 - DEBUG - 1 change detected: {(<Change.modified: 2>, 'E:\\Next JS\\researchbot\\backend\\logs\\research_assistant_20250907_115551.log')}
2025-09-07 12:41:58,492 - DEBUG - 1 change detected: {(<Change.modified: 2>, 'E:\\Next JS\\researchbot\\backend\\logs\\research_assistant_20250907_115551.log')}
2025-09-07 12:41:59,010 - DEBUG - 1 change detected: {(<Change.modified: 2>, 'E:\\Next JS\\researchbot\\backend\\logs\\research_assistant_20250907_115551.log')}
2025-09-07 12:41:59,426 - DEBUG - 1 change detected: {(<Change.modified: 2>, 'E:\\Next JS\\researchbot\\backend\\logs\\research_assistant_20250907_115551.log')}
2025-09-07 12:41:59,833 - DEBUG - 1 change detected: {(<Change.modified: 2>, 'E:\\Next JS\\researchbot\\backend\\logs\\research_assistant_20250907_115551.log')}
2025-09-07 12:42:00,221 - DEBUG - 1 change detected: {(<Change.modified: 2>, 'E:\\Next JS\\researchbot\\backend\\logs\\research_assistant_20250907_115551.log')}
2025-09-07 12:42:00,644 - DEBUG - 1 change detected: {(<Change.modified: 2>, 'E:\\Next JS\\researchbot\\backend\\logs\\research_assistant_20250907_115551.log')}
2025-09-07 12:42:01,067 - DEBUG - 1 change detected: {(<Change.modified: 2>, 'E:\\Next JS\\researchbot\\backend\\logs\\research_assistant_20250907_115551.log')}
2025-09-07 12:42:01,478 - DEBUG - 1 change detected: {(<Change.modified: 2>, 'E:\\Next JS\\researchbot\\backend\\logs\\research_assistant_20250907_115551.log')}
2025-09-07 12:42:01,914 - DEBUG - 1 change detected: {(<Change.modified: 2>, 'E:\\Next JS\\researchbot\\backend\\logs\\research_assistant_20250907_115551.log')}
2025-09-07 12:42:02,324 - DEBUG - 1 change detected: {(<Change.modified: 2>, 'E:\\Next JS\\researchbot\\backend\\logs\\research_assistant_20250907_115551.log')}
2025-09-07 12:42:02,736 - DEBUG - 1 change detected: {(<Change.modified: 2>, 'E:\\Next JS\\researchbot\\backend\\logs\\research_assistant_20250907_115551.log')}
2025-09-07 12:42:03,145 - DEBUG - 1 change detected: {(<Change.modified: 2>, 'E:\\Next JS\\researchbot\\backend\\logs\\research_assistant_20250907_115551.log')}
2025-09-07 12:42:03,553 - DEBUG - 1 change detected: {(<Change.modified: 2>, 'E:\\Next JS\\researchbot\\backend\\logs\\research_assistant_20250907_115551.log')}
2025-09-07 12:42:04,431 - DEBUG - 1 change detected: {(<Change.modified: 2>, 'E:\\Next JS\\researchbot\\backend\\logs\\research_assistant_20250907_115551.log')}
2025-09-07 12:42:05,297 - DEBUG - 1 change detected: {(<Change.modified: 2>, 'E:\\Next JS\\researchbot\\backend\\logs\\research_assistant_20250907_115551.log')}
2025-09-07 12:42:06,662 - DEBUG - 1 change detected: {(<Change.modified: 2>, 'E:\\Next JS\\researchbot\\backend\\logs\\research_assistant_20250907_115551.log')}
2025-09-07 12:46:59,609 - DEBUG - 1 change detected: {(<Change.modified: 2>, 'E:\\Next JS\\researchbot\\backend\\logs\\research_assistant_20250907_115551.log')}
2025-09-07 12:46:59,995 - DEBUG - 1 change detected: {(<Change.modified: 2>, 'E:\\Next JS\\researchbot\\backend\\logs\\research_assistant_20250907_115551.log')}
2025-09-07 12:47:00,420 - DEBUG - 1 change detected: {(<Change.modified: 2>, 'E:\\Next JS\\researchbot\\backend\\logs\\research_assistant_20250907_115551.log')}
2025-09-07 12:47:00,846 - DEBUG - 1 change detected: {(<Change.modified: 2>, 'E:\\Next JS\\researchbot\\backend\\logs\\research_assistant_20250907_115551.log')}
2025-09-07 12:47:01,302 - DEBUG - 1 change detected: {(<Change.modified: 2>, 'E:\\Next JS\\researchbot\\backend\\logs\\research_assistant_20250907_115551.log')}
2025-09-07 12:47:01,687 - DEBUG - 1 change detected: {(<Change.modified: 2>, 'E:\\Next JS\\researchbot\\backend\\logs\\research_assistant_20250907_115551.log')}
2025-09-07 12:47:02,053 - DEBUG - 1 change detected: {(<Change.modified: 2>, 'E:\\Next JS\\researchbot\\backend\\logs\\research_assistant_20250907_115551.log')}
2025-09-07 12:47:02,426 - DEBUG - 1 change detected: {(<Change.modified: 2>, 'E:\\Next JS\\researchbot\\backend\\logs\\research_assistant_20250907_115551.log')}
2025-09-07 12:47:02,895 - DEBUG - 1 change detected: {(<Change.modified: 2>, 'E:\\Next JS\\researchbot\\backend\\logs\\research_assistant_20250907_115551.log')}
2025-09-07 12:47:03,323 - DEBUG - 1 change detected: {(<Change.modified: 2>, 'E:\\Next JS\\researchbot\\backend\\logs\\research_assistant_20250907_115551.log')}
2025-09-07 12:47:03,676 - DEBUG - 1 change detected: {(<Change.modified: 2>, 'E:\\Next JS\\researchbot\\backend\\logs\\research_assistant_20250907_115551.log')}
2025-09-07 12:47:04,109 - DEBUG - 1 change detected: {(<Change.modified: 2>, 'E:\\Next JS\\researchbot\\backend\\logs\\research_assistant_20250907_115551.log')}
2025-09-07 12:47:04,474 - DEBUG - 1 change detected: {(<Change.modified: 2>, 'E:\\Next JS\\researchbot\\backend\\logs\\research_assistant_20250907_115551.log')}
2025-09-07 12:47:04,885 - DEBUG - 1 change detected: {(<Change.modified: 2>, 'E:\\Next JS\\researchbot\\backend\\logs\\research_assistant_20250907_115551.log')}
2025-09-07 12:47:05,311 - DEBUG - 1 change detected: {(<Change.modified: 2>, 'E:\\Next JS\\researchbot\\backend\\logs\\research_assistant_20250907_115551.log')}
2025-09-07 12:47:05,731 - DEBUG - 1 change detected: {(<Change.modified: 2>, 'E:\\Next JS\\researchbot\\backend\\logs\\research_assistant_20250907_115551.log')}
2025-09-07 12:47:06,149 - DEBUG - 1 change detected: {(<Change.modified: 2>, 'E:\\Next JS\\researchbot\\backend\\logs\\research_assistant_20250907_115551.log')}
2025-09-07 12:47:06,519 - DEBUG - 1 change detected: {(<Change.modified: 2>, 'E:\\Next JS\\researchbot\\backend\\logs\\research_assistant_20250907_115551.log')}
2025-09-07 12:47:06,937 - DEBUG - 1 change detected: {(<Change.modified: 2>, 'E:\\Next JS\\researchbot\\backend\\logs\\research_assistant_20250907_115551.log')}
2025-09-07 12:47:07,344 - DEBUG - 1 change detected: {(<Change.modified: 2>, 'E:\\Next JS\\researchbot\\backend\\logs\\research_assistant_20250907_115551.log')}
2025-09-07 12:47:07,709 - DEBUG - 1 change detected: {(<Change.modified: 2>, 'E:\\Next JS\\researchbot\\backend\\logs\\research_assistant_20250907_115551.log')}
2025-09-07 12:47:08,120 - DEBUG - 1 change detected: {(<Change.modified: 2>, 'E:\\Next JS\\researchbot\\backend\\logs\\research_assistant_20250907_115551.log')}
2025-09-07 12:47:08,525 - DEBUG - 1 change detected: {(<Change.modified: 2>, 'E:\\Next JS\\researchbot\\backend\\logs\\research_assistant_20250907_115551.log')}
2025-09-07 12:47:08,935 - DEBUG - 1 change detected: {(<Change.modified: 2>, 'E:\\Next JS\\researchbot\\backend\\logs\\research_assistant_20250907_115551.log')}
2025-09-07 12:47:09,358 - DEBUG - 1 change detected: {(<Change.modified: 2>, 'E:\\Next JS\\researchbot\\backend\\logs\\research_assistant_20250907_115551.log')}
2025-09-07 12:47:09,725 - DEBUG - 1 change detected: {(<Change.modified: 2>, 'E:\\Next JS\\researchbot\\backend\\logs\\research_assistant_20250907_115551.log')}
2025-09-07 12:47:10,138 - DEBUG - 1 change detected: {(<Change.modified: 2>, 'E:\\Next JS\\researchbot\\backend\\logs\\research_assistant_20250907_115551.log')}
2025-09-07 12:47:10,560 - DEBUG - 1 change detected: {(<Change.modified: 2>, 'E:\\Next JS\\researchbot\\backend\\logs\\research_assistant_20250907_115551.log')}
2025-09-07 12:47:10,987 - DEBUG - 1 change detected: {(<Change.modified: 2>, 'E:\\Next JS\\researchbot\\backend\\logs\\research_assistant_20250907_115551.log')}
2025-09-07 12:47:11,368 - DEBUG - 1 change detected: {(<Change.modified: 2>, 'E:\\Next JS\\researchbot\\backend\\logs\\research_assistant_20250907_115551.log')}
2025-09-07 12:47:11,793 - DEBUG - 1 change detected: {(<Change.modified: 2>, 'E:\\Next JS\\researchbot\\backend\\logs\\research_assistant_20250907_115551.log')}
2025-09-07 12:47:12,146 - DEBUG - 1 change detected: {(<Change.modified: 2>, 'E:\\Next JS\\researchbot\\backend\\logs\\research_assistant_20250907_115551.log')}
2025-09-07 12:47:12,564 - DEBUG - 1 change detected: {(<Change.modified: 2>, 'E:\\Next JS\\researchbot\\backend\\logs\\research_assistant_20250907_115551.log')}
2025-09-07 12:47:12,937 - DEBUG - 1 change detected: {(<Change.modified: 2>, 'E:\\Next JS\\researchbot\\backend\\logs\\research_assistant_20250907_115551.log')}
2025-09-07 12:47:13,341 - DEBUG - 1 change detected: {(<Change.modified: 2>, 'E:\\Next JS\\researchbot\\backend\\logs\\research_assistant_20250907_115551.log')}
2025-09-07 12:47:13,753 - DEBUG - 1 change detected: {(<Change.modified: 2>, 'E:\\Next JS\\researchbot\\backend\\logs\\research_assistant_20250907_115551.log')}
2025-09-07 12:47:14,167 - DEBUG - 1 change detected: {(<Change.modified: 2>, 'E:\\Next JS\\researchbot\\backend\\logs\\research_assistant_20250907_115551.log')}
2025-09-07 12:47:14,589 - DEBUG - 1 change detected: {(<Change.modified: 2>, 'E:\\Next JS\\researchbot\\backend\\logs\\research_assistant_20250907_115551.log')}
2025-09-07 12:47:14,959 - DEBUG - 1 change detected: {(<Change.modified: 2>, 'E:\\Next JS\\researchbot\\backend\\logs\\research_assistant_20250907_115551.log')}
2025-09-07 12:47:15,377 - DEBUG - 1 change detected: {(<Change.modified: 2>, 'E:\\Next JS\\researchbot\\backend\\logs\\research_assistant_20250907_115551.log')}
2025-09-07 12:47:15,783 - DEBUG - 1 change detected: {(<Change.modified: 2>, 'E:\\Next JS\\researchbot\\backend\\logs\\research_assistant_20250907_115551.log')}
2025-09-07 12:47:16,149 - DEBUG - 1 change detected: {(<Change.modified: 2>, 'E:\\Next JS\\researchbot\\backend\\logs\\research_assistant_20250907_115551.log')}
2025-09-07 12:47:16,580 - DEBUG - 1 change detected: {(<Change.modified: 2>, 'E:\\Next JS\\researchbot\\backend\\logs\\research_assistant_20250907_115551.log')}
2025-09-07 12:47:17,009 - DEBUG - 1 change detected: {(<Change.modified: 2>, 'E:\\Next JS\\researchbot\\backend\\logs\\research_assistant_20250907_115551.log')}
2025-09-07 12:47:17,407 - DEBUG - 1 change detected: {(<Change.modified: 2>, 'E:\\Next JS\\researchbot\\backend\\logs\\research_assistant_20250907_115551.log')}
2025-09-07 12:47:17,774 - DEBUG - 1 change detected: {(<Change.modified: 2>, 'E:\\Next JS\\researchbot\\backend\\logs\\research_assistant_20250907_115551.log')}
2025-09-07 12:47:18,199 - DEBUG - 1 change detected: {(<Change.modified: 2>, 'E:\\Next JS\\researchbot\\backend\\logs\\research_assistant_20250907_115551.log')}
2025-09-07 12:47:18,564 - DEBUG - 1 change detected: {(<Change.modified: 2>, 'E:\\Next JS\\researchbot\\backend\\logs\\research_assistant_20250907_115551.log')}
2025-09-07 12:47:18,984 - DEBUG - 1 change detected: {(<Change.modified: 2>, 'E:\\Next JS\\researchbot\\backend\\logs\\research_assistant_20250907_115551.log')}
2025-09-07 12:47:19,402 - DEBUG - 1 change detected: {(<Change.modified: 2>, 'E:\\Next JS\\researchbot\\backend\\logs\\research_assistant_20250907_115551.log')}
2025-09-07 12:47:19,772 - DEBUG - 1 change detected: {(<Change.modified: 2>, 'E:\\Next JS\\researchbot\\backend\\logs\\research_assistant_20250907_115551.log')}
2025-09-07 12:47:20,189 - DEBUG - 1 change detected: {(<Change.modified: 2>, 'E:\\Next JS\\researchbot\\backend\\logs\\research_assistant_20250907_115551.log')}
2025-09-07 12:47:20,626 - DEBUG - 1 change detected: {(<Change.modified: 2>, 'E:\\Next JS\\researchbot\\backend\\logs\\research_assistant_20250907_115551.log')}
2025-09-07 12:47:21,000 - DEBUG - 1 change detected: {(<Change.modified: 2>, 'E:\\Next JS\\researchbot\\backend\\logs\\research_assistant_20250907_115551.log')}
2025-09-07 12:47:21,366 - DEBUG - 1 change detected: {(<Change.modified: 2>, 'E:\\Next JS\\researchbot\\backend\\logs\\research_assistant_20250907_115551.log')}
2025-09-07 12:47:21,783 - DEBUG - 1 change detected: {(<Change.modified: 2>, 'E:\\Next JS\\researchbot\\backend\\logs\\research_assistant_20250907_115551.log')}
2025-09-07 12:47:22,199 - DEBUG - 1 change detected: {(<Change.modified: 2>, 'E:\\Next JS\\researchbot\\backend\\logs\\research_assistant_20250907_115551.log')}
2025-09-07 12:47:22,610 - DEBUG - 1 change detected: {(<Change.modified: 2>, 'E:\\Next JS\\researchbot\\backend\\logs\\research_assistant_20250907_115551.log')}
2025-09-07 12:47:22,973 - DEBUG - 1 change detected: {(<Change.modified: 2>, 'E:\\Next JS\\researchbot\\backend\\logs\\research_assistant_20250907_115551.log')}
2025-09-07 12:47:23,391 - DEBUG - 1 change detected: {(<Change.modified: 2>, 'E:\\Next JS\\researchbot\\backend\\logs\\research_assistant_20250907_115551.log')}
2025-09-07 12:47:23,767 - DEBUG - 1 change detected: {(<Change.modified: 2>, 'E:\\Next JS\\researchbot\\backend\\logs\\research_assistant_20250907_115551.log')}
2025-09-07 12:47:24,189 - DEBUG - 1 change detected: {(<Change.modified: 2>, 'E:\\Next JS\\researchbot\\backend\\logs\\research_assistant_20250907_115551.log')}
2025-09-07 12:47:24,565 - DEBUG - 1 change detected: {(<Change.modified: 2>, 'E:\\Next JS\\researchbot\\backend\\logs\\research_assistant_20250907_115551.log')}
2025-09-07 12:47:24,988 - DEBUG - 1 change detected: {(<Change.modified: 2>, 'E:\\Next JS\\researchbot\\backend\\logs\\research_assistant_20250907_115551.log')}
2025-09-07 12:47:25,399 - DEBUG - 1 change detected: {(<Change.modified: 2>, 'E:\\Next JS\\researchbot\\backend\\logs\\research_assistant_20250907_115551.log')}
2025-09-07 12:47:25,814 - DEBUG - 1 change detected: {(<Change.modified: 2>, 'E:\\Next JS\\researchbot\\backend\\logs\\research_assistant_20250907_115551.log')}
2025-09-07 12:47:26,190 - DEBUG - 1 change detected: {(<Change.modified: 2>, 'E:\\Next JS\\researchbot\\backend\\logs\\research_assistant_20250907_115551.log')}
2025-09-07 12:47:26,619 - DEBUG - 1 change detected: {(<Change.modified: 2>, 'E:\\Next JS\\researchbot\\backend\\logs\\research_assistant_20250907_115551.log')}
2025-09-07 12:47:27,025 - DEBUG - 1 change detected: {(<Change.modified: 2>, 'E:\\Next JS\\researchbot\\backend\\logs\\research_assistant_20250907_115551.log')}
2025-09-07 12:47:27,434 - DEBUG - 1 change detected: {(<Change.modified: 2>, 'E:\\Next JS\\researchbot\\backend\\logs\\research_assistant_20250907_115551.log')}
2025-09-07 12:47:27,846 - DEBUG - 1 change detected: {(<Change.modified: 2>, 'E:\\Next JS\\researchbot\\backend\\logs\\research_assistant_20250907_115551.log')}
2025-09-07 12:47:28,212 - DEBUG - 1 change detected: {(<Change.modified: 2>, 'E:\\Next JS\\researchbot\\backend\\logs\\research_assistant_20250907_115551.log')}
2025-09-07 12:47:28,646 - DEBUG - 1 change detected: {(<Change.modified: 2>, 'E:\\Next JS\\researchbot\\backend\\logs\\research_assistant_20250907_115551.log')}
2025-09-07 12:47:29,016 - DEBUG - 1 change detected: {(<Change.modified: 2>, 'E:\\Next JS\\researchbot\\backend\\logs\\research_assistant_20250907_115551.log')}
2025-09-07 12:47:29,380 - DEBUG - 1 change detected: {(<Change.modified: 2>, 'E:\\Next JS\\researchbot\\backend\\logs\\research_assistant_20250907_115551.log')}
2025-09-07 12:47:29,796 - DEBUG - 1 change detected: {(<Change.modified: 2>, 'E:\\Next JS\\researchbot\\backend\\logs\\research_assistant_20250907_115551.log')}
2025-09-07 12:47:30,222 - DEBUG - 1 change detected: {(<Change.modified: 2>, 'E:\\Next JS\\researchbot\\backend\\logs\\research_assistant_20250907_115551.log')}
2025-09-07 12:47:30,588 - DEBUG - 1 change detected: {(<Change.modified: 2>, 'E:\\Next JS\\researchbot\\backend\\logs\\research_assistant_20250907_115551.log')}
2025-09-07 12:47:31,019 - DEBUG - 1 change detected: {(<Change.modified: 2>, 'E:\\Next JS\\researchbot\\backend\\logs\\research_assistant_20250907_115551.log')}
2025-09-07 12:47:31,382 - DEBUG - 1 change detected: {(<Change.modified: 2>, 'E:\\Next JS\\researchbot\\backend\\logs\\research_assistant_20250907_115551.log')}
2025-09-07 12:47:31,812 - DEBUG - 1 change detected: {(<Change.modified: 2>, 'E:\\Next JS\\researchbot\\backend\\logs\\research_assistant_20250907_115551.log')}
2025-09-07 12:47:32,222 - DEBUG - 1 change detected: {(<Change.modified: 2>, 'E:\\Next JS\\researchbot\\backend\\logs\\research_assistant_20250907_115551.log')}
2025-09-07 12:47:32,646 - DEBUG - 1 change detected: {(<Change.modified: 2>, 'E:\\Next JS\\researchbot\\backend\\logs\\research_assistant_20250907_115551.log')}
2025-09-07 12:47:33,006 - DEBUG - 1 change detected: {(<Change.modified: 2>, 'E:\\Next JS\\researchbot\\backend\\logs\\research_assistant_20250907_115551.log')}
2025-09-07 12:47:33,429 - DEBUG - 1 change detected: {(<Change.modified: 2>, 'E:\\Next JS\\researchbot\\backend\\logs\\research_assistant_20250907_115551.log')}
2025-09-07 12:47:33,852 - DEBUG - 1 change detected: {(<Change.modified: 2>, 'E:\\Next JS\\researchbot\\backend\\logs\\research_assistant_20250907_115551.log')}
2025-09-07 12:47:34,208 - DEBUG - 1 change detected: {(<Change.modified: 2>, 'E:\\Next JS\\researchbot\\backend\\logs\\research_assistant_20250907_115551.log')}
2025-09-07 12:47:34,640 - DEBUG - 1 change detected: {(<Change.modified: 2>, 'E:\\Next JS\\researchbot\\backend\\logs\\research_assistant_20250907_115551.log')}
2025-09-07 12:47:35,050 - DEBUG - 1 change detected: {(<Change.modified: 2>, 'E:\\Next JS\\researchbot\\backend\\logs\\research_assistant_20250907_115551.log')}
2025-09-07 12:47:35,459 - DEBUG - 1 change detected: {(<Change.modified: 2>, 'E:\\Next JS\\researchbot\\backend\\logs\\research_assistant_20250907_115551.log')}
2025-09-07 12:47:35,880 - DEBUG - 1 change detected: {(<Change.modified: 2>, 'E:\\Next JS\\researchbot\\backend\\logs\\research_assistant_20250907_115551.log')}
2025-09-07 12:47:36,251 - DEBUG - 1 change detected: {(<Change.modified: 2>, 'E:\\Next JS\\researchbot\\backend\\logs\\research_assistant_20250907_115551.log')}
2025-09-07 12:47:36,667 - DEBUG - 1 change detected: {(<Change.modified: 2>, 'E:\\Next JS\\researchbot\\backend\\logs\\research_assistant_20250907_115551.log')}
2025-09-07 12:47:37,076 - DEBUG - 1 change detected: {(<Change.modified: 2>, 'E:\\Next JS\\researchbot\\backend\\logs\\research_assistant_20250907_115551.log')}
2025-09-07 12:47:37,501 - DEBUG - 1 change detected: {(<Change.modified: 2>, 'E:\\Next JS\\researchbot\\backend\\logs\\research_assistant_20250907_115551.log')}
2025-09-07 12:47:37,863 - DEBUG - 1 change detected: {(<Change.modified: 2>, 'E:\\Next JS\\researchbot\\backend\\logs\\research_assistant_20250907_115551.log')}
2025-09-07 12:47:38,284 - DEBUG - 1 change detected: {(<Change.modified: 2>, 'E:\\Next JS\\researchbot\\backend\\logs\\research_assistant_20250907_115551.log')}
2025-09-07 12:47:38,735 - DEBUG - 1 change detected: {(<Change.modified: 2>, 'E:\\Next JS\\researchbot\\backend\\logs\\research_assistant_20250907_115551.log')}
2025-09-07 12:47:39,094 - DEBUG - 1 change detected: {(<Change.modified: 2>, 'E:\\Next JS\\researchbot\\backend\\logs\\research_assistant_20250907_115551.log')}
2025-09-07 12:47:39,507 - DEBUG - 1 change detected: {(<Change.modified: 2>, 'E:\\Next JS\\researchbot\\backend\\logs\\research_assistant_20250907_115551.log')}
2025-09-07 12:47:39,928 - DEBUG - 1 change detected: {(<Change.modified: 2>, 'E:\\Next JS\\researchbot\\backend\\logs\\research_assistant_20250907_115551.log')}
2025-09-07 12:47:40,290 - DEBUG - 1 change detected: {(<Change.modified: 2>, 'E:\\Next JS\\researchbot\\backend\\logs\\research_assistant_20250907_115551.log')}
2025-09-07 12:47:40,706 - DEBUG - 1 change detected: {(<Change.modified: 2>, 'E:\\Next JS\\researchbot\\backend\\logs\\research_assistant_20250907_115551.log')}
2025-09-07 12:47:41,117 - DEBUG - 1 change detected: {(<Change.modified: 2>, 'E:\\Next JS\\researchbot\\backend\\logs\\research_assistant_20250907_115551.log')}
2025-09-07 12:47:41,506 - DEBUG - 1 change detected: {(<Change.modified: 2>, 'E:\\Next JS\\researchbot\\backend\\logs\\research_assistant_20250907_115551.log')}
2025-09-07 12:47:41,890 - DEBUG - 1 change detected: {(<Change.modified: 2>, 'E:\\Next JS\\researchbot\\backend\\logs\\research_assistant_20250907_115551.log')}
2025-09-07 12:47:42,309 - DEBUG - 1 change detected: {(<Change.modified: 2>, 'E:\\Next JS\\researchbot\\backend\\logs\\research_assistant_20250907_115551.log')}
2025-09-07 12:47:42,724 - DEBUG - 1 change detected: {(<Change.modified: 2>, 'E:\\Next JS\\researchbot\\backend\\logs\\research_assistant_20250907_115551.log')}
2025-09-07 12:47:43,141 - DEBUG - 1 change detected: {(<Change.modified: 2>, 'E:\\Next JS\\researchbot\\backend\\logs\\research_assistant_20250907_115551.log')}
2025-09-07 12:47:43,511 - DEBUG - 1 change detected: {(<Change.modified: 2>, 'E:\\Next JS\\researchbot\\backend\\logs\\research_assistant_20250907_115551.log')}
2025-09-07 12:47:43,922 - DEBUG - 1 change detected: {(<Change.modified: 2>, 'E:\\Next JS\\researchbot\\backend\\logs\\research_assistant_20250907_115551.log')}
2025-09-07 12:47:44,287 - DEBUG - 1 change detected: {(<Change.modified: 2>, 'E:\\Next JS\\researchbot\\backend\\logs\\research_assistant_20250907_115551.log')}
2025-09-07 12:47:44,692 - DEBUG - 1 change detected: {(<Change.modified: 2>, 'E:\\Next JS\\researchbot\\backend\\logs\\research_assistant_20250907_115551.log')}
2025-09-07 12:47:45,129 - DEBUG - 1 change detected: {(<Change.modified: 2>, 'E:\\Next JS\\researchbot\\backend\\logs\\research_assistant_20250907_115551.log')}
2025-09-07 12:47:45,545 - DEBUG - 1 change detected: {(<Change.modified: 2>, 'E:\\Next JS\\researchbot\\backend\\logs\\research_assistant_20250907_115551.log')}
2025-09-07 12:47:45,916 - DEBUG - 1 change detected: {(<Change.modified: 2>, 'E:\\Next JS\\researchbot\\backend\\logs\\research_assistant_20250907_115551.log')}
2025-09-07 12:47:46,326 - DEBUG - 1 change detected: {(<Change.modified: 2>, 'E:\\Next JS\\researchbot\\backend\\logs\\research_assistant_20250907_115551.log')}
2025-09-07 12:47:46,737 - DEBUG - 1 change detected: {(<Change.modified: 2>, 'E:\\Next JS\\researchbot\\backend\\logs\\research_assistant_20250907_115551.log')}
2025-09-07 12:47:47,156 - DEBUG - 1 change detected: {(<Change.modified: 2>, 'E:\\Next JS\\researchbot\\backend\\logs\\research_assistant_20250907_115551.log')}
2025-09-07 12:47:47,523 - DEBUG - 1 change detected: {(<Change.modified: 2>, 'E:\\Next JS\\researchbot\\backend\\logs\\research_assistant_20250907_115551.log')}
2025-09-07 12:47:47,956 - DEBUG - 1 change detected: {(<Change.modified: 2>, 'E:\\Next JS\\researchbot\\backend\\logs\\research_assistant_20250907_115551.log')}
2025-09-07 12:47:48,319 - DEBUG - 1 change detected: {(<Change.modified: 2>, 'E:\\Next JS\\researchbot\\backend\\logs\\research_assistant_20250907_115551.log')}
2025-09-07 12:47:48,732 - DEBUG - 1 change detected: {(<Change.modified: 2>, 'E:\\Next JS\\researchbot\\backend\\logs\\research_assistant_20250907_115551.log')}
2025-09-07 12:47:49,149 - DEBUG - 1 change detected: {(<Change.modified: 2>, 'E:\\Next JS\\researchbot\\backend\\logs\\research_assistant_20250907_115551.log')}
2025-09-07 12:47:49,516 - DEBUG - 1 change detected: {(<Change.modified: 2>, 'E:\\Next JS\\researchbot\\backend\\logs\\research_assistant_20250907_115551.log')}
2025-09-07 12:47:49,940 - DEBUG - 1 change detected: {(<Change.modified: 2>, 'E:\\Next JS\\researchbot\\backend\\logs\\research_assistant_20250907_115551.log')}
2025-09-07 12:47:50,306 - DEBUG - 1 change detected: {(<Change.modified: 2>, 'E:\\Next JS\\researchbot\\backend\\logs\\research_assistant_20250907_115551.log')}
2025-09-07 12:47:50,734 - DEBUG - 1 change detected: {(<Change.modified: 2>, 'E:\\Next JS\\researchbot\\backend\\logs\\research_assistant_20250907_115551.log')}
2025-09-07 12:47:51,140 - DEBUG - 1 change detected: {(<Change.modified: 2>, 'E:\\Next JS\\researchbot\\backend\\logs\\research_assistant_20250907_115551.log')}
2025-09-07 12:47:51,570 - DEBUG - 1 change detected: {(<Change.modified: 2>, 'E:\\Next JS\\researchbot\\backend\\logs\\research_assistant_20250907_115551.log')}
2025-09-07 12:47:51,941 - DEBUG - 1 change detected: {(<Change.modified: 2>, 'E:\\Next JS\\researchbot\\backend\\logs\\research_assistant_20250907_115551.log')}
2025-09-07 12:47:52,313 - DEBUG - 1 change detected: {(<Change.modified: 2>, 'E:\\Next JS\\researchbot\\backend\\logs\\research_assistant_20250907_115551.log')}
2025-09-07 12:47:52,736 - DEBUG - 1 change detected: {(<Change.modified: 2>, 'E:\\Next JS\\researchbot\\backend\\logs\\research_assistant_20250907_115551.log')}
2025-09-07 12:47:53,100 - DEBUG - 1 change detected: {(<Change.modified: 2>, 'E:\\Next JS\\researchbot\\backend\\logs\\research_assistant_20250907_115551.log')}
2025-09-07 12:47:53,522 - DEBUG - 1 change detected: {(<Change.modified: 2>, 'E:\\Next JS\\researchbot\\backend\\logs\\research_assistant_20250907_115551.log')}
2025-09-07 12:47:53,952 - DEBUG - 1 change detected: {(<Change.modified: 2>, 'E:\\Next JS\\researchbot\\backend\\logs\\research_assistant_20250907_115551.log')}
2025-09-07 12:47:54,356 - DEBUG - 1 change detected: {(<Change.modified: 2>, 'E:\\Next JS\\researchbot\\backend\\logs\\research_assistant_20250907_115551.log')}
2025-09-07 12:47:54,776 - DEBUG - 1 change detected: {(<Change.modified: 2>, 'E:\\Next JS\\researchbot\\backend\\logs\\research_assistant_20250907_115551.log')}
2025-09-07 12:47:55,194 - DEBUG - 1 change detected: {(<Change.modified: 2>, 'E:\\Next JS\\researchbot\\backend\\logs\\research_assistant_20250907_115551.log')}
2025-09-07 12:47:55,565 - DEBUG - 1 change detected: {(<Change.modified: 2>, 'E:\\Next JS\\researchbot\\backend\\logs\\research_assistant_20250907_115551.log')}
2025-09-07 12:47:55,986 - DEBUG - 1 change detected: {(<Change.modified: 2>, 'E:\\Next JS\\researchbot\\backend\\logs\\research_assistant_20250907_115551.log')}
2025-09-07 12:47:56,357 - DEBUG - 1 change detected: {(<Change.modified: 2>, 'E:\\Next JS\\researchbot\\backend\\logs\\research_assistant_20250907_115551.log')}
2025-09-07 12:47:56,776 - DEBUG - 1 change detected: {(<Change.modified: 2>, 'E:\\Next JS\\researchbot\\backend\\logs\\research_assistant_20250907_115551.log')}
2025-09-07 12:47:57,206 - DEBUG - 1 change detected: {(<Change.modified: 2>, 'E:\\Next JS\\researchbot\\backend\\logs\\research_assistant_20250907_115551.log')}
2025-09-07 12:47:57,571 - DEBUG - 1 change detected: {(<Change.modified: 2>, 'E:\\Next JS\\researchbot\\backend\\logs\\research_assistant_20250907_115551.log')}
2025-09-07 12:47:58,001 - DEBUG - 1 change detected: {(<Change.modified: 2>, 'E:\\Next JS\\researchbot\\backend\\logs\\research_assistant_20250907_115551.log')}
2025-09-07 12:47:58,360 - DEBUG - 1 change detected: {(<Change.modified: 2>, 'E:\\Next JS\\researchbot\\backend\\logs\\research_assistant_20250907_115551.log')}
2025-09-07 12:47:58,780 - DEBUG - 1 change detected: {(<Change.modified: 2>, 'E:\\Next JS\\researchbot\\backend\\logs\\research_assistant_20250907_115551.log')}
2025-09-07 12:47:59,145 - DEBUG - 1 change detected: {(<Change.modified: 2>, 'E:\\Next JS\\researchbot\\backend\\logs\\research_assistant_20250907_115551.log')}
2025-09-07 12:47:59,548 - DEBUG - 1 change detected: {(<Change.modified: 2>, 'E:\\Next JS\\researchbot\\backend\\logs\\research_assistant_20250907_115551.log')}
2025-09-07 12:47:59,968 - DEBUG - 1 change detected: {(<Change.modified: 2>, 'E:\\Next JS\\researchbot\\backend\\logs\\research_assistant_20250907_115551.log')}
2025-09-07 12:48:00,375 - DEBUG - 1 change detected: {(<Change.modified: 2>, 'E:\\Next JS\\researchbot\\backend\\logs\\research_assistant_20250907_115551.log')}
2025-09-07 12:48:00,808 - DEBUG - 1 change detected: {(<Change.modified: 2>, 'E:\\Next JS\\researchbot\\backend\\logs\\research_assistant_20250907_115551.log')}
2025-09-07 12:48:01,176 - DEBUG - 1 change detected: {(<Change.modified: 2>, 'E:\\Next JS\\researchbot\\backend\\logs\\research_assistant_20250907_115551.log')}
2025-09-07 12:48:01,548 - DEBUG - 1 change detected: {(<Change.modified: 2>, 'E:\\Next JS\\researchbot\\backend\\logs\\research_assistant_20250907_115551.log')}
2025-09-07 12:48:01,972 - DEBUG - 1 change detected: {(<Change.modified: 2>, 'E:\\Next JS\\researchbot\\backend\\logs\\research_assistant_20250907_115551.log')}
2025-09-07 12:48:02,430 - DEBUG - 1 change detected: {(<Change.modified: 2>, 'E:\\Next JS\\researchbot\\backend\\logs\\research_assistant_20250907_115551.log')}
2025-09-07 12:48:02,915 - DEBUG - 1 change detected: {(<Change.modified: 2>, 'E:\\Next JS\\researchbot\\backend\\logs\\research_assistant_20250907_115551.log')}
2025-09-07 12:48:03,301 - DEBUG - 1 change detected: {(<Change.modified: 2>, 'E:\\Next JS\\researchbot\\backend\\logs\\research_assistant_20250907_115551.log')}
2025-09-07 12:48:03,734 - DEBUG - 1 change detected: {(<Change.modified: 2>, 'E:\\Next JS\\researchbot\\backend\\logs\\research_assistant_20250907_115551.log')}
2025-09-07 12:48:04,149 - DEBUG - 1 change detected: {(<Change.modified: 2>, 'E:\\Next JS\\researchbot\\backend\\logs\\research_assistant_20250907_115551.log')}
2025-09-07 12:48:04,529 - DEBUG - 1 change detected: {(<Change.modified: 2>, 'E:\\Next JS\\researchbot\\backend\\logs\\research_assistant_20250907_115551.log')}
2025-09-07 12:48:04,942 - DEBUG - 1 change detected: {(<Change.modified: 2>, 'E:\\Next JS\\researchbot\\backend\\logs\\research_assistant_20250907_115551.log')}
2025-09-07 12:48:05,303 - DEBUG - 1 change detected: {(<Change.modified: 2>, 'E:\\Next JS\\researchbot\\backend\\logs\\research_assistant_20250907_115551.log')}
2025-09-07 12:48:05,735 - DEBUG - 1 change detected: {(<Change.modified: 2>, 'E:\\Next JS\\researchbot\\backend\\logs\\research_assistant_20250907_115551.log')}
2025-09-07 12:48:06,102 - DEBUG - 1 change detected: {(<Change.modified: 2>, 'E:\\Next JS\\researchbot\\backend\\logs\\research_assistant_20250907_115551.log')}
2025-09-07 12:48:06,518 - DEBUG - 1 change detected: {(<Change.modified: 2>, 'E:\\Next JS\\researchbot\\backend\\logs\\research_assistant_20250907_115551.log')}
2025-09-07 12:48:06,878 - DEBUG - 1 change detected: {(<Change.modified: 2>, 'E:\\Next JS\\researchbot\\backend\\logs\\research_assistant_20250907_115551.log')}
2025-09-07 12:48:07,297 - DEBUG - 1 change detected: {(<Change.modified: 2>, 'E:\\Next JS\\researchbot\\backend\\logs\\research_assistant_20250907_115551.log')}
2025-09-07 12:48:07,726 - DEBUG - 1 change detected: {(<Change.modified: 2>, 'E:\\Next JS\\researchbot\\backend\\logs\\research_assistant_20250907_115551.log')}
2025-09-07 12:48:08,096 - DEBUG - 1 change detected: {(<Change.modified: 2>, 'E:\\Next JS\\researchbot\\backend\\logs\\research_assistant_20250907_115551.log')}
2025-09-07 12:48:08,505 - DEBUG - 1 change detected: {(<Change.modified: 2>, 'E:\\Next JS\\researchbot\\backend\\logs\\research_assistant_20250907_115551.log')}
2025-09-07 12:48:08,916 - DEBUG - 1 change detected: {(<Change.modified: 2>, 'E:\\Next JS\\researchbot\\backend\\logs\\research_assistant_20250907_115551.log')}
2025-09-07 12:48:09,283 - DEBUG - 1 change detected: {(<Change.modified: 2>, 'E:\\Next JS\\researchbot\\backend\\logs\\research_assistant_20250907_115551.log')}
2025-09-07 12:48:09,695 - DEBUG - 1 change detected: {(<Change.modified: 2>, 'E:\\Next JS\\researchbot\\backend\\logs\\research_assistant_20250907_115551.log')}
2025-09-07 12:48:10,114 - DEBUG - 1 change detected: {(<Change.modified: 2>, 'E:\\Next JS\\researchbot\\backend\\logs\\research_assistant_20250907_115551.log')}
2025-09-07 12:48:10,532 - DEBUG - 1 change detected: {(<Change.modified: 2>, 'E:\\Next JS\\researchbot\\backend\\logs\\research_assistant_20250907_115551.log')}
2025-09-07 12:48:10,906 - DEBUG - 1 change detected: {(<Change.modified: 2>, 'E:\\Next JS\\researchbot\\backend\\logs\\research_assistant_20250907_115551.log')}
2025-09-07 12:48:11,331 - DEBUG - 1 change detected: {(<Change.modified: 2>, 'E:\\Next JS\\researchbot\\backend\\logs\\research_assistant_20250907_115551.log')}
2025-09-07 12:48:11,697 - DEBUG - 1 change detected: {(<Change.modified: 2>, 'E:\\Next JS\\researchbot\\backend\\logs\\research_assistant_20250907_115551.log')}
2025-09-07 12:48:12,124 - DEBUG - 1 change detected: {(<Change.modified: 2>, 'E:\\Next JS\\researchbot\\backend\\logs\\research_assistant_20250907_115551.log')}
2025-09-07 12:48:12,501 - DEBUG - 1 change detected: {(<Change.modified: 2>, 'E:\\Next JS\\researchbot\\backend\\logs\\research_assistant_20250907_115551.log')}
2025-09-07 12:48:12,922 - DEBUG - 1 change detected: {(<Change.modified: 2>, 'E:\\Next JS\\researchbot\\backend\\logs\\research_assistant_20250907_115551.log')}
2025-09-07 12:48:13,342 - DEBUG - 1 change detected: {(<Change.modified: 2>, 'E:\\Next JS\\researchbot\\backend\\logs\\research_assistant_20250907_115551.log')}
2025-09-07 12:48:13,694 - DEBUG - 1 change detected: {(<Change.modified: 2>, 'E:\\Next JS\\researchbot\\backend\\logs\\research_assistant_20250907_115551.log')}
2025-09-07 12:48:14,099 - DEBUG - 1 change detected: {(<Change.modified: 2>, 'E:\\Next JS\\researchbot\\backend\\logs\\research_assistant_20250907_115551.log')}
2025-09-07 12:48:14,514 - DEBUG - 1 change detected: {(<Change.modified: 2>, 'E:\\Next JS\\researchbot\\backend\\logs\\research_assistant_20250907_115551.log')}
2025-09-07 12:48:14,880 - DEBUG - 1 change detected: {(<Change.modified: 2>, 'E:\\Next JS\\researchbot\\backend\\logs\\research_assistant_20250907_115551.log')}
2025-09-07 12:48:15,303 - DEBUG - 1 change detected: {(<Change.modified: 2>, 'E:\\Next JS\\researchbot\\backend\\logs\\research_assistant_20250907_115551.log')}
2025-09-07 12:48:15,724 - DEBUG - 1 change detected: {(<Change.modified: 2>, 'E:\\Next JS\\researchbot\\backend\\logs\\research_assistant_20250907_115551.log')}
2025-09-07 12:48:16,099 - DEBUG - 1 change detected: {(<Change.modified: 2>, 'E:\\Next JS\\researchbot\\backend\\logs\\research_assistant_20250907_115551.log')}
2025-09-07 12:48:16,512 - DEBUG - 1 change detected: {(<Change.modified: 2>, 'E:\\Next JS\\researchbot\\backend\\logs\\research_assistant_20250907_115551.log')}
2025-09-07 12:48:16,937 - DEBUG - 1 change detected: {(<Change.modified: 2>, 'E:\\Next JS\\researchbot\\backend\\logs\\research_assistant_20250907_115551.log')}
2025-09-07 12:48:17,308 - DEBUG - 1 change detected: {(<Change.modified: 2>, 'E:\\Next JS\\researchbot\\backend\\logs\\research_assistant_20250907_115551.log')}
2025-09-07 12:48:17,722 - DEBUG - 1 change detected: {(<Change.modified: 2>, 'E:\\Next JS\\researchbot\\backend\\logs\\research_assistant_20250907_115551.log')}
2025-09-07 12:48:18,096 - DEBUG - 1 change detected: {(<Change.modified: 2>, 'E:\\Next JS\\researchbot\\backend\\logs\\research_assistant_20250907_115551.log')}
2025-09-07 12:48:18,520 - DEBUG - 1 change detected: {(<Change.modified: 2>, 'E:\\Next JS\\researchbot\\backend\\logs\\research_assistant_20250907_115551.log')}
2025-09-07 12:48:18,885 - DEBUG - 1 change detected: {(<Change.modified: 2>, 'E:\\Next JS\\researchbot\\backend\\logs\\research_assistant_20250907_115551.log')}
2025-09-07 12:48:19,303 - DEBUG - 1 change detected: {(<Change.modified: 2>, 'E:\\Next JS\\researchbot\\backend\\logs\\research_assistant_20250907_115551.log')}
2025-09-07 12:48:19,723 - DEBUG - 1 change detected: {(<Change.modified: 2>, 'E:\\Next JS\\researchbot\\backend\\logs\\research_assistant_20250907_115551.log')}
2025-09-07 12:48:20,093 - DEBUG - 1 change detected: {(<Change.modified: 2>, 'E:\\Next JS\\researchbot\\backend\\logs\\research_assistant_20250907_115551.log')}
2025-09-07 12:48:20,520 - DEBUG - 1 change detected: {(<Change.modified: 2>, 'E:\\Next JS\\researchbot\\backend\\logs\\research_assistant_20250907_115551.log')}
2025-09-07 12:48:20,942 - DEBUG - 1 change detected: {(<Change.modified: 2>, 'E:\\Next JS\\researchbot\\backend\\logs\\research_assistant_20250907_115551.log')}
2025-09-07 12:48:21,307 - DEBUG - 1 change detected: {(<Change.modified: 2>, 'E:\\Next JS\\researchbot\\backend\\logs\\research_assistant_20250907_115551.log')}
2025-09-07 12:48:21,732 - DEBUG - 1 change detected: {(<Change.modified: 2>, 'E:\\Next JS\\researchbot\\backend\\logs\\research_assistant_20250907_115551.log')}
2025-09-07 12:48:22,106 - DEBUG - 1 change detected: {(<Change.modified: 2>, 'E:\\Next JS\\researchbot\\backend\\logs\\research_assistant_20250907_115551.log')}
2025-09-07 12:48:22,522 - DEBUG - 1 change detected: {(<Change.modified: 2>, 'E:\\Next JS\\researchbot\\backend\\logs\\research_assistant_20250907_115551.log')}
2025-09-07 12:48:22,935 - DEBUG - 1 change detected: {(<Change.modified: 2>, 'E:\\Next JS\\researchbot\\backend\\logs\\research_assistant_20250907_115551.log')}
2025-09-07 12:48:23,302 - DEBUG - 1 change detected: {(<Change.modified: 2>, 'E:\\Next JS\\researchbot\\backend\\logs\\research_assistant_20250907_115551.log')}
2025-09-07 12:48:23,714 - DEBUG - 1 change detected: {(<Change.modified: 2>, 'E:\\Next JS\\researchbot\\backend\\logs\\research_assistant_20250907_115551.log')}
2025-09-07 12:48:24,126 - DEBUG - 1 change detected: {(<Change.modified: 2>, 'E:\\Next JS\\researchbot\\backend\\logs\\research_assistant_20250907_115551.log')}
2025-09-07 12:48:24,540 - DEBUG - 1 change detected: {(<Change.modified: 2>, 'E:\\Next JS\\researchbot\\backend\\logs\\research_assistant_20250907_115551.log')}
2025-09-07 12:48:24,950 - DEBUG - 1 change detected: {(<Change.modified: 2>, 'E:\\Next JS\\researchbot\\backend\\logs\\research_assistant_20250907_115551.log')}
2025-09-07 12:48:25,316 - DEBUG - 1 change detected: {(<Change.modified: 2>, 'E:\\Next JS\\researchbot\\backend\\logs\\research_assistant_20250907_115551.log')}
2025-09-07 12:48:25,743 - DEBUG - 1 change detected: {(<Change.modified: 2>, 'E:\\Next JS\\researchbot\\backend\\logs\\research_assistant_20250907_115551.log')}
2025-09-07 12:48:26,160 - DEBUG - 1 change detected: {(<Change.modified: 2>, 'E:\\Next JS\\researchbot\\backend\\logs\\research_assistant_20250907_115551.log')}
2025-09-07 12:48:26,535 - DEBUG - 1 change detected: {(<Change.modified: 2>, 'E:\\Next JS\\researchbot\\backend\\logs\\research_assistant_20250907_115551.log')}
2025-09-07 12:48:26,956 - DEBUG - 1 change detected: {(<Change.modified: 2>, 'E:\\Next JS\\researchbot\\backend\\logs\\research_assistant_20250907_115551.log')}
2025-09-07 12:48:27,320 - DEBUG - 1 change detected: {(<Change.modified: 2>, 'E:\\Next JS\\researchbot\\backend\\logs\\research_assistant_20250907_115551.log')}
2025-09-07 12:48:27,739 - DEBUG - 1 change detected: {(<Change.modified: 2>, 'E:\\Next JS\\researchbot\\backend\\logs\\research_assistant_20250907_115551.log')}
2025-09-07 12:48:28,123 - DEBUG - 1 change detected: {(<Change.modified: 2>, 'E:\\Next JS\\researchbot\\backend\\logs\\research_assistant_20250907_115551.log')}
2025-09-07 12:48:28,548 - DEBUG - 1 change detected: {(<Change.modified: 2>, 'E:\\Next JS\\researchbot\\backend\\logs\\research_assistant_20250907_115551.log')}
2025-09-07 12:48:28,915 - DEBUG - 1 change detected: {(<Change.modified: 2>, 'E:\\Next JS\\researchbot\\backend\\logs\\research_assistant_20250907_115551.log')}
2025-09-07 12:48:29,326 - DEBUG - 1 change detected: {(<Change.modified: 2>, 'E:\\Next JS\\researchbot\\backend\\logs\\research_assistant_20250907_115551.log')}
2025-09-07 12:48:29,735 - DEBUG - 1 change detected: {(<Change.modified: 2>, 'E:\\Next JS\\researchbot\\backend\\logs\\research_assistant_20250907_115551.log')}
2025-09-07 12:48:30,147 - DEBUG - 1 change detected: {(<Change.modified: 2>, 'E:\\Next JS\\researchbot\\backend\\logs\\research_assistant_20250907_115551.log')}
2025-09-07 12:48:30,571 - DEBUG - 1 change detected: {(<Change.modified: 2>, 'E:\\Next JS\\researchbot\\backend\\logs\\research_assistant_20250907_115551.log')}
2025-09-07 12:48:30,923 - DEBUG - 1 change detected: {(<Change.modified: 2>, 'E:\\Next JS\\researchbot\\backend\\logs\\research_assistant_20250907_115551.log')}
2025-09-07 12:48:31,352 - DEBUG - 1 change detected: {(<Change.modified: 2>, 'E:\\Next JS\\researchbot\\backend\\logs\\research_assistant_20250907_115551.log')}
2025-09-07 12:48:31,726 - DEBUG - 1 change detected: {(<Change.modified: 2>, 'E:\\Next JS\\researchbot\\backend\\logs\\research_assistant_20250907_115551.log')}
2025-09-07 12:48:32,155 - DEBUG - 1 change detected: {(<Change.modified: 2>, 'E:\\Next JS\\researchbot\\backend\\logs\\research_assistant_20250907_115551.log')}
2025-09-07 12:48:32,534 - DEBUG - 1 change detected: {(<Change.modified: 2>, 'E:\\Next JS\\researchbot\\backend\\logs\\research_assistant_20250907_115551.log')}
2025-09-07 12:48:32,949 - DEBUG - 1 change detected: {(<Change.modified: 2>, 'E:\\Next JS\\researchbot\\backend\\logs\\research_assistant_20250907_115551.log')}
2025-09-07 12:48:33,315 - DEBUG - 1 change detected: {(<Change.modified: 2>, 'E:\\Next JS\\researchbot\\backend\\logs\\research_assistant_20250907_115551.log')}
2025-09-07 12:48:33,749 - DEBUG - 1 change detected: {(<Change.modified: 2>, 'E:\\Next JS\\researchbot\\backend\\logs\\research_assistant_20250907_115551.log')}
2025-09-07 12:48:34,172 - DEBUG - 1 change detected: {(<Change.modified: 2>, 'E:\\Next JS\\researchbot\\backend\\logs\\research_assistant_20250907_115551.log')}
2025-09-07 12:48:34,532 - DEBUG - 1 change detected: {(<Change.modified: 2>, 'E:\\Next JS\\researchbot\\backend\\logs\\research_assistant_20250907_115551.log')}
2025-09-07 12:48:34,955 - DEBUG - 1 change detected: {(<Change.modified: 2>, 'E:\\Next JS\\researchbot\\backend\\logs\\research_assistant_20250907_115551.log')}
2025-09-07 12:48:35,374 - DEBUG - 1 change detected: {(<Change.modified: 2>, 'E:\\Next JS\\researchbot\\backend\\logs\\research_assistant_20250907_115551.log')}
2025-09-07 12:48:35,783 - DEBUG - 1 change detected: {(<Change.modified: 2>, 'E:\\Next JS\\researchbot\\backend\\logs\\research_assistant_20250907_115551.log')}
2025-09-07 12:48:36,161 - DEBUG - 1 change detected: {(<Change.modified: 2>, 'E:\\Next JS\\researchbot\\backend\\logs\\research_assistant_20250907_115551.log')}
2025-09-07 12:48:36,598 - DEBUG - 1 change detected: {(<Change.modified: 2>, 'E:\\Next JS\\researchbot\\backend\\logs\\research_assistant_20250907_115551.log')}
2025-09-07 12:48:37,006 - DEBUG - 1 change detected: {(<Change.modified: 2>, 'E:\\Next JS\\researchbot\\backend\\logs\\research_assistant_20250907_115551.log')}
2025-09-07 12:48:37,385 - DEBUG - 1 change detected: {(<Change.modified: 2>, 'E:\\Next JS\\researchbot\\backend\\logs\\research_assistant_20250907_115551.log')}
2025-09-07 12:48:37,795 - DEBUG - 1 change detected: {(<Change.modified: 2>, 'E:\\Next JS\\researchbot\\backend\\logs\\research_assistant_20250907_115551.log')}
2025-09-07 12:48:38,170 - DEBUG - 1 change detected: {(<Change.modified: 2>, 'E:\\Next JS\\researchbot\\backend\\logs\\research_assistant_20250907_115551.log')}
2025-09-07 12:48:38,579 - DEBUG - 1 change detected: {(<Change.modified: 2>, 'E:\\Next JS\\researchbot\\backend\\logs\\research_assistant_20250907_115551.log')}
2025-09-07 12:48:38,996 - DEBUG - 1 change detected: {(<Change.modified: 2>, 'E:\\Next JS\\researchbot\\backend\\logs\\research_assistant_20250907_115551.log')}
2025-09-07 12:48:39,368 - DEBUG - 1 change detected: {(<Change.modified: 2>, 'E:\\Next JS\\researchbot\\backend\\logs\\research_assistant_20250907_115551.log')}
2025-09-07 12:48:39,783 - DEBUG - 1 change detected: {(<Change.modified: 2>, 'E:\\Next JS\\researchbot\\backend\\logs\\research_assistant_20250907_115551.log')}
2025-09-07 12:48:40,199 - DEBUG - 1 change detected: {(<Change.modified: 2>, 'E:\\Next JS\\researchbot\\backend\\logs\\research_assistant_20250907_115551.log')}
2025-09-07 12:48:40,555 - DEBUG - 1 change detected: {(<Change.modified: 2>, 'E:\\Next JS\\researchbot\\backend\\logs\\research_assistant_20250907_115551.log')}
2025-09-07 12:48:40,983 - DEBUG - 1 change detected: {(<Change.modified: 2>, 'E:\\Next JS\\researchbot\\backend\\logs\\research_assistant_20250907_115551.log')}
2025-09-07 12:48:41,389 - DEBUG - 1 change detected: {(<Change.modified: 2>, 'E:\\Next JS\\researchbot\\backend\\logs\\research_assistant_20250907_115551.log')}
2025-09-07 12:48:41,761 - DEBUG - 1 change detected: {(<Change.modified: 2>, 'E:\\Next JS\\researchbot\\backend\\logs\\research_assistant_20250907_115551.log')}
2025-09-07 12:48:42,173 - DEBUG - 1 change detected: {(<Change.modified: 2>, 'E:\\Next JS\\researchbot\\backend\\logs\\research_assistant_20250907_115551.log')}
2025-09-07 12:48:42,581 - DEBUG - 1 change detected: {(<Change.modified: 2>, 'E:\\Next JS\\researchbot\\backend\\logs\\research_assistant_20250907_115551.log')}
2025-09-07 12:48:43,061 - DEBUG - 1 change detected: {(<Change.modified: 2>, 'E:\\Next JS\\researchbot\\backend\\logs\\research_assistant_20250907_115551.log')}
2025-09-07 12:48:43,440 - DEBUG - 1 change detected: {(<Change.modified: 2>, 'E:\\Next JS\\researchbot\\backend\\logs\\research_assistant_20250907_115551.log')}
2025-09-07 12:48:43,860 - DEBUG - 1 change detected: {(<Change.modified: 2>, 'E:\\Next JS\\researchbot\\backend\\logs\\research_assistant_20250907_115551.log')}
2025-09-07 12:48:44,222 - DEBUG - 1 change detected: {(<Change.modified: 2>, 'E:\\Next JS\\researchbot\\backend\\logs\\research_assistant_20250907_115551.log')}
2025-09-07 12:48:44,828 - DEBUG - 1 change detected: {(<Change.modified: 2>, 'E:\\Next JS\\researchbot\\backend\\logs\\research_assistant_20250907_115551.log')}
2025-09-07 12:48:45,543 - DEBUG - 1 change detected: {(<Change.modified: 2>, 'E:\\Next JS\\researchbot\\backend\\logs\\research_assistant_20250907_115551.log')}
2025-09-07 12:48:46,224 - DEBUG - 1 change detected: {(<Change.modified: 2>, 'E:\\Next JS\\researchbot\\backend\\logs\\research_assistant_20250907_115551.log')}
2025-09-07 12:48:46,642 - DEBUG - 1 change detected: {(<Change.modified: 2>, 'E:\\Next JS\\researchbot\\backend\\logs\\research_assistant_20250907_115551.log')}
2025-09-07 12:48:47,465 - DEBUG - 1 change detected: {(<Change.modified: 2>, 'E:\\Next JS\\researchbot\\backend\\logs\\research_assistant_20250907_115551.log')}
2025-09-07 12:48:47,833 - DEBUG - 1 change detected: {(<Change.modified: 2>, 'E:\\Next JS\\researchbot\\backend\\logs\\research_assistant_20250907_115551.log')}
2025-09-07 12:48:48,301 - DEBUG - 1 change detected: {(<Change.modified: 2>, 'E:\\Next JS\\researchbot\\backend\\logs\\research_assistant_20250907_115551.log')}
2025-09-07 12:48:48,705 - DEBUG - 1 change detected: {(<Change.modified: 2>, 'E:\\Next JS\\researchbot\\backend\\logs\\research_assistant_20250907_115551.log')}
2025-09-07 12:48:49,140 - DEBUG - 1 change detected: {(<Change.modified: 2>, 'E:\\Next JS\\researchbot\\backend\\logs\\research_assistant_20250907_115551.log')}
2025-09-07 12:48:49,774 - DEBUG - 1 change detected: {(<Change.modified: 2>, 'E:\\Next JS\\researchbot\\backend\\logs\\research_assistant_20250907_115551.log')}
2025-09-07 12:48:50,355 - DEBUG - 1 change detected: {(<Change.modified: 2>, 'E:\\Next JS\\researchbot\\backend\\logs\\research_assistant_20250907_115551.log')}
2025-09-07 12:48:50,807 - DEBUG - 1 change detected: {(<Change.modified: 2>, 'E:\\Next JS\\researchbot\\backend\\logs\\research_assistant_20250907_115551.log')}
2025-09-07 12:48:51,240 - DEBUG - 1 change detected: {(<Change.modified: 2>, 'E:\\Next JS\\researchbot\\backend\\logs\\research_assistant_20250907_115551.log')}
2025-09-07 12:48:51,685 - DEBUG - 1 change detected: {(<Change.modified: 2>, 'E:\\Next JS\\researchbot\\backend\\logs\\research_assistant_20250907_115551.log')}
2025-09-07 12:48:52,053 - DEBUG - 1 change detected: {(<Change.modified: 2>, 'E:\\Next JS\\researchbot\\backend\\logs\\research_assistant_20250907_115551.log')}
2025-09-07 12:48:52,536 - DEBUG - 1 change detected: {(<Change.modified: 2>, 'E:\\Next JS\\researchbot\\backend\\logs\\research_assistant_20250907_115551.log')}
2025-09-07 12:48:52,945 - DEBUG - 1 change detected: {(<Change.modified: 2>, 'E:\\Next JS\\researchbot\\backend\\logs\\research_assistant_20250907_115551.log')}
2025-09-07 12:48:53,358 - DEBUG - 1 change detected: {(<Change.modified: 2>, 'E:\\Next JS\\researchbot\\backend\\logs\\research_assistant_20250907_115551.log')}
2025-09-07 12:48:53,773 - DEBUG - 1 change detected: {(<Change.modified: 2>, 'E:\\Next JS\\researchbot\\backend\\logs\\research_assistant_20250907_115551.log')}
2025-09-07 12:48:54,192 - DEBUG - 1 change detected: {(<Change.modified: 2>, 'E:\\Next JS\\researchbot\\backend\\logs\\research_assistant_20250907_115551.log')}
2025-09-07 12:48:54,605 - DEBUG - 1 change detected: {(<Change.modified: 2>, 'E:\\Next JS\\researchbot\\backend\\logs\\research_assistant_20250907_115551.log')}
2025-09-07 12:48:55,024 - DEBUG - 1 change detected: {(<Change.modified: 2>, 'E:\\Next JS\\researchbot\\backend\\logs\\research_assistant_20250907_115551.log')}
2025-09-07 12:48:55,404 - DEBUG - 1 change detected: {(<Change.modified: 2>, 'E:\\Next JS\\researchbot\\backend\\logs\\research_assistant_20250907_115551.log')}
2025-09-07 12:48:55,802 - DEBUG - 1 change detected: {(<Change.modified: 2>, 'E:\\Next JS\\researchbot\\backend\\logs\\research_assistant_20250907_115551.log')}
2025-09-07 12:48:56,236 - DEBUG - 1 change detected: {(<Change.modified: 2>, 'E:\\Next JS\\researchbot\\backend\\logs\\research_assistant_20250907_115551.log')}
2025-09-07 12:48:56,660 - DEBUG - 1 change detected: {(<Change.modified: 2>, 'E:\\Next JS\\researchbot\\backend\\logs\\research_assistant_20250907_115551.log')}
2025-09-07 12:48:57,069 - DEBUG - 1 change detected: {(<Change.modified: 2>, 'E:\\Next JS\\researchbot\\backend\\logs\\research_assistant_20250907_115551.log')}
2025-09-07 12:48:57,476 - DEBUG - 1 change detected: {(<Change.modified: 2>, 'E:\\Next JS\\researchbot\\backend\\logs\\research_assistant_20250907_115551.log')}
2025-09-07 12:48:57,912 - DEBUG - 1 change detected: {(<Change.modified: 2>, 'E:\\Next JS\\researchbot\\backend\\logs\\research_assistant_20250907_115551.log')}
2025-09-07 12:48:58,336 - DEBUG - 1 change detected: {(<Change.modified: 2>, 'E:\\Next JS\\researchbot\\backend\\logs\\research_assistant_20250907_115551.log')}
2025-09-07 12:48:58,709 - DEBUG - 1 change detected: {(<Change.modified: 2>, 'E:\\Next JS\\researchbot\\backend\\logs\\research_assistant_20250907_115551.log')}
2025-09-07 12:48:59,137 - DEBUG - 1 change detected: {(<Change.modified: 2>, 'E:\\Next JS\\researchbot\\backend\\logs\\research_assistant_20250907_115551.log')}
2025-09-07 12:48:59,512 - DEBUG - 1 change detected: {(<Change.modified: 2>, 'E:\\Next JS\\researchbot\\backend\\logs\\research_assistant_20250907_115551.log')}
2025-09-07 12:49:00,178 - DEBUG - 1 change detected: {(<Change.modified: 2>, 'E:\\Next JS\\researchbot\\backend\\logs\\research_assistant_20250907_115551.log')}
2025-09-07 12:49:00,543 - DEBUG - 1 change detected: {(<Change.modified: 2>, 'E:\\Next JS\\researchbot\\backend\\logs\\research_assistant_20250907_115551.log')}
2025-09-07 12:49:00,961 - DEBUG - 1 change detected: {(<Change.modified: 2>, 'E:\\Next JS\\researchbot\\backend\\logs\\research_assistant_20250907_115551.log')}
2025-09-07 12:49:01,370 - DEBUG - 1 change detected: {(<Change.modified: 2>, 'E:\\Next JS\\researchbot\\backend\\logs\\research_assistant_20250907_115551.log')}
2025-09-07 12:49:01,780 - DEBUG - 1 change detected: {(<Change.modified: 2>, 'E:\\Next JS\\researchbot\\backend\\logs\\research_assistant_20250907_115551.log')}
2025-09-07 12:49:02,199 - DEBUG - 1 change detected: {(<Change.modified: 2>, 'E:\\Next JS\\researchbot\\backend\\logs\\research_assistant_20250907_115551.log')}
2025-09-07 12:49:02,611 - DEBUG - 1 change detected: {(<Change.modified: 2>, 'E:\\Next JS\\researchbot\\backend\\logs\\research_assistant_20250907_115551.log')}
2025-09-07 12:49:02,973 - DEBUG - 1 change detected: {(<Change.modified: 2>, 'E:\\Next JS\\researchbot\\backend\\logs\\research_assistant_20250907_115551.log')}
2025-09-07 12:49:03,402 - DEBUG - 1 change detected: {(<Change.modified: 2>, 'E:\\Next JS\\researchbot\\backend\\logs\\research_assistant_20250907_115551.log')}
2025-09-07 12:49:03,818 - DEBUG - 1 change detected: {(<Change.modified: 2>, 'E:\\Next JS\\researchbot\\backend\\logs\\research_assistant_20250907_115551.log')}
2025-09-07 12:49:04,303 - DEBUG - 1 change detected: {(<Change.modified: 2>, 'E:\\Next JS\\researchbot\\backend\\logs\\research_assistant_20250907_115551.log')}
2025-09-07 12:49:05,237 - DEBUG - 1 change detected: {(<Change.modified: 2>, 'E:\\Next JS\\researchbot\\backend\\logs\\research_assistant_20250907_115551.log')}
2025-09-07 12:49:05,828 - DEBUG - 1 change detected: {(<Change.modified: 2>, 'E:\\Next JS\\researchbot\\backend\\logs\\research_assistant_20250907_115551.log')}
2025-09-07 12:49:06,333 - DEBUG - 1 change detected: {(<Change.modified: 2>, 'E:\\Next JS\\researchbot\\backend\\logs\\research_assistant_20250907_115551.log')}
2025-09-07 12:49:06,770 - DEBUG - 1 change detected: {(<Change.modified: 2>, 'E:\\Next JS\\researchbot\\backend\\logs\\research_assistant_20250907_115551.log')}
2025-09-07 12:49:07,223 - DEBUG - 1 change detected: {(<Change.modified: 2>, 'E:\\Next JS\\researchbot\\backend\\main.py')}
2025-09-07 12:49:08,594 - DEBUG - 2 changes detected: {(<Change.modified: 2>, 'E:\\Next JS\\researchbot\\backend\\logs\\research_assistant_20250907_115557.log'), (<Change.modified: 2>, 'E:\\Next JS\\researchbot\\backend\\logs\\research_assistant_20250907_115551.log')}
2025-09-07 12:49:12,244 - DEBUG - 1 change detected: {(<Change.modified: 2>, 'E:\\Next JS\\researchbot\\backend\\main.py')}
2025-09-07 12:49:20,568 - DEBUG - 1 change detected: {(<Change.added: 1>, 'E:\\Next JS\\researchbot\\backend\\logs\\research_assistant_20250907_124920.log')}
2025-09-07 12:49:20,920 - DEBUG - 7 changes detected: {(<Change.deleted: 3>, 'E:\\Next JS\\researchbot\\backend\\__pycache__\\main.cpython-313.pyc'), (<Change.modified: 2>, 'E:\\Next JS\\researchbot\\backend\\logs\\research_assistant_20250907_124920.log'), (<Change.added: 1>, 'E:\\Next JS\\researchbot\\backend\\__pycache__\\main.cpython-313.pyc'), (<Change.deleted: 3>, 'E:\\Next JS\\researchbot\\backend\\__pycache__\\main.cpython-313.pyc.2372900432320'), (<Change.modified: 2>, 'E:\\Next JS\\researchbot\\backend\\__pycache__'), (<Change.added: 1>, 'E:\\Next JS\\researchbot\\backend\\__pycache__\\main.cpython-313.pyc.2372900432320'), (<Change.modified: 2>, 'E:\\Next JS\\researchbot\\backend\\logs')}
2025-09-07 12:49:24,361 - DEBUG - 1 change detected: {(<Change.modified: 2>, 'E:\\Next JS\\researchbot\\backend\\main.py')}
2025-09-07 12:49:26,237 - DEBUG - 1 change detected: {(<Change.modified: 2>, 'E:\\Next JS\\researchbot\\backend\\logs\\research_assistant_20250907_124920.log')}
2025-09-07 12:49:31,959 - DEBUG - 1 change detected: {(<Change.modified: 2>, 'E:\\Next JS\\researchbot\\backend\\main.py')}
2025-09-07 12:49:41,618 - DEBUG - 1 change detected: {(<Change.modified: 2>, 'E:\\Next JS\\researchbot\\backend\\main.py')}
2025-09-07 12:49:49,588 - DEBUG - 2 changes detected: {(<Change.modified: 2>, 'E:\\Next JS\\researchbot\\backend\\main.py'), (<Change.added: 1>, 'E:\\Next JS\\researchbot\\backend\\logs\\research_assistant_20250907_124949.log')}
2025-09-07 12:49:50,813 - DEBUG - 7 changes detected: {(<Change.deleted: 3>, 'E:\\Next JS\\researchbot\\backend\\__pycache__\\main.cpython-313.pyc'), (<Change.added: 1>, 'E:\\Next JS\\researchbot\\backend\\__pycache__\\main.cpython-313.pyc.2484439493504'), (<Change.added: 1>, 'E:\\Next JS\\researchbot\\backend\\__pycache__\\main.cpython-313.pyc'), (<Change.modified: 2>, 'E:\\Next JS\\researchbot\\backend\\__pycache__'), (<Change.modified: 2>, 'E:\\Next JS\\researchbot\\backend\\logs\\research_assistant_20250907_124949.log'), (<Change.deleted: 3>, 'E:\\Next JS\\researchbot\\backend\\__pycache__\\main.cpython-313.pyc.2484439493504'), (<Change.modified: 2>, 'E:\\Next JS\\researchbot\\backend\\logs')}
2025-09-07 12:49:57,230 - DEBUG - 1 change detected: {(<Change.added: 1>, 'E:\\Next JS\\researchbot\\backend\\logs\\research_assistant_20250907_124957.log')}
2025-09-07 12:49:57,597 - DEBUG - 2 changes detected: {(<Change.modified: 2>, 'E:\\Next JS\\researchbot\\backend\\logs'), (<Change.modified: 2>, 'E:\\Next JS\\researchbot\\backend\\logs\\research_assistant_20250907_124957.log')}
2025-09-07 12:51:56,944 - DEBUG - 1 change detected: {(<Change.modified: 2>, 'E:\\Next JS\\researchbot\\backend\\logs\\research_assistant_20250907_124957.log')}
