2025-09-06 18:14:48,195 - DEBUG - 1 change detected: {(<Change.modified: 2>, 'E:\\Next JS\\researchbot\\backend\\logs')}
2025-09-06 18:15:04,633 - DEBUG - 1 change detected: {(<Change.modified: 2>, 'E:\\Next JS\\researchbot\\backend\\logs\\research_assistant_20250906_181437.log')}
2025-09-06 18:15:05,560 - DEBUG - 2 changes detected: {(<Change.added: 1>, 'E:\\Next JS\\researchbot\\backend\\logs\\research_assistant_20250906_181505.log'), (<Change.modified: 2>, 'E:\\Next JS\\researchbot\\backend\\logs\\research_assistant_20250906_181437.log')}
2025-09-06 18:15:06,379 - DEBUG - 1 change detected: {(<Change.modified: 2>, 'E:\\Next JS\\researchbot\\backend\\logs\\research_assistant_20250906_181505.log')}
2025-09-06 18:15:07,145 - DEBUG - 2 changes detected: {(<Change.added: 1>, 'E:\\Next JS\\researchbot\\backend\\logs\\research_assistant_20250906_181506.log'), (<Change.modified: 2>, 'E:\\Next JS\\researchbot\\backend\\logs')}
2025-09-06 18:15:08,280 - DEBUG - 1 change detected: {(<Change.modified: 2>, 'E:\\Next JS\\researchbot\\backend\\logs')}
2025-09-06 18:15:14,730 - DEBUG - 1 change detected: {(<Change.modified: 2>, 'E:\\Next JS\\researchbot\\backend\\logs\\research_assistant_20250906_181437.log')}
2025-09-06 18:15:15,230 - DEBUG - 1 change detected: {(<Change.modified: 2>, 'E:\\Next JS\\researchbot\\backend\\logs\\research_assistant_20250906_181437.log')}
2025-09-06 18:15:15,652 - DEBUG - 1 change detected: {(<Change.modified: 2>, 'E:\\Next JS\\researchbot\\backend\\logs\\research_assistant_20250906_181437.log')}
2025-09-06 18:15:16,125 - DEBUG - 1 change detected: {(<Change.modified: 2>, 'E:\\Next JS\\researchbot\\backend\\logs\\research_assistant_20250906_181437.log')}
2025-09-06 18:15:16,533 - DEBUG - 1 change detected: {(<Change.modified: 2>, 'E:\\Next JS\\researchbot\\backend\\logs\\research_assistant_20250906_181437.log')}
2025-09-06 18:15:16,956 - DEBUG - 1 change detected: {(<Change.modified: 2>, 'E:\\Next JS\\researchbot\\backend\\logs\\research_assistant_20250906_181437.log')}
2025-09-06 18:15:17,376 - DEBUG - 1 change detected: {(<Change.modified: 2>, 'E:\\Next JS\\researchbot\\backend\\logs\\research_assistant_20250906_181437.log')}
2025-09-06 18:15:17,892 - DEBUG - 1 change detected: {(<Change.modified: 2>, 'E:\\Next JS\\researchbot\\backend\\logs\\research_assistant_20250906_181437.log')}
2025-09-06 18:15:18,731 - DEBUG - 1 change detected: {(<Change.modified: 2>, 'E:\\Next JS\\researchbot\\backend\\logs\\research_assistant_20250906_181437.log')}
2025-09-06 18:15:19,089 - DEBUG - 1 change detected: {(<Change.modified: 2>, 'E:\\Next JS\\researchbot\\backend\\logs\\research_assistant_20250906_181437.log')}
2025-09-06 18:15:19,554 - DEBUG - 1 change detected: {(<Change.modified: 2>, 'E:\\Next JS\\researchbot\\backend\\logs\\research_assistant_20250906_181437.log')}
2025-09-06 18:15:19,982 - DEBUG - 1 change detected: {(<Change.modified: 2>, 'E:\\Next JS\\researchbot\\backend\\logs\\research_assistant_20250906_181437.log')}
2025-09-06 18:15:20,412 - DEBUG - 1 change detected: {(<Change.modified: 2>, 'E:\\Next JS\\researchbot\\backend\\logs\\research_assistant_20250906_181437.log')}
2025-09-06 18:15:20,872 - DEBUG - 1 change detected: {(<Change.modified: 2>, 'E:\\Next JS\\researchbot\\backend\\logs\\research_assistant_20250906_181437.log')}
2025-09-06 18:15:21,252 - DEBUG - 1 change detected: {(<Change.modified: 2>, 'E:\\Next JS\\researchbot\\backend\\logs\\research_assistant_20250906_181437.log')}
2025-09-06 18:15:21,667 - DEBUG - 1 change detected: {(<Change.modified: 2>, 'E:\\Next JS\\researchbot\\backend\\logs\\research_assistant_20250906_181437.log')}
2025-09-06 18:15:22,096 - DEBUG - 1 change detected: {(<Change.modified: 2>, 'E:\\Next JS\\researchbot\\backend\\logs\\research_assistant_20250906_181437.log')}
2025-09-06 18:15:22,556 - DEBUG - 1 change detected: {(<Change.modified: 2>, 'E:\\Next JS\\researchbot\\backend\\logs\\research_assistant_20250906_181437.log')}
2025-09-06 18:15:22,970 - DEBUG - 1 change detected: {(<Change.modified: 2>, 'E:\\Next JS\\researchbot\\backend\\logs\\research_assistant_20250906_181437.log')}
2025-09-06 18:15:23,383 - DEBUG - 1 change detected: {(<Change.modified: 2>, 'E:\\Next JS\\researchbot\\backend\\logs\\research_assistant_20250906_181437.log')}
2025-09-06 18:15:23,814 - DEBUG - 1 change detected: {(<Change.modified: 2>, 'E:\\Next JS\\researchbot\\backend\\logs\\research_assistant_20250906_181437.log')}
2025-09-06 18:15:24,229 - DEBUG - 1 change detected: {(<Change.modified: 2>, 'E:\\Next JS\\researchbot\\backend\\logs\\research_assistant_20250906_181437.log')}
2025-09-06 18:15:24,599 - DEBUG - 1 change detected: {(<Change.modified: 2>, 'E:\\Next JS\\researchbot\\backend\\logs\\research_assistant_20250906_181437.log')}
2025-09-06 18:15:25,033 - DEBUG - 1 change detected: {(<Change.modified: 2>, 'E:\\Next JS\\researchbot\\backend\\logs\\research_assistant_20250906_181437.log')}
2025-09-06 18:15:26,187 - DEBUG - 1 change detected: {(<Change.modified: 2>, 'E:\\Next JS\\researchbot\\backend\\logs\\research_assistant_20250906_181437.log')}
2025-09-06 18:15:26,759 - DEBUG - 1 change detected: {(<Change.modified: 2>, 'E:\\Next JS\\researchbot\\backend\\logs\\research_assistant_20250906_181437.log')}
2025-09-06 18:15:27,307 - DEBUG - 1 change detected: {(<Change.modified: 2>, 'E:\\Next JS\\researchbot\\backend\\logs\\research_assistant_20250906_181437.log')}
2025-09-06 18:15:27,883 - DEBUG - 1 change detected: {(<Change.modified: 2>, 'E:\\Next JS\\researchbot\\backend\\logs\\research_assistant_20250906_181437.log')}
2025-09-06 18:15:29,023 - DEBUG - 1 change detected: {(<Change.modified: 2>, 'E:\\Next JS\\researchbot\\backend\\logs\\research_assistant_20250906_181437.log')}
2025-09-06 18:15:29,847 - DEBUG - 1 change detected: {(<Change.modified: 2>, 'E:\\Next JS\\researchbot\\backend\\logs\\research_assistant_20250906_181437.log')}
2025-09-06 18:15:30,877 - DEBUG - 1 change detected: {(<Change.modified: 2>, 'E:\\Next JS\\researchbot\\backend\\logs\\research_assistant_20250906_181437.log')}
2025-09-06 18:15:31,664 - DEBUG - 1 change detected: {(<Change.modified: 2>, 'E:\\Next JS\\researchbot\\backend\\logs\\research_assistant_20250906_181437.log')}
2025-09-06 18:15:32,672 - DEBUG - 1 change detected: {(<Change.modified: 2>, 'E:\\Next JS\\researchbot\\backend\\logs\\research_assistant_20250906_181437.log')}
2025-09-06 18:15:33,694 - DEBUG - 1 change detected: {(<Change.modified: 2>, 'E:\\Next JS\\researchbot\\backend\\logs\\research_assistant_20250906_181437.log')}
2025-09-06 18:20:12,684 - DEBUG - 1 change detected: {(<Change.modified: 2>, 'E:\\Next JS\\researchbot\\backend\\logs\\research_assistant_20250906_181437.log')}
2025-09-06 18:20:13,065 - DEBUG - 1 change detected: {(<Change.modified: 2>, 'E:\\Next JS\\researchbot\\backend\\logs\\research_assistant_20250906_181437.log')}
2025-09-06 18:20:13,421 - DEBUG - 1 change detected: {(<Change.modified: 2>, 'E:\\Next JS\\researchbot\\backend\\logs\\research_assistant_20250906_181437.log')}
2025-09-06 18:20:13,839 - DEBUG - 1 change detected: {(<Change.modified: 2>, 'E:\\Next JS\\researchbot\\backend\\logs\\research_assistant_20250906_181437.log')}
2025-09-06 18:20:14,269 - DEBUG - 1 change detected: {(<Change.modified: 2>, 'E:\\Next JS\\researchbot\\backend\\logs\\research_assistant_20250906_181437.log')}
2025-09-06 18:20:14,647 - DEBUG - 1 change detected: {(<Change.modified: 2>, 'E:\\Next JS\\researchbot\\backend\\logs\\research_assistant_20250906_181437.log')}
2025-09-06 18:20:15,008 - DEBUG - 1 change detected: {(<Change.modified: 2>, 'E:\\Next JS\\researchbot\\backend\\logs\\research_assistant_20250906_181437.log')}
2025-09-06 18:20:15,369 - DEBUG - 1 change detected: {(<Change.modified: 2>, 'E:\\Next JS\\researchbot\\backend\\logs\\research_assistant_20250906_181437.log')}
2025-09-06 18:20:15,739 - DEBUG - 1 change detected: {(<Change.modified: 2>, 'E:\\Next JS\\researchbot\\backend\\logs\\research_assistant_20250906_181437.log')}
2025-09-06 18:20:16,096 - DEBUG - 1 change detected: {(<Change.modified: 2>, 'E:\\Next JS\\researchbot\\backend\\logs\\research_assistant_20250906_181437.log')}
2025-09-06 18:20:16,514 - DEBUG - 1 change detected: {(<Change.modified: 2>, 'E:\\Next JS\\researchbot\\backend\\logs\\research_assistant_20250906_181437.log')}
2025-09-06 18:20:16,913 - DEBUG - 1 change detected: {(<Change.modified: 2>, 'E:\\Next JS\\researchbot\\backend\\logs\\research_assistant_20250906_181437.log')}
2025-09-06 18:20:17,388 - DEBUG - 1 change detected: {(<Change.modified: 2>, 'E:\\Next JS\\researchbot\\backend\\logs\\research_assistant_20250906_181437.log')}
2025-09-06 18:20:17,814 - DEBUG - 1 change detected: {(<Change.modified: 2>, 'E:\\Next JS\\researchbot\\backend\\logs\\research_assistant_20250906_181437.log')}
2025-09-06 18:20:18,181 - DEBUG - 1 change detected: {(<Change.modified: 2>, 'E:\\Next JS\\researchbot\\backend\\logs\\research_assistant_20250906_181437.log')}
2025-09-06 18:20:18,607 - DEBUG - 1 change detected: {(<Change.modified: 2>, 'E:\\Next JS\\researchbot\\backend\\logs\\research_assistant_20250906_181437.log')}
2025-09-06 18:20:19,023 - DEBUG - 1 change detected: {(<Change.modified: 2>, 'E:\\Next JS\\researchbot\\backend\\logs\\research_assistant_20250906_181437.log')}
2025-09-06 18:20:19,431 - DEBUG - 1 change detected: {(<Change.modified: 2>, 'E:\\Next JS\\researchbot\\backend\\logs\\research_assistant_20250906_181437.log')}
2025-09-06 18:20:19,897 - DEBUG - 1 change detected: {(<Change.modified: 2>, 'E:\\Next JS\\researchbot\\backend\\logs\\research_assistant_20250906_181437.log')}
2025-09-06 18:20:20,269 - DEBUG - 1 change detected: {(<Change.modified: 2>, 'E:\\Next JS\\researchbot\\backend\\logs\\research_assistant_20250906_181437.log')}
2025-09-06 18:20:20,679 - DEBUG - 1 change detected: {(<Change.modified: 2>, 'E:\\Next JS\\researchbot\\backend\\logs\\research_assistant_20250906_181437.log')}
2025-09-06 18:20:21,097 - DEBUG - 1 change detected: {(<Change.modified: 2>, 'E:\\Next JS\\researchbot\\backend\\logs\\research_assistant_20250906_181437.log')}
2025-09-06 18:20:21,513 - DEBUG - 1 change detected: {(<Change.modified: 2>, 'E:\\Next JS\\researchbot\\backend\\logs\\research_assistant_20250906_181437.log')}
2025-09-06 18:20:21,938 - DEBUG - 1 change detected: {(<Change.modified: 2>, 'E:\\Next JS\\researchbot\\backend\\logs\\research_assistant_20250906_181437.log')}
2025-09-06 18:20:22,364 - DEBUG - 1 change detected: {(<Change.modified: 2>, 'E:\\Next JS\\researchbot\\backend\\logs\\research_assistant_20250906_181437.log')}
2025-09-06 18:20:22,777 - DEBUG - 1 change detected: {(<Change.modified: 2>, 'E:\\Next JS\\researchbot\\backend\\logs\\research_assistant_20250906_181437.log')}
2025-09-06 18:20:23,192 - DEBUG - 1 change detected: {(<Change.modified: 2>, 'E:\\Next JS\\researchbot\\backend\\logs\\research_assistant_20250906_181437.log')}
2025-09-06 18:20:23,623 - DEBUG - 1 change detected: {(<Change.modified: 2>, 'E:\\Next JS\\researchbot\\backend\\logs\\research_assistant_20250906_181437.log')}
2025-09-06 18:20:24,036 - DEBUG - 1 change detected: {(<Change.modified: 2>, 'E:\\Next JS\\researchbot\\backend\\logs\\research_assistant_20250906_181437.log')}
2025-09-06 18:20:24,458 - DEBUG - 1 change detected: {(<Change.modified: 2>, 'E:\\Next JS\\researchbot\\backend\\logs\\research_assistant_20250906_181437.log')}
2025-09-06 18:20:24,878 - DEBUG - 1 change detected: {(<Change.modified: 2>, 'E:\\Next JS\\researchbot\\backend\\logs\\research_assistant_20250906_181437.log')}
2025-09-06 18:20:25,295 - DEBUG - 1 change detected: {(<Change.modified: 2>, 'E:\\Next JS\\researchbot\\backend\\logs\\research_assistant_20250906_181437.log')}
2025-09-06 18:20:25,705 - DEBUG - 1 change detected: {(<Change.modified: 2>, 'E:\\Next JS\\researchbot\\backend\\logs\\research_assistant_20250906_181437.log')}
2025-09-06 18:20:26,113 - DEBUG - 1 change detected: {(<Change.modified: 2>, 'E:\\Next JS\\researchbot\\backend\\logs\\research_assistant_20250906_181437.log')}
2025-09-06 18:20:26,477 - DEBUG - 1 change detected: {(<Change.modified: 2>, 'E:\\Next JS\\researchbot\\backend\\logs\\research_assistant_20250906_181437.log')}
2025-09-06 18:20:26,923 - DEBUG - 1 change detected: {(<Change.modified: 2>, 'E:\\Next JS\\researchbot\\backend\\logs\\research_assistant_20250906_181437.log')}
2025-09-06 18:20:27,336 - DEBUG - 1 change detected: {(<Change.modified: 2>, 'E:\\Next JS\\researchbot\\backend\\logs\\research_assistant_20250906_181437.log')}
2025-09-06 18:20:27,758 - DEBUG - 1 change detected: {(<Change.modified: 2>, 'E:\\Next JS\\researchbot\\backend\\logs\\research_assistant_20250906_181437.log')}
2025-09-06 18:20:28,179 - DEBUG - 1 change detected: {(<Change.modified: 2>, 'E:\\Next JS\\researchbot\\backend\\logs\\research_assistant_20250906_181437.log')}
2025-09-06 18:20:28,606 - DEBUG - 1 change detected: {(<Change.modified: 2>, 'E:\\Next JS\\researchbot\\backend\\logs\\research_assistant_20250906_181437.log')}
2025-09-06 18:20:29,026 - DEBUG - 1 change detected: {(<Change.modified: 2>, 'E:\\Next JS\\researchbot\\backend\\logs\\research_assistant_20250906_181437.log')}
2025-09-06 18:20:29,435 - DEBUG - 1 change detected: {(<Change.modified: 2>, 'E:\\Next JS\\researchbot\\backend\\logs\\research_assistant_20250906_181437.log')}
2025-09-06 18:20:29,815 - DEBUG - 1 change detected: {(<Change.modified: 2>, 'E:\\Next JS\\researchbot\\backend\\logs\\research_assistant_20250906_181437.log')}
2025-09-06 18:20:30,294 - DEBUG - 1 change detected: {(<Change.modified: 2>, 'E:\\Next JS\\researchbot\\backend\\logs\\research_assistant_20250906_181437.log')}
2025-09-06 18:20:30,702 - DEBUG - 1 change detected: {(<Change.modified: 2>, 'E:\\Next JS\\researchbot\\backend\\logs\\research_assistant_20250906_181437.log')}
2025-09-06 18:20:31,115 - DEBUG - 1 change detected: {(<Change.modified: 2>, 'E:\\Next JS\\researchbot\\backend\\logs\\research_assistant_20250906_181437.log')}
2025-09-06 18:20:31,474 - DEBUG - 1 change detected: {(<Change.modified: 2>, 'E:\\Next JS\\researchbot\\backend\\logs\\research_assistant_20250906_181437.log')}
2025-09-06 18:20:31,904 - DEBUG - 1 change detected: {(<Change.modified: 2>, 'E:\\Next JS\\researchbot\\backend\\logs\\research_assistant_20250906_181437.log')}
2025-09-06 18:20:32,943 - DEBUG - 1 change detected: {(<Change.modified: 2>, 'E:\\Next JS\\researchbot\\backend\\logs\\research_assistant_20250906_181437.log')}
2025-09-06 18:20:33,334 - DEBUG - 1 change detected: {(<Change.modified: 2>, 'E:\\Next JS\\researchbot\\backend\\logs\\research_assistant_20250906_181437.log')}
2025-09-06 18:20:33,739 - DEBUG - 1 change detected: {(<Change.modified: 2>, 'E:\\Next JS\\researchbot\\backend\\logs\\research_assistant_20250906_181437.log')}
2025-09-06 18:20:34,185 - DEBUG - 1 change detected: {(<Change.modified: 2>, 'E:\\Next JS\\researchbot\\backend\\logs\\research_assistant_20250906_181437.log')}
2025-09-06 18:20:34,590 - DEBUG - 1 change detected: {(<Change.modified: 2>, 'E:\\Next JS\\researchbot\\backend\\logs\\research_assistant_20250906_181437.log')}
2025-09-06 18:20:34,955 - DEBUG - 1 change detected: {(<Change.modified: 2>, 'E:\\Next JS\\researchbot\\backend\\logs\\research_assistant_20250906_181437.log')}
2025-09-06 18:20:35,375 - DEBUG - 1 change detected: {(<Change.modified: 2>, 'E:\\Next JS\\researchbot\\backend\\logs\\research_assistant_20250906_181437.log')}
2025-09-06 18:20:35,793 - DEBUG - 1 change detected: {(<Change.modified: 2>, 'E:\\Next JS\\researchbot\\backend\\logs\\research_assistant_20250906_181437.log')}
2025-09-06 18:20:36,216 - DEBUG - 1 change detected: {(<Change.modified: 2>, 'E:\\Next JS\\researchbot\\backend\\logs\\research_assistant_20250906_181437.log')}
2025-09-06 18:20:36,593 - DEBUG - 1 change detected: {(<Change.modified: 2>, 'E:\\Next JS\\researchbot\\backend\\logs\\research_assistant_20250906_181437.log')}
2025-09-06 18:20:37,015 - DEBUG - 1 change detected: {(<Change.modified: 2>, 'E:\\Next JS\\researchbot\\backend\\logs\\research_assistant_20250906_181437.log')}
2025-09-06 18:20:37,423 - DEBUG - 1 change detected: {(<Change.modified: 2>, 'E:\\Next JS\\researchbot\\backend\\logs\\research_assistant_20250906_181437.log')}
2025-09-06 18:20:37,921 - DEBUG - 1 change detected: {(<Change.modified: 2>, 'E:\\Next JS\\researchbot\\backend\\logs\\research_assistant_20250906_181437.log')}
2025-09-06 18:20:38,398 - DEBUG - 1 change detected: {(<Change.modified: 2>, 'E:\\Next JS\\researchbot\\backend\\logs\\research_assistant_20250906_181437.log')}
2025-09-06 18:20:38,811 - DEBUG - 1 change detected: {(<Change.modified: 2>, 'E:\\Next JS\\researchbot\\backend\\logs\\research_assistant_20250906_181437.log')}
2025-09-06 18:20:39,271 - DEBUG - 1 change detected: {(<Change.modified: 2>, 'E:\\Next JS\\researchbot\\backend\\logs\\research_assistant_20250906_181437.log')}
2025-09-06 18:20:39,679 - DEBUG - 1 change detected: {(<Change.modified: 2>, 'E:\\Next JS\\researchbot\\backend\\logs\\research_assistant_20250906_181437.log')}
2025-09-06 18:20:40,060 - DEBUG - 1 change detected: {(<Change.modified: 2>, 'E:\\Next JS\\researchbot\\backend\\logs\\research_assistant_20250906_181437.log')}
2025-09-06 18:20:40,795 - DEBUG - 1 change detected: {(<Change.modified: 2>, 'E:\\Next JS\\researchbot\\backend\\logs\\research_assistant_20250906_181437.log')}
2025-09-06 18:20:41,157 - DEBUG - 1 change detected: {(<Change.modified: 2>, 'E:\\Next JS\\researchbot\\backend\\logs\\research_assistant_20250906_181437.log')}
2025-09-06 18:20:42,173 - DEBUG - 1 change detected: {(<Change.modified: 2>, 'E:\\Next JS\\researchbot\\backend\\logs\\research_assistant_20250906_181437.log')}
2025-09-06 18:20:44,565 - DEBUG - 1 change detected: {(<Change.modified: 2>, 'E:\\Next JS\\researchbot\\backend\\logs\\research_assistant_20250906_181437.log')}
2025-09-06 18:20:46,105 - DEBUG - 1 change detected: {(<Change.modified: 2>, 'E:\\Next JS\\researchbot\\backend\\logs\\research_assistant_20250906_181437.log')}
2025-09-06 18:20:46,465 - DEBUG - 1 change detected: {(<Change.modified: 2>, 'E:\\Next JS\\researchbot\\backend\\logs\\research_assistant_20250906_181437.log')}
2025-09-06 18:20:46,872 - DEBUG - 1 change detected: {(<Change.modified: 2>, 'E:\\Next JS\\researchbot\\backend\\logs\\research_assistant_20250906_181437.log')}
2025-09-06 18:20:47,378 - DEBUG - 1 change detected: {(<Change.modified: 2>, 'E:\\Next JS\\researchbot\\backend\\logs\\research_assistant_20250906_181437.log')}
2025-09-06 18:20:47,797 - DEBUG - 1 change detected: {(<Change.modified: 2>, 'E:\\Next JS\\researchbot\\backend\\logs\\research_assistant_20250906_181437.log')}
2025-09-06 18:20:48,330 - DEBUG - 1 change detected: {(<Change.modified: 2>, 'E:\\Next JS\\researchbot\\backend\\logs\\research_assistant_20250906_181437.log')}
2025-09-06 18:20:48,827 - DEBUG - 1 change detected: {(<Change.modified: 2>, 'E:\\Next JS\\researchbot\\backend\\logs\\research_assistant_20250906_181437.log')}
2025-09-06 18:20:49,241 - DEBUG - 1 change detected: {(<Change.modified: 2>, 'E:\\Next JS\\researchbot\\backend\\logs\\research_assistant_20250906_181437.log')}
2025-09-06 18:20:49,655 - DEBUG - 1 change detected: {(<Change.modified: 2>, 'E:\\Next JS\\researchbot\\backend\\logs\\research_assistant_20250906_181437.log')}
2025-09-06 18:20:50,036 - DEBUG - 1 change detected: {(<Change.modified: 2>, 'E:\\Next JS\\researchbot\\backend\\logs\\research_assistant_20250906_181437.log')}
2025-09-06 18:20:50,559 - DEBUG - 1 change detected: {(<Change.modified: 2>, 'E:\\Next JS\\researchbot\\backend\\logs\\research_assistant_20250906_181437.log')}
2025-09-06 18:20:51,023 - DEBUG - 1 change detected: {(<Change.modified: 2>, 'E:\\Next JS\\researchbot\\backend\\logs\\research_assistant_20250906_181437.log')}
2025-09-06 18:20:51,436 - DEBUG - 1 change detected: {(<Change.modified: 2>, 'E:\\Next JS\\researchbot\\backend\\logs\\research_assistant_20250906_181437.log')}
2025-09-06 18:20:52,123 - DEBUG - 1 change detected: {(<Change.modified: 2>, 'E:\\Next JS\\researchbot\\backend\\logs\\research_assistant_20250906_181437.log')}
2025-09-06 18:20:52,487 - DEBUG - 1 change detected: {(<Change.modified: 2>, 'E:\\Next JS\\researchbot\\backend\\logs\\research_assistant_20250906_181437.log')}
2025-09-06 18:20:52,894 - DEBUG - 1 change detected: {(<Change.modified: 2>, 'E:\\Next JS\\researchbot\\backend\\logs\\research_assistant_20250906_181437.log')}
2025-09-06 18:20:53,303 - DEBUG - 1 change detected: {(<Change.modified: 2>, 'E:\\Next JS\\researchbot\\backend\\logs\\research_assistant_20250906_181437.log')}
2025-09-06 18:20:53,710 - DEBUG - 1 change detected: {(<Change.modified: 2>, 'E:\\Next JS\\researchbot\\backend\\logs\\research_assistant_20250906_181437.log')}
2025-09-06 18:20:54,134 - DEBUG - 1 change detected: {(<Change.modified: 2>, 'E:\\Next JS\\researchbot\\backend\\logs\\research_assistant_20250906_181437.log')}
2025-09-06 18:20:54,501 - DEBUG - 1 change detected: {(<Change.modified: 2>, 'E:\\Next JS\\researchbot\\backend\\logs\\research_assistant_20250906_181437.log')}
2025-09-06 18:20:54,917 - DEBUG - 1 change detected: {(<Change.modified: 2>, 'E:\\Next JS\\researchbot\\backend\\logs\\research_assistant_20250906_181437.log')}
2025-09-06 18:20:55,324 - DEBUG - 1 change detected: {(<Change.modified: 2>, 'E:\\Next JS\\researchbot\\backend\\logs\\research_assistant_20250906_181437.log')}
2025-09-06 18:20:55,735 - DEBUG - 1 change detected: {(<Change.modified: 2>, 'E:\\Next JS\\researchbot\\backend\\logs\\research_assistant_20250906_181437.log')}
2025-09-06 18:20:56,510 - DEBUG - 1 change detected: {(<Change.modified: 2>, 'E:\\Next JS\\researchbot\\backend\\logs\\research_assistant_20250906_181437.log')}
2025-09-06 18:20:56,978 - DEBUG - 1 change detected: {(<Change.modified: 2>, 'E:\\Next JS\\researchbot\\backend\\logs\\research_assistant_20250906_181437.log')}
2025-09-06 18:20:57,478 - DEBUG - 1 change detected: {(<Change.modified: 2>, 'E:\\Next JS\\researchbot\\backend\\logs\\research_assistant_20250906_181437.log')}
2025-09-06 18:20:58,009 - DEBUG - 1 change detected: {(<Change.modified: 2>, 'E:\\Next JS\\researchbot\\backend\\logs\\research_assistant_20250906_181437.log')}
2025-09-06 18:20:58,392 - DEBUG - 1 change detected: {(<Change.modified: 2>, 'E:\\Next JS\\researchbot\\backend\\logs\\research_assistant_20250906_181437.log')}
2025-09-06 18:20:58,753 - DEBUG - 1 change detected: {(<Change.modified: 2>, 'E:\\Next JS\\researchbot\\backend\\logs\\research_assistant_20250906_181437.log')}
2025-09-06 18:20:59,214 - DEBUG - 1 change detected: {(<Change.modified: 2>, 'E:\\Next JS\\researchbot\\backend\\logs\\research_assistant_20250906_181437.log')}
2025-09-06 18:21:00,051 - DEBUG - 1 change detected: {(<Change.modified: 2>, 'E:\\Next JS\\researchbot\\backend\\logs\\research_assistant_20250906_181437.log')}
2025-09-06 18:21:00,425 - DEBUG - 1 change detected: {(<Change.modified: 2>, 'E:\\Next JS\\researchbot\\backend\\logs\\research_assistant_20250906_181437.log')}
2025-09-06 18:21:00,822 - DEBUG - 1 change detected: {(<Change.modified: 2>, 'E:\\Next JS\\researchbot\\backend\\logs\\research_assistant_20250906_181437.log')}
2025-09-06 18:21:01,250 - DEBUG - 1 change detected: {(<Change.modified: 2>, 'E:\\Next JS\\researchbot\\backend\\logs\\research_assistant_20250906_181437.log')}
2025-09-06 18:21:01,661 - DEBUG - 1 change detected: {(<Change.modified: 2>, 'E:\\Next JS\\researchbot\\backend\\logs\\research_assistant_20250906_181437.log')}
2025-09-06 18:21:02,066 - DEBUG - 1 change detected: {(<Change.modified: 2>, 'E:\\Next JS\\researchbot\\backend\\logs\\research_assistant_20250906_181437.log')}
2025-09-06 18:21:02,474 - DEBUG - 1 change detected: {(<Change.modified: 2>, 'E:\\Next JS\\researchbot\\backend\\logs\\research_assistant_20250906_181437.log')}
2025-09-06 18:21:02,891 - DEBUG - 1 change detected: {(<Change.modified: 2>, 'E:\\Next JS\\researchbot\\backend\\logs\\research_assistant_20250906_181437.log')}
2025-09-06 18:21:03,294 - DEBUG - 1 change detected: {(<Change.modified: 2>, 'E:\\Next JS\\researchbot\\backend\\logs\\research_assistant_20250906_181437.log')}
2025-09-06 18:21:03,764 - DEBUG - 1 change detected: {(<Change.modified: 2>, 'E:\\Next JS\\researchbot\\backend\\logs\\research_assistant_20250906_181437.log')}
2025-09-06 18:21:04,230 - DEBUG - 1 change detected: {(<Change.modified: 2>, 'E:\\Next JS\\researchbot\\backend\\logs\\research_assistant_20250906_181437.log')}
2025-09-06 18:21:04,638 - DEBUG - 1 change detected: {(<Change.modified: 2>, 'E:\\Next JS\\researchbot\\backend\\logs\\research_assistant_20250906_181437.log')}
2025-09-06 18:21:05,063 - DEBUG - 1 change detected: {(<Change.modified: 2>, 'E:\\Next JS\\researchbot\\backend\\logs\\research_assistant_20250906_181437.log')}
2025-09-06 18:21:05,463 - DEBUG - 1 change detected: {(<Change.modified: 2>, 'E:\\Next JS\\researchbot\\backend\\logs\\research_assistant_20250906_181437.log')}
2025-09-06 18:21:05,888 - DEBUG - 1 change detected: {(<Change.modified: 2>, 'E:\\Next JS\\researchbot\\backend\\logs\\research_assistant_20250906_181437.log')}
2025-09-06 18:21:06,276 - DEBUG - 1 change detected: {(<Change.modified: 2>, 'E:\\Next JS\\researchbot\\backend\\logs\\research_assistant_20250906_181437.log')}
2025-09-06 18:21:06,744 - DEBUG - 1 change detected: {(<Change.modified: 2>, 'E:\\Next JS\\researchbot\\backend\\logs\\research_assistant_20250906_181437.log')}
2025-09-06 18:21:07,432 - DEBUG - 1 change detected: {(<Change.modified: 2>, 'E:\\Next JS\\researchbot\\backend\\logs\\research_assistant_20250906_181437.log')}
2025-09-06 18:21:07,795 - DEBUG - 1 change detected: {(<Change.modified: 2>, 'E:\\Next JS\\researchbot\\backend\\logs\\research_assistant_20250906_181437.log')}
2025-09-06 18:21:08,219 - DEBUG - 1 change detected: {(<Change.modified: 2>, 'E:\\Next JS\\researchbot\\backend\\logs\\research_assistant_20250906_181437.log')}
2025-09-06 18:21:08,610 - DEBUG - 1 change detected: {(<Change.modified: 2>, 'E:\\Next JS\\researchbot\\backend\\logs\\research_assistant_20250906_181437.log')}
2025-09-06 18:21:09,072 - DEBUG - 1 change detected: {(<Change.modified: 2>, 'E:\\Next JS\\researchbot\\backend\\logs\\research_assistant_20250906_181437.log')}
2025-09-06 18:21:09,512 - DEBUG - 1 change detected: {(<Change.modified: 2>, 'E:\\Next JS\\researchbot\\backend\\logs\\research_assistant_20250906_181437.log')}
2025-09-06 18:21:09,865 - DEBUG - 1 change detected: {(<Change.modified: 2>, 'E:\\Next JS\\researchbot\\backend\\logs\\research_assistant_20250906_181437.log')}
2025-09-06 18:21:10,317 - DEBUG - 1 change detected: {(<Change.modified: 2>, 'E:\\Next JS\\researchbot\\backend\\logs\\research_assistant_20250906_181437.log')}
2025-09-06 18:21:10,820 - DEBUG - 1 change detected: {(<Change.modified: 2>, 'E:\\Next JS\\researchbot\\backend\\logs\\research_assistant_20250906_181437.log')}
2025-09-06 18:21:11,240 - DEBUG - 1 change detected: {(<Change.modified: 2>, 'E:\\Next JS\\researchbot\\backend\\logs\\research_assistant_20250906_181437.log')}
2025-09-06 18:21:11,645 - DEBUG - 1 change detected: {(<Change.modified: 2>, 'E:\\Next JS\\researchbot\\backend\\logs\\research_assistant_20250906_181437.log')}
2025-09-06 18:21:12,068 - DEBUG - 1 change detected: {(<Change.modified: 2>, 'E:\\Next JS\\researchbot\\backend\\logs\\research_assistant_20250906_181437.log')}
2025-09-06 18:21:12,522 - DEBUG - 30 changes detected: {(<Change.modified: 2>, 'E:\\Next JS\\researchbot\\backend\\logs'), (<Change.deleted: 3>, 'E:\\Next JS\\researchbot\\backend\\main.py'), (<Change.added: 1>, 'E:\\Next JS\\researchbot\\backend\\logs\\research_assistant_20250904_203635.log'), (<Change.deleted: 3>, 'E:\\Next JS\\researchbot\\backend\\logs\\research_assistant_20250904_225456.log'), (<Change.deleted: 3>, 'E:\\Next JS\\researchbot\\backend\\papers\\computer_science\\deeplearning'), (<Change.deleted: 3>, 'E:\\Next JS\\researchbot\\backend\\logs\\research_assistant_20250904_232044.log'), (<Change.deleted: 3>, 'E:\\Next JS\\researchbot\\backend\\papers'), (<Change.deleted: 3>, 'E:\\Next JS\\researchbot\\backend\\logs\\research_assistant_20250904_224334.log'), (<Change.modified: 2>, 'E:\\Next JS\\researchbot\\backend\\logs\\research_assistant_20250906_181437.log'), (<Change.added: 1>, 'E:\\Next JS\\researchbot\\backend\\__pycache__\\main.cpython-313.pyc'), (<Change.deleted: 3>, 'E:\\Next JS\\researchbot\\backend\\papers\\computer_science'), (<Change.deleted: 3>, 'E:\\Next JS\\researchbot\\backend\\logs\\research_assistant_20250904_203635.log'), (<Change.deleted: 3>, 'E:\\Next JS\\researchbot\\backend\\papers_metadata.json'), (<Change.deleted: 3>, 'E:\\Next JS\\researchbot\\backend\\logs\\research_assistant_20250904_230434.log'), (<Change.deleted: 3>, 'E:\\Next JS\\researchbot\\backend\\__pycache__\\main.cpython-313.pyc'), (<Change.deleted: 3>, 'E:\\Next JS\\researchbot\\backend\\logs\\research_assistant_20250904_232707.log'), (<Change.deleted: 3>, 'E:\\Next JS\\researchbot\\backend\\papers\\computer_science\\deeplearning\\1611.01884v3_AC-BLSTM__Asymmetric_Convolutional_Bidirectional_LSTM_Networks_for_Text_Classifi.pdf'), (<Change.added: 1>, 'E:\\Next JS\\researchbot\\backend\\__pycache__\\bot.cpython-313.pyc'), (<Change.deleted: 3>, 'E:\\Next JS\\researchbot\\backend\\logs\\research_assistant_20250904_224325.log'), (<Change.added: 1>, 'E:\\Next JS\\researchbot\\backend\\logs\\research_assistant_20250904_204158.log'), (<Change.deleted: 3>, 'E:\\Next JS\\researchbot\\backend\\papers\\computer_science\\deeplearning\\2202.01197v4_VOS__Learning_What_You_Don_t_Know_by_Virtual_Outlier_Synthesis.pdf'), (<Change.added: 1>, 'E:\\Next JS\\researchbot\\backend\\bot.py'), (<Change.deleted: 3>, 'E:\\Next JS\\researchbot\\backend\\logs\\research_assistant_20250904_232101.log'), (<Change.added: 1>, 'E:\\Next JS\\researchbot\\backend\\logs\\research_assistant_20250904_205004.log'), (<Change.deleted: 3>, 'E:\\Next JS\\researchbot\\backend\\__pycache__\\bot.cpython-313.pyc'), (<Change.deleted: 3>, 'E:\\Next JS\\researchbot\\backend\\logs\\research_assistant_20250904_204158.log'), (<Change.deleted: 3>, 'E:\\Next JS\\researchbot\\backend\\logs\\research_assistant_20250904_231204.log'), (<Change.deleted: 3>, 'E:\\Next JS\\researchbot\\backend\\bot.py'), (<Change.deleted: 3>, 'E:\\Next JS\\researchbot\\backend\\logs\\research_assistant_20250904_205004.log'), (<Change.added: 1>, 'E:\\Next JS\\researchbot\\backend\\main.py')}
2025-09-06 18:21:14,672 - DEBUG - 2 changes detected: {(<Change.modified: 2>, 'E:\\Next JS\\researchbot\\backend\\logs\\research_assistant_20250906_181505.log'), (<Change.modified: 2>, 'E:\\Next JS\\researchbot\\backend\\logs\\research_assistant_20250906_181437.log')}
2025-09-06 18:21:16,752 - DEBUG - 2 changes detected: {(<Change.modified: 2>, 'E:\\Next JS\\researchbot\\backend\\__pycache__'), (<Change.modified: 2>, 'E:\\Next JS\\researchbot\\backend\\logs')}
2025-09-06 18:21:20,496 - DEBUG - 5 changes detected: {(<Change.added: 1>, 'E:\\Next JS\\researchbot\\backend\\__pycache__\\bot.cpython-313.pyc'), (<Change.modified: 2>, 'E:\\Next JS\\researchbot\\backend\\__pycache__'), (<Change.deleted: 3>, 'E:\\Next JS\\researchbot\\backend\\__pycache__\\bot.cpython-313.pyc.2356091651552'), (<Change.deleted: 3>, 'E:\\Next JS\\researchbot\\backend\\__pycache__\\bot.cpython-313.pyc'), (<Change.added: 1>, 'E:\\Next JS\\researchbot\\backend\\__pycache__\\bot.cpython-313.pyc.2356091651552')}
2025-09-06 18:21:26,659 - DEBUG - 1 change detected: {(<Change.added: 1>, 'E:\\Next JS\\researchbot\\backend\\logs\\research_assistant_20250906_182126.log')}
2025-09-06 18:21:27,023 - DEBUG - 7 changes detected: {(<Change.modified: 2>, 'E:\\Next JS\\researchbot\\backend\\logs\\research_assistant_20250906_182126.log'), (<Change.added: 1>, 'E:\\Next JS\\researchbot\\backend\\__pycache__\\main.cpython-313.pyc'), (<Change.modified: 2>, 'E:\\Next JS\\researchbot\\backend\\__pycache__'), (<Change.modified: 2>, 'E:\\Next JS\\researchbot\\backend\\logs'), (<Change.deleted: 3>, 'E:\\Next JS\\researchbot\\backend\\__pycache__\\main.cpython-313.pyc.2356140599408'), (<Change.deleted: 3>, 'E:\\Next JS\\researchbot\\backend\\__pycache__\\main.cpython-313.pyc'), (<Change.added: 1>, 'E:\\Next JS\\researchbot\\backend\\__pycache__\\main.cpython-313.pyc.2356140599408')}
2025-09-06 18:23:27,947 - DEBUG - 1 change detected: {(<Change.modified: 2>, 'E:\\Next JS\\researchbot\\backend\\logs\\research_assistant_20250906_181437.log')}
2025-09-06 18:23:28,443 - DEBUG - 1 change detected: {(<Change.modified: 2>, 'E:\\Next JS\\researchbot\\backend\\logs\\research_assistant_20250906_181437.log')}
2025-09-06 18:23:28,845 - DEBUG - 1 change detected: {(<Change.modified: 2>, 'E:\\Next JS\\researchbot\\backend\\logs\\research_assistant_20250906_181437.log')}
2025-09-06 18:23:29,260 - DEBUG - 1 change detected: {(<Change.modified: 2>, 'E:\\Next JS\\researchbot\\backend\\logs\\research_assistant_20250906_181437.log')}
2025-09-06 18:23:29,618 - DEBUG - 1 change detected: {(<Change.modified: 2>, 'E:\\Next JS\\researchbot\\backend\\logs\\research_assistant_20250906_181437.log')}
2025-09-06 18:23:30,134 - DEBUG - 1 change detected: {(<Change.modified: 2>, 'E:\\Next JS\\researchbot\\backend\\logs\\research_assistant_20250906_181437.log')}
2025-09-06 18:23:30,560 - DEBUG - 1 change detected: {(<Change.modified: 2>, 'E:\\Next JS\\researchbot\\backend\\logs\\research_assistant_20250906_181437.log')}
2025-09-06 18:23:30,974 - DEBUG - 1 change detected: {(<Change.modified: 2>, 'E:\\Next JS\\researchbot\\backend\\logs\\research_assistant_20250906_181437.log')}
2025-09-06 18:23:31,391 - DEBUG - 1 change detected: {(<Change.modified: 2>, 'E:\\Next JS\\researchbot\\backend\\logs\\research_assistant_20250906_181437.log')}
2025-09-06 18:23:31,859 - DEBUG - 1 change detected: {(<Change.modified: 2>, 'E:\\Next JS\\researchbot\\backend\\logs\\research_assistant_20250906_181437.log')}
2025-09-06 18:23:32,566 - DEBUG - 1 change detected: {(<Change.modified: 2>, 'E:\\Next JS\\researchbot\\backend\\logs\\research_assistant_20250906_181437.log')}
2025-09-06 18:23:33,059 - DEBUG - 1 change detected: {(<Change.modified: 2>, 'E:\\Next JS\\researchbot\\backend\\logs\\research_assistant_20250906_181437.log')}
2025-09-06 18:23:33,490 - DEBUG - 1 change detected: {(<Change.modified: 2>, 'E:\\Next JS\\researchbot\\backend\\logs\\research_assistant_20250906_181437.log')}
2025-09-06 18:23:33,909 - DEBUG - 1 change detected: {(<Change.modified: 2>, 'E:\\Next JS\\researchbot\\backend\\logs\\research_assistant_20250906_181437.log')}
2025-09-06 18:23:34,565 - DEBUG - 1 change detected: {(<Change.modified: 2>, 'E:\\Next JS\\researchbot\\backend\\logs\\research_assistant_20250906_181437.log')}
2025-09-06 18:23:34,943 - DEBUG - 1 change detected: {(<Change.modified: 2>, 'E:\\Next JS\\researchbot\\backend\\logs\\research_assistant_20250906_181437.log')}
2025-09-06 18:23:35,364 - DEBUG - 1 change detected: {(<Change.modified: 2>, 'E:\\Next JS\\researchbot\\backend\\logs\\research_assistant_20250906_181437.log')}
2025-09-06 18:23:35,885 - DEBUG - 1 change detected: {(<Change.modified: 2>, 'E:\\Next JS\\researchbot\\backend\\logs\\research_assistant_20250906_181437.log')}
2025-09-06 18:23:36,337 - DEBUG - 1 change detected: {(<Change.modified: 2>, 'E:\\Next JS\\researchbot\\backend\\logs\\research_assistant_20250906_181437.log')}
2025-09-06 18:23:36,747 - DEBUG - 1 change detected: {(<Change.modified: 2>, 'E:\\Next JS\\researchbot\\backend\\logs\\research_assistant_20250906_181437.log')}
2025-09-06 18:23:37,209 - DEBUG - 1 change detected: {(<Change.modified: 2>, 'E:\\Next JS\\researchbot\\backend\\logs\\research_assistant_20250906_181437.log')}
2025-09-06 18:23:38,075 - DEBUG - 1 change detected: {(<Change.modified: 2>, 'E:\\Next JS\\researchbot\\backend\\logs\\research_assistant_20250906_181437.log')}
2025-09-06 18:23:38,448 - DEBUG - 1 change detected: {(<Change.modified: 2>, 'E:\\Next JS\\researchbot\\backend\\logs\\research_assistant_20250906_181437.log')}
2025-09-06 18:23:38,800 - DEBUG - 1 change detected: {(<Change.modified: 2>, 'E:\\Next JS\\researchbot\\backend\\logs\\research_assistant_20250906_181437.log')}
2025-09-06 18:23:39,229 - DEBUG - 1 change detected: {(<Change.modified: 2>, 'E:\\Next JS\\researchbot\\backend\\logs\\research_assistant_20250906_181437.log')}
2025-09-06 18:23:39,970 - DEBUG - 1 change detected: {(<Change.modified: 2>, 'E:\\Next JS\\researchbot\\backend\\logs\\research_assistant_20250906_181437.log')}
2025-09-06 18:23:40,397 - DEBUG - 1 change detected: {(<Change.modified: 2>, 'E:\\Next JS\\researchbot\\backend\\logs\\research_assistant_20250906_181437.log')}
2025-09-06 18:23:40,846 - DEBUG - 1 change detected: {(<Change.modified: 2>, 'E:\\Next JS\\researchbot\\backend\\logs\\research_assistant_20250906_181437.log')}
2025-09-06 18:23:41,261 - DEBUG - 1 change detected: {(<Change.modified: 2>, 'E:\\Next JS\\researchbot\\backend\\logs\\research_assistant_20250906_181437.log')}
2025-09-06 18:23:41,786 - DEBUG - 1 change detected: {(<Change.modified: 2>, 'E:\\Next JS\\researchbot\\backend\\logs\\research_assistant_20250906_181437.log')}
2025-09-06 18:23:42,200 - DEBUG - 1 change detected: {(<Change.modified: 2>, 'E:\\Next JS\\researchbot\\backend\\logs\\research_assistant_20250906_181437.log')}
2025-09-06 18:23:42,622 - DEBUG - 1 change detected: {(<Change.modified: 2>, 'E:\\Next JS\\researchbot\\backend\\logs\\research_assistant_20250906_181437.log')}
2025-09-06 18:23:43,067 - DEBUG - 1 change detected: {(<Change.modified: 2>, 'E:\\Next JS\\researchbot\\backend\\logs\\research_assistant_20250906_181437.log')}
2025-09-06 18:23:43,488 - DEBUG - 1 change detected: {(<Change.modified: 2>, 'E:\\Next JS\\researchbot\\backend\\logs\\research_assistant_20250906_181437.log')}
2025-09-06 18:23:43,915 - DEBUG - 1 change detected: {(<Change.modified: 2>, 'E:\\Next JS\\researchbot\\backend\\logs\\research_assistant_20250906_181437.log')}
2025-09-06 18:23:44,291 - DEBUG - 1 change detected: {(<Change.modified: 2>, 'E:\\Next JS\\researchbot\\backend\\logs\\research_assistant_20250906_181437.log')}
2025-09-06 18:23:44,800 - DEBUG - 1 change detected: {(<Change.modified: 2>, 'E:\\Next JS\\researchbot\\backend\\logs\\research_assistant_20250906_181437.log')}
2025-09-06 18:23:45,292 - DEBUG - 1 change detected: {(<Change.modified: 2>, 'E:\\Next JS\\researchbot\\backend\\logs\\research_assistant_20250906_181437.log')}
2025-09-06 18:23:45,825 - DEBUG - 1 change detected: {(<Change.modified: 2>, 'E:\\Next JS\\researchbot\\backend\\logs\\research_assistant_20250906_181437.log')}
2025-09-06 18:23:46,238 - DEBUG - 1 change detected: {(<Change.modified: 2>, 'E:\\Next JS\\researchbot\\backend\\logs\\research_assistant_20250906_181437.log')}
2025-09-06 18:23:46,622 - DEBUG - 1 change detected: {(<Change.modified: 2>, 'E:\\Next JS\\researchbot\\backend\\logs\\research_assistant_20250906_181437.log')}
2025-09-06 18:23:47,136 - DEBUG - 1 change detected: {(<Change.modified: 2>, 'E:\\Next JS\\researchbot\\backend\\logs\\research_assistant_20250906_181437.log')}
2025-09-06 18:23:47,716 - DEBUG - 1 change detected: {(<Change.modified: 2>, 'E:\\Next JS\\researchbot\\backend\\logs\\research_assistant_20250906_181437.log')}
2025-09-06 18:23:48,238 - DEBUG - 1 change detected: {(<Change.modified: 2>, 'E:\\Next JS\\researchbot\\backend\\logs\\research_assistant_20250906_181437.log')}
2025-09-06 18:23:48,872 - DEBUG - 1 change detected: {(<Change.modified: 2>, 'E:\\Next JS\\researchbot\\backend\\logs\\research_assistant_20250906_181437.log')}
2025-09-06 18:23:49,276 - DEBUG - 1 change detected: {(<Change.modified: 2>, 'E:\\Next JS\\researchbot\\backend\\logs\\research_assistant_20250906_181437.log')}
2025-09-06 18:23:49,646 - DEBUG - 1 change detected: {(<Change.modified: 2>, 'E:\\Next JS\\researchbot\\backend\\logs\\research_assistant_20250906_181437.log')}
2025-09-06 18:23:50,003 - DEBUG - 1 change detected: {(<Change.modified: 2>, 'E:\\Next JS\\researchbot\\backend\\logs\\research_assistant_20250906_181437.log')}
2025-09-06 18:23:50,356 - DEBUG - 1 change detected: {(<Change.modified: 2>, 'E:\\Next JS\\researchbot\\backend\\logs\\research_assistant_20250906_181437.log')}
2025-09-06 18:23:50,724 - DEBUG - 1 change detected: {(<Change.modified: 2>, 'E:\\Next JS\\researchbot\\backend\\logs\\research_assistant_20250906_181437.log')}
2025-09-06 18:23:51,121 - DEBUG - 1 change detected: {(<Change.modified: 2>, 'E:\\Next JS\\researchbot\\backend\\logs\\research_assistant_20250906_181437.log')}
2025-09-06 18:23:51,487 - DEBUG - 1 change detected: {(<Change.modified: 2>, 'E:\\Next JS\\researchbot\\backend\\logs\\research_assistant_20250906_181437.log')}
2025-09-06 18:23:51,863 - DEBUG - 1 change detected: {(<Change.modified: 2>, 'E:\\Next JS\\researchbot\\backend\\logs\\research_assistant_20250906_181437.log')}
2025-09-06 18:23:52,332 - DEBUG - 1 change detected: {(<Change.modified: 2>, 'E:\\Next JS\\researchbot\\backend\\logs\\research_assistant_20250906_181437.log')}
2025-09-06 18:23:52,825 - DEBUG - 1 change detected: {(<Change.modified: 2>, 'E:\\Next JS\\researchbot\\backend\\logs\\research_assistant_20250906_181437.log')}
2025-09-06 18:23:53,188 - DEBUG - 1 change detected: {(<Change.modified: 2>, 'E:\\Next JS\\researchbot\\backend\\logs\\research_assistant_20250906_181437.log')}
2025-09-06 18:23:53,603 - DEBUG - 1 change detected: {(<Change.modified: 2>, 'E:\\Next JS\\researchbot\\backend\\logs\\research_assistant_20250906_181437.log')}
2025-09-06 18:23:54,019 - DEBUG - 1 change detected: {(<Change.modified: 2>, 'E:\\Next JS\\researchbot\\backend\\logs\\research_assistant_20250906_181437.log')}
2025-09-06 18:23:54,460 - DEBUG - 1 change detected: {(<Change.modified: 2>, 'E:\\Next JS\\researchbot\\backend\\logs\\research_assistant_20250906_181437.log')}
2025-09-06 18:23:55,240 - DEBUG - 1 change detected: {(<Change.modified: 2>, 'E:\\Next JS\\researchbot\\backend\\logs\\research_assistant_20250906_181437.log')}
2025-09-06 18:23:55,642 - DEBUG - 1 change detected: {(<Change.modified: 2>, 'E:\\Next JS\\researchbot\\backend\\logs\\research_assistant_20250906_181437.log')}
2025-09-06 18:23:56,043 - DEBUG - 1 change detected: {(<Change.modified: 2>, 'E:\\Next JS\\researchbot\\backend\\logs\\research_assistant_20250906_181437.log')}
2025-09-06 18:23:56,458 - DEBUG - 1 change detected: {(<Change.modified: 2>, 'E:\\Next JS\\researchbot\\backend\\logs\\research_assistant_20250906_181437.log')}
2025-09-06 18:23:56,876 - DEBUG - 1 change detected: {(<Change.modified: 2>, 'E:\\Next JS\\researchbot\\backend\\logs\\research_assistant_20250906_181437.log')}
2025-09-06 18:23:57,288 - DEBUG - 1 change detected: {(<Change.modified: 2>, 'E:\\Next JS\\researchbot\\backend\\logs\\research_assistant_20250906_181437.log')}
2025-09-06 18:23:57,641 - DEBUG - 1 change detected: {(<Change.modified: 2>, 'E:\\Next JS\\researchbot\\backend\\logs\\research_assistant_20250906_181437.log')}
2025-09-06 18:23:58,055 - DEBUG - 1 change detected: {(<Change.modified: 2>, 'E:\\Next JS\\researchbot\\backend\\logs\\research_assistant_20250906_181437.log')}
2025-09-06 18:23:58,518 - DEBUG - 1 change detected: {(<Change.modified: 2>, 'E:\\Next JS\\researchbot\\backend\\logs\\research_assistant_20250906_181437.log')}
2025-09-06 18:23:58,956 - DEBUG - 1 change detected: {(<Change.modified: 2>, 'E:\\Next JS\\researchbot\\backend\\logs\\research_assistant_20250906_181437.log')}
2025-09-06 18:23:59,310 - DEBUG - 1 change detected: {(<Change.modified: 2>, 'E:\\Next JS\\researchbot\\backend\\logs\\research_assistant_20250906_181437.log')}
2025-09-06 18:23:59,728 - DEBUG - 1 change detected: {(<Change.modified: 2>, 'E:\\Next JS\\researchbot\\backend\\logs\\research_assistant_20250906_181437.log')}
2025-09-06 18:24:00,151 - DEBUG - 1 change detected: {(<Change.modified: 2>, 'E:\\Next JS\\researchbot\\backend\\logs\\research_assistant_20250906_181437.log')}
2025-09-06 18:24:00,564 - DEBUG - 1 change detected: {(<Change.modified: 2>, 'E:\\Next JS\\researchbot\\backend\\logs\\research_assistant_20250906_181437.log')}
2025-09-06 18:24:00,999 - DEBUG - 1 change detected: {(<Change.modified: 2>, 'E:\\Next JS\\researchbot\\backend\\logs\\research_assistant_20250906_181437.log')}
2025-09-06 18:24:01,429 - DEBUG - 1 change detected: {(<Change.modified: 2>, 'E:\\Next JS\\researchbot\\backend\\logs\\research_assistant_20250906_181437.log')}
2025-09-06 18:24:01,832 - DEBUG - 1 change detected: {(<Change.modified: 2>, 'E:\\Next JS\\researchbot\\backend\\logs\\research_assistant_20250906_181437.log')}
2025-09-06 18:24:02,244 - DEBUG - 1 change detected: {(<Change.modified: 2>, 'E:\\Next JS\\researchbot\\backend\\logs\\research_assistant_20250906_181437.log')}
2025-09-06 18:24:02,658 - DEBUG - 1 change detected: {(<Change.modified: 2>, 'E:\\Next JS\\researchbot\\backend\\logs\\research_assistant_20250906_181437.log')}
2025-09-06 18:24:03,064 - DEBUG - 1 change detected: {(<Change.modified: 2>, 'E:\\Next JS\\researchbot\\backend\\logs\\research_assistant_20250906_181437.log')}
2025-09-06 18:24:03,485 - DEBUG - 1 change detected: {(<Change.modified: 2>, 'E:\\Next JS\\researchbot\\backend\\logs\\research_assistant_20250906_181437.log')}
2025-09-06 18:24:03,866 - DEBUG - 1 change detected: {(<Change.modified: 2>, 'E:\\Next JS\\researchbot\\backend\\logs\\research_assistant_20250906_181437.log')}
2025-09-06 18:24:04,276 - DEBUG - 1 change detected: {(<Change.modified: 2>, 'E:\\Next JS\\researchbot\\backend\\logs\\research_assistant_20250906_181437.log')}
2025-09-06 18:24:04,732 - DEBUG - 1 change detected: {(<Change.modified: 2>, 'E:\\Next JS\\researchbot\\backend\\logs\\research_assistant_20250906_181437.log')}
2025-09-06 18:24:05,145 - DEBUG - 1 change detected: {(<Change.modified: 2>, 'E:\\Next JS\\researchbot\\backend\\logs\\research_assistant_20250906_181437.log')}
2025-09-06 18:24:05,565 - DEBUG - 1 change detected: {(<Change.modified: 2>, 'E:\\Next JS\\researchbot\\backend\\logs\\research_assistant_20250906_181437.log')}
2025-09-06 18:24:05,975 - DEBUG - 1 change detected: {(<Change.modified: 2>, 'E:\\Next JS\\researchbot\\backend\\logs\\research_assistant_20250906_181437.log')}
2025-09-06 18:24:06,385 - DEBUG - 1 change detected: {(<Change.modified: 2>, 'E:\\Next JS\\researchbot\\backend\\logs\\research_assistant_20250906_181437.log')}
2025-09-06 18:24:06,801 - DEBUG - 1 change detected: {(<Change.modified: 2>, 'E:\\Next JS\\researchbot\\backend\\logs\\research_assistant_20250906_181437.log')}
2025-09-06 18:24:07,239 - DEBUG - 1 change detected: {(<Change.modified: 2>, 'E:\\Next JS\\researchbot\\backend\\logs\\research_assistant_20250906_181437.log')}
2025-09-06 18:24:07,677 - DEBUG - 1 change detected: {(<Change.modified: 2>, 'E:\\Next JS\\researchbot\\backend\\logs\\research_assistant_20250906_181437.log')}
2025-09-06 18:24:08,093 - DEBUG - 1 change detected: {(<Change.modified: 2>, 'E:\\Next JS\\researchbot\\backend\\logs\\research_assistant_20250906_181437.log')}
2025-09-06 18:24:08,501 - DEBUG - 1 change detected: {(<Change.modified: 2>, 'E:\\Next JS\\researchbot\\backend\\logs\\research_assistant_20250906_181437.log')}
2025-09-06 18:24:08,924 - DEBUG - 1 change detected: {(<Change.modified: 2>, 'E:\\Next JS\\researchbot\\backend\\logs\\research_assistant_20250906_181437.log')}
2025-09-06 18:24:09,333 - DEBUG - 1 change detected: {(<Change.modified: 2>, 'E:\\Next JS\\researchbot\\backend\\logs\\research_assistant_20250906_181437.log')}
2025-09-06 18:24:09,792 - DEBUG - 1 change detected: {(<Change.modified: 2>, 'E:\\Next JS\\researchbot\\backend\\logs\\research_assistant_20250906_181437.log')}
2025-09-06 18:24:10,256 - DEBUG - 1 change detected: {(<Change.modified: 2>, 'E:\\Next JS\\researchbot\\backend\\logs\\research_assistant_20250906_181437.log')}
2025-09-06 18:24:10,622 - DEBUG - 1 change detected: {(<Change.modified: 2>, 'E:\\Next JS\\researchbot\\backend\\logs\\research_assistant_20250906_181437.log')}
2025-09-06 18:24:11,030 - DEBUG - 1 change detected: {(<Change.modified: 2>, 'E:\\Next JS\\researchbot\\backend\\logs\\research_assistant_20250906_181437.log')}
2025-09-06 18:24:11,450 - DEBUG - 1 change detected: {(<Change.modified: 2>, 'E:\\Next JS\\researchbot\\backend\\logs\\research_assistant_20250906_181437.log')}
2025-09-06 18:24:11,921 - DEBUG - 1 change detected: {(<Change.modified: 2>, 'E:\\Next JS\\researchbot\\backend\\logs\\research_assistant_20250906_181437.log')}
2025-09-06 18:24:12,329 - DEBUG - 1 change detected: {(<Change.modified: 2>, 'E:\\Next JS\\researchbot\\backend\\logs\\research_assistant_20250906_181437.log')}
2025-09-06 18:24:12,743 - DEBUG - 1 change detected: {(<Change.modified: 2>, 'E:\\Next JS\\researchbot\\backend\\logs\\research_assistant_20250906_181437.log')}
2025-09-06 18:24:13,160 - DEBUG - 1 change detected: {(<Change.modified: 2>, 'E:\\Next JS\\researchbot\\backend\\logs\\research_assistant_20250906_181437.log')}
2025-09-06 18:24:13,536 - DEBUG - 1 change detected: {(<Change.modified: 2>, 'E:\\Next JS\\researchbot\\backend\\logs\\research_assistant_20250906_181437.log')}
2025-09-06 18:24:13,951 - DEBUG - 1 change detected: {(<Change.modified: 2>, 'E:\\Next JS\\researchbot\\backend\\logs\\research_assistant_20250906_181437.log')}
2025-09-06 18:24:14,364 - DEBUG - 1 change detected: {(<Change.modified: 2>, 'E:\\Next JS\\researchbot\\backend\\logs\\research_assistant_20250906_181437.log')}
2025-09-06 18:24:14,775 - DEBUG - 1 change detected: {(<Change.modified: 2>, 'E:\\Next JS\\researchbot\\backend\\logs\\research_assistant_20250906_181437.log')}
2025-09-06 18:24:15,182 - DEBUG - 1 change detected: {(<Change.modified: 2>, 'E:\\Next JS\\researchbot\\backend\\logs\\research_assistant_20250906_181437.log')}
2025-09-06 18:24:15,602 - DEBUG - 1 change detected: {(<Change.modified: 2>, 'E:\\Next JS\\researchbot\\backend\\logs\\research_assistant_20250906_181437.log')}
2025-09-06 18:24:15,958 - DEBUG - 1 change detected: {(<Change.modified: 2>, 'E:\\Next JS\\researchbot\\backend\\logs\\research_assistant_20250906_181437.log')}
2025-09-06 18:24:16,330 - DEBUG - 1 change detected: {(<Change.modified: 2>, 'E:\\Next JS\\researchbot\\backend\\logs\\research_assistant_20250906_181437.log')}
2025-09-06 18:24:16,689 - DEBUG - 1 change detected: {(<Change.modified: 2>, 'E:\\Next JS\\researchbot\\backend\\logs\\research_assistant_20250906_181437.log')}
2025-09-06 18:24:17,099 - DEBUG - 1 change detected: {(<Change.modified: 2>, 'E:\\Next JS\\researchbot\\backend\\logs\\research_assistant_20250906_181437.log')}
2025-09-06 18:24:17,622 - DEBUG - 1 change detected: {(<Change.modified: 2>, 'E:\\Next JS\\researchbot\\backend\\logs\\research_assistant_20250906_181437.log')}
2025-09-06 18:24:18,053 - DEBUG - 1 change detected: {(<Change.modified: 2>, 'E:\\Next JS\\researchbot\\backend\\logs\\research_assistant_20250906_181437.log')}
2025-09-06 18:24:18,480 - DEBUG - 1 change detected: {(<Change.modified: 2>, 'E:\\Next JS\\researchbot\\backend\\logs\\research_assistant_20250906_181437.log')}
2025-09-06 18:24:18,843 - DEBUG - 1 change detected: {(<Change.modified: 2>, 'E:\\Next JS\\researchbot\\backend\\logs\\research_assistant_20250906_181437.log')}
2025-09-06 18:24:19,262 - DEBUG - 1 change detected: {(<Change.modified: 2>, 'E:\\Next JS\\researchbot\\backend\\logs\\research_assistant_20250906_181437.log')}
2025-09-06 18:24:19,726 - DEBUG - 1 change detected: {(<Change.modified: 2>, 'E:\\Next JS\\researchbot\\backend\\logs\\research_assistant_20250906_181437.log')}
2025-09-06 18:24:20,110 - DEBUG - 1 change detected: {(<Change.modified: 2>, 'E:\\Next JS\\researchbot\\backend\\logs\\research_assistant_20250906_181437.log')}
2025-09-06 18:24:20,523 - DEBUG - 1 change detected: {(<Change.modified: 2>, 'E:\\Next JS\\researchbot\\backend\\logs\\research_assistant_20250906_181437.log')}
2025-09-06 18:24:20,945 - DEBUG - 1 change detected: {(<Change.modified: 2>, 'E:\\Next JS\\researchbot\\backend\\logs\\research_assistant_20250906_181437.log')}
2025-09-06 18:24:21,354 - DEBUG - 1 change detected: {(<Change.modified: 2>, 'E:\\Next JS\\researchbot\\backend\\logs\\research_assistant_20250906_181437.log')}
2025-09-06 18:24:21,772 - DEBUG - 1 change detected: {(<Change.modified: 2>, 'E:\\Next JS\\researchbot\\backend\\logs\\research_assistant_20250906_181437.log')}
2025-09-06 18:24:22,185 - DEBUG - 1 change detected: {(<Change.modified: 2>, 'E:\\Next JS\\researchbot\\backend\\logs\\research_assistant_20250906_181437.log')}
2025-09-06 18:24:22,600 - DEBUG - 1 change detected: {(<Change.modified: 2>, 'E:\\Next JS\\researchbot\\backend\\logs\\research_assistant_20250906_181437.log')}
2025-09-06 18:24:23,005 - DEBUG - 1 change detected: {(<Change.modified: 2>, 'E:\\Next JS\\researchbot\\backend\\logs\\research_assistant_20250906_181437.log')}
2025-09-06 18:24:23,415 - DEBUG - 1 change detected: {(<Change.modified: 2>, 'E:\\Next JS\\researchbot\\backend\\logs\\research_assistant_20250906_181437.log')}
2025-09-06 18:24:23,829 - DEBUG - 1 change detected: {(<Change.modified: 2>, 'E:\\Next JS\\researchbot\\backend\\logs\\research_assistant_20250906_181437.log')}
2025-09-06 18:24:24,235 - DEBUG - 1 change detected: {(<Change.modified: 2>, 'E:\\Next JS\\researchbot\\backend\\logs\\research_assistant_20250906_181437.log')}
2025-09-06 18:24:24,658 - DEBUG - 1 change detected: {(<Change.modified: 2>, 'E:\\Next JS\\researchbot\\backend\\logs\\research_assistant_20250906_181437.log')}
2025-09-06 18:24:25,012 - DEBUG - 1 change detected: {(<Change.modified: 2>, 'E:\\Next JS\\researchbot\\backend\\logs\\research_assistant_20250906_181437.log')}
2025-09-06 18:24:25,418 - DEBUG - 1 change detected: {(<Change.modified: 2>, 'E:\\Next JS\\researchbot\\backend\\logs\\research_assistant_20250906_181437.log')}
2025-09-06 18:24:25,835 - DEBUG - 1 change detected: {(<Change.modified: 2>, 'E:\\Next JS\\researchbot\\backend\\logs\\research_assistant_20250906_181437.log')}
2025-09-06 18:24:26,348 - DEBUG - 1 change detected: {(<Change.modified: 2>, 'E:\\Next JS\\researchbot\\backend\\logs\\research_assistant_20250906_181437.log')}
2025-09-06 18:24:26,967 - DEBUG - 1 change detected: {(<Change.modified: 2>, 'E:\\Next JS\\researchbot\\backend\\logs\\research_assistant_20250906_181437.log')}
2025-09-06 18:24:27,334 - DEBUG - 1 change detected: {(<Change.modified: 2>, 'E:\\Next JS\\researchbot\\backend\\logs\\research_assistant_20250906_181437.log')}
2025-09-06 18:24:27,747 - DEBUG - 1 change detected: {(<Change.modified: 2>, 'E:\\Next JS\\researchbot\\backend\\logs\\research_assistant_20250906_181437.log')}
2025-09-06 18:24:28,149 - DEBUG - 1 change detected: {(<Change.modified: 2>, 'E:\\Next JS\\researchbot\\backend\\logs\\research_assistant_20250906_181437.log')}
2025-09-06 18:24:28,559 - DEBUG - 1 change detected: {(<Change.modified: 2>, 'E:\\Next JS\\researchbot\\backend\\logs\\research_assistant_20250906_181437.log')}
2025-09-06 18:24:28,972 - DEBUG - 1 change detected: {(<Change.modified: 2>, 'E:\\Next JS\\researchbot\\backend\\logs\\research_assistant_20250906_181437.log')}
2025-09-06 18:24:29,390 - DEBUG - 1 change detected: {(<Change.modified: 2>, 'E:\\Next JS\\researchbot\\backend\\logs\\research_assistant_20250906_181437.log')}
2025-09-06 18:24:29,806 - DEBUG - 1 change detected: {(<Change.modified: 2>, 'E:\\Next JS\\researchbot\\backend\\logs\\research_assistant_20250906_181437.log')}
2025-09-06 18:24:30,228 - DEBUG - 1 change detected: {(<Change.modified: 2>, 'E:\\Next JS\\researchbot\\backend\\logs\\research_assistant_20250906_181437.log')}
2025-09-06 18:24:30,629 - DEBUG - 1 change detected: {(<Change.modified: 2>, 'E:\\Next JS\\researchbot\\backend\\logs\\research_assistant_20250906_181437.log')}
2025-09-06 18:24:31,037 - DEBUG - 1 change detected: {(<Change.modified: 2>, 'E:\\Next JS\\researchbot\\backend\\logs\\research_assistant_20250906_181437.log')}
2025-09-06 18:24:31,454 - DEBUG - 1 change detected: {(<Change.modified: 2>, 'E:\\Next JS\\researchbot\\backend\\logs\\research_assistant_20250906_181437.log')}
2025-09-06 18:24:32,026 - DEBUG - 1 change detected: {(<Change.modified: 2>, 'E:\\Next JS\\researchbot\\backend\\logs\\research_assistant_20250906_181437.log')}
2025-09-06 18:24:32,436 - DEBUG - 1 change detected: {(<Change.modified: 2>, 'E:\\Next JS\\researchbot\\backend\\logs\\research_assistant_20250906_181437.log')}
2025-09-06 18:24:32,859 - DEBUG - 1 change detected: {(<Change.modified: 2>, 'E:\\Next JS\\researchbot\\backend\\logs\\research_assistant_20250906_181437.log')}
2025-09-06 18:24:33,293 - DEBUG - 1 change detected: {(<Change.modified: 2>, 'E:\\Next JS\\researchbot\\backend\\logs\\research_assistant_20250906_181437.log')}
2025-09-06 18:24:33,779 - DEBUG - 1 change detected: {(<Change.modified: 2>, 'E:\\Next JS\\researchbot\\backend\\logs\\research_assistant_20250906_181437.log')}
2025-09-06 18:24:34,207 - DEBUG - 1 change detected: {(<Change.modified: 2>, 'E:\\Next JS\\researchbot\\backend\\logs\\research_assistant_20250906_181437.log')}
2025-09-06 18:24:34,655 - DEBUG - 1 change detected: {(<Change.modified: 2>, 'E:\\Next JS\\researchbot\\backend\\logs\\research_assistant_20250906_181437.log')}
2025-09-06 18:24:35,870 - DEBUG - 1 change detected: {(<Change.modified: 2>, 'E:\\Next JS\\researchbot\\backend\\logs\\research_assistant_20250906_181437.log')}
2025-09-06 18:24:36,303 - DEBUG - 1 change detected: {(<Change.modified: 2>, 'E:\\Next JS\\researchbot\\backend\\logs\\research_assistant_20250906_181437.log')}
2025-09-06 18:24:36,676 - DEBUG - 1 change detected: {(<Change.modified: 2>, 'E:\\Next JS\\researchbot\\backend\\logs\\research_assistant_20250906_181437.log')}
2025-09-06 18:24:37,092 - DEBUG - 1 change detected: {(<Change.modified: 2>, 'E:\\Next JS\\researchbot\\backend\\logs\\research_assistant_20250906_181437.log')}
2025-09-06 18:24:37,499 - DEBUG - 1 change detected: {(<Change.modified: 2>, 'E:\\Next JS\\researchbot\\backend\\logs\\research_assistant_20250906_181437.log')}
2025-09-06 18:24:38,129 - DEBUG - 1 change detected: {(<Change.modified: 2>, 'E:\\Next JS\\researchbot\\backend\\logs\\research_assistant_20250906_181437.log')}
2025-09-06 18:24:38,501 - DEBUG - 1 change detected: {(<Change.modified: 2>, 'E:\\Next JS\\researchbot\\backend\\logs\\research_assistant_20250906_181437.log')}
2025-09-06 18:24:38,852 - DEBUG - 1 change detected: {(<Change.modified: 2>, 'E:\\Next JS\\researchbot\\backend\\logs\\research_assistant_20250906_181437.log')}
2025-09-06 18:24:39,282 - DEBUG - 1 change detected: {(<Change.modified: 2>, 'E:\\Next JS\\researchbot\\backend\\logs\\research_assistant_20250906_181437.log')}
2025-09-06 18:24:39,668 - DEBUG - 1 change detected: {(<Change.modified: 2>, 'E:\\Next JS\\researchbot\\backend\\logs\\research_assistant_20250906_181437.log')}
2025-09-06 18:24:40,074 - DEBUG - 1 change detected: {(<Change.modified: 2>, 'E:\\Next JS\\researchbot\\backend\\logs\\research_assistant_20250906_181437.log')}
2025-09-06 18:24:40,544 - DEBUG - 1 change detected: {(<Change.modified: 2>, 'E:\\Next JS\\researchbot\\backend\\logs\\research_assistant_20250906_181437.log')}
2025-09-06 18:24:40,906 - DEBUG - 1 change detected: {(<Change.modified: 2>, 'E:\\Next JS\\researchbot\\backend\\logs\\research_assistant_20250906_181437.log')}
2025-09-06 18:24:41,368 - DEBUG - 1 change detected: {(<Change.modified: 2>, 'E:\\Next JS\\researchbot\\backend\\logs\\research_assistant_20250906_181437.log')}
2025-09-06 18:24:41,740 - DEBUG - 1 change detected: {(<Change.modified: 2>, 'E:\\Next JS\\researchbot\\backend\\logs\\research_assistant_20250906_181437.log')}
2025-09-06 18:24:42,198 - DEBUG - 1 change detected: {(<Change.modified: 2>, 'E:\\Next JS\\researchbot\\backend\\logs\\research_assistant_20250906_181437.log')}
2025-09-06 18:24:42,603 - DEBUG - 1 change detected: {(<Change.modified: 2>, 'E:\\Next JS\\researchbot\\backend\\logs\\research_assistant_20250906_181437.log')}
2025-09-06 18:24:43,022 - DEBUG - 1 change detected: {(<Change.modified: 2>, 'E:\\Next JS\\researchbot\\backend\\logs\\research_assistant_20250906_181437.log')}
2025-09-06 18:24:43,443 - DEBUG - 1 change detected: {(<Change.modified: 2>, 'E:\\Next JS\\researchbot\\backend\\logs\\research_assistant_20250906_181437.log')}
2025-09-06 18:24:43,855 - DEBUG - 1 change detected: {(<Change.modified: 2>, 'E:\\Next JS\\researchbot\\backend\\logs\\research_assistant_20250906_181437.log')}
2025-09-06 18:24:44,286 - DEBUG - 1 change detected: {(<Change.modified: 2>, 'E:\\Next JS\\researchbot\\backend\\logs\\research_assistant_20250906_181437.log')}
2025-09-06 18:24:44,652 - DEBUG - 1 change detected: {(<Change.modified: 2>, 'E:\\Next JS\\researchbot\\backend\\logs\\research_assistant_20250906_181437.log')}
2025-09-06 18:24:45,074 - DEBUG - 1 change detected: {(<Change.modified: 2>, 'E:\\Next JS\\researchbot\\backend\\logs\\research_assistant_20250906_181437.log')}
2025-09-06 18:24:45,494 - DEBUG - 1 change detected: {(<Change.modified: 2>, 'E:\\Next JS\\researchbot\\backend\\logs\\research_assistant_20250906_181437.log')}
2025-09-06 18:24:46,023 - DEBUG - 1 change detected: {(<Change.modified: 2>, 'E:\\Next JS\\researchbot\\backend\\logs\\research_assistant_20250906_181437.log')}
2025-09-06 18:24:46,433 - DEBUG - 1 change detected: {(<Change.modified: 2>, 'E:\\Next JS\\researchbot\\backend\\logs\\research_assistant_20250906_181437.log')}
2025-09-06 18:24:46,841 - DEBUG - 1 change detected: {(<Change.modified: 2>, 'E:\\Next JS\\researchbot\\backend\\logs\\research_assistant_20250906_181437.log')}
2025-09-06 18:24:47,251 - DEBUG - 1 change detected: {(<Change.modified: 2>, 'E:\\Next JS\\researchbot\\backend\\logs\\research_assistant_20250906_181437.log')}
2025-09-06 18:24:47,662 - DEBUG - 1 change detected: {(<Change.modified: 2>, 'E:\\Next JS\\researchbot\\backend\\logs\\research_assistant_20250906_181437.log')}
2025-09-06 18:24:48,084 - DEBUG - 1 change detected: {(<Change.modified: 2>, 'E:\\Next JS\\researchbot\\backend\\logs\\research_assistant_20250906_181437.log')}
2025-09-06 18:24:48,496 - DEBUG - 1 change detected: {(<Change.modified: 2>, 'E:\\Next JS\\researchbot\\backend\\logs\\research_assistant_20250906_181437.log')}
2025-09-06 18:24:48,930 - DEBUG - 1 change detected: {(<Change.modified: 2>, 'E:\\Next JS\\researchbot\\backend\\logs\\research_assistant_20250906_181437.log')}
2025-09-06 18:24:49,344 - DEBUG - 1 change detected: {(<Change.modified: 2>, 'E:\\Next JS\\researchbot\\backend\\logs\\research_assistant_20250906_181437.log')}
2025-09-06 18:24:49,762 - DEBUG - 1 change detected: {(<Change.modified: 2>, 'E:\\Next JS\\researchbot\\backend\\logs\\research_assistant_20250906_181437.log')}
2025-09-06 18:24:50,178 - DEBUG - 1 change detected: {(<Change.modified: 2>, 'E:\\Next JS\\researchbot\\backend\\logs\\research_assistant_20250906_181437.log')}
2025-09-06 18:24:50,640 - DEBUG - 1 change detected: {(<Change.modified: 2>, 'E:\\Next JS\\researchbot\\backend\\logs\\research_assistant_20250906_181437.log')}
2025-09-06 18:24:51,063 - DEBUG - 1 change detected: {(<Change.modified: 2>, 'E:\\Next JS\\researchbot\\backend\\logs\\research_assistant_20250906_181437.log')}
2025-09-06 18:24:51,481 - DEBUG - 1 change detected: {(<Change.modified: 2>, 'E:\\Next JS\\researchbot\\backend\\logs\\research_assistant_20250906_181437.log')}
2025-09-06 18:24:51,900 - DEBUG - 1 change detected: {(<Change.modified: 2>, 'E:\\Next JS\\researchbot\\backend\\logs\\research_assistant_20250906_181437.log')}
2025-09-06 18:24:52,308 - DEBUG - 1 change detected: {(<Change.modified: 2>, 'E:\\Next JS\\researchbot\\backend\\logs\\research_assistant_20250906_181437.log')}
2025-09-06 18:24:52,725 - DEBUG - 1 change detected: {(<Change.modified: 2>, 'E:\\Next JS\\researchbot\\backend\\logs\\research_assistant_20250906_181437.log')}
2025-09-06 18:24:53,155 - DEBUG - 1 change detected: {(<Change.modified: 2>, 'E:\\Next JS\\researchbot\\backend\\logs\\research_assistant_20250906_181437.log')}
2025-09-06 18:24:53,571 - DEBUG - 1 change detected: {(<Change.modified: 2>, 'E:\\Next JS\\researchbot\\backend\\logs\\research_assistant_20250906_181437.log')}
2025-09-06 18:24:53,994 - DEBUG - 1 change detected: {(<Change.modified: 2>, 'E:\\Next JS\\researchbot\\backend\\logs\\research_assistant_20250906_181437.log')}
2025-09-06 18:24:54,421 - DEBUG - 1 change detected: {(<Change.modified: 2>, 'E:\\Next JS\\researchbot\\backend\\logs\\research_assistant_20250906_181437.log')}
2025-09-06 18:24:54,839 - DEBUG - 1 change detected: {(<Change.modified: 2>, 'E:\\Next JS\\researchbot\\backend\\logs\\research_assistant_20250906_181437.log')}
2025-09-06 18:24:55,226 - DEBUG - 1 change detected: {(<Change.modified: 2>, 'E:\\Next JS\\researchbot\\backend\\logs\\research_assistant_20250906_181437.log')}
2025-09-06 18:24:55,659 - DEBUG - 1 change detected: {(<Change.modified: 2>, 'E:\\Next JS\\researchbot\\backend\\logs\\research_assistant_20250906_181437.log')}
2025-09-06 18:24:56,193 - DEBUG - 1 change detected: {(<Change.modified: 2>, 'E:\\Next JS\\researchbot\\backend\\logs\\research_assistant_20250906_181437.log')}
2025-09-06 18:24:56,653 - DEBUG - 1 change detected: {(<Change.modified: 2>, 'E:\\Next JS\\researchbot\\backend\\logs\\research_assistant_20250906_181437.log')}
2025-09-06 18:24:57,082 - DEBUG - 1 change detected: {(<Change.modified: 2>, 'E:\\Next JS\\researchbot\\backend\\logs\\research_assistant_20250906_181437.log')}
2025-09-06 18:24:57,500 - DEBUG - 1 change detected: {(<Change.modified: 2>, 'E:\\Next JS\\researchbot\\backend\\logs\\research_assistant_20250906_181437.log')}
2025-09-06 18:24:57,866 - DEBUG - 1 change detected: {(<Change.modified: 2>, 'E:\\Next JS\\researchbot\\backend\\logs\\research_assistant_20250906_181437.log')}
2025-09-06 18:24:58,272 - DEBUG - 1 change detected: {(<Change.modified: 2>, 'E:\\Next JS\\researchbot\\backend\\logs\\research_assistant_20250906_181437.log')}
2025-09-06 18:24:59,275 - DEBUG - 1 change detected: {(<Change.modified: 2>, 'E:\\Next JS\\researchbot\\backend\\logs\\research_assistant_20250906_181437.log')}
2025-09-06 18:24:59,632 - DEBUG - 1 change detected: {(<Change.modified: 2>, 'E:\\Next JS\\researchbot\\backend\\logs\\research_assistant_20250906_181437.log')}
2025-09-06 18:25:00,058 - DEBUG - 1 change detected: {(<Change.modified: 2>, 'E:\\Next JS\\researchbot\\backend\\logs\\research_assistant_20250906_181437.log')}
2025-09-06 18:25:00,475 - DEBUG - 1 change detected: {(<Change.modified: 2>, 'E:\\Next JS\\researchbot\\backend\\logs\\research_assistant_20250906_181437.log')}
2025-09-06 18:25:01,756 - DEBUG - 1 change detected: {(<Change.modified: 2>, 'E:\\Next JS\\researchbot\\backend\\logs\\research_assistant_20250906_181437.log')}
2025-09-06 18:25:02,109 - DEBUG - 1 change detected: {(<Change.modified: 2>, 'E:\\Next JS\\researchbot\\backend\\logs\\research_assistant_20250906_181437.log')}
2025-09-06 18:25:02,521 - DEBUG - 1 change detected: {(<Change.modified: 2>, 'E:\\Next JS\\researchbot\\backend\\logs\\research_assistant_20250906_181437.log')}
2025-09-06 18:25:03,038 - DEBUG - 1 change detected: {(<Change.modified: 2>, 'E:\\Next JS\\researchbot\\backend\\logs\\research_assistant_20250906_181437.log')}
2025-09-06 18:25:03,461 - DEBUG - 1 change detected: {(<Change.modified: 2>, 'E:\\Next JS\\researchbot\\backend\\logs\\research_assistant_20250906_181437.log')}
2025-09-06 18:25:03,877 - DEBUG - 1 change detected: {(<Change.modified: 2>, 'E:\\Next JS\\researchbot\\backend\\logs\\research_assistant_20250906_181437.log')}
2025-09-06 18:25:04,452 - DEBUG - 1 change detected: {(<Change.modified: 2>, 'E:\\Next JS\\researchbot\\backend\\logs\\research_assistant_20250906_181437.log')}
2025-09-06 18:25:04,848 - DEBUG - 1 change detected: {(<Change.modified: 2>, 'E:\\Next JS\\researchbot\\backend\\logs\\research_assistant_20250906_181437.log')}
2025-09-06 18:25:05,209 - DEBUG - 1 change detected: {(<Change.modified: 2>, 'E:\\Next JS\\researchbot\\backend\\logs\\research_assistant_20250906_181437.log')}
2025-09-06 18:25:05,644 - DEBUG - 1 change detected: {(<Change.modified: 2>, 'E:\\Next JS\\researchbot\\backend\\logs\\research_assistant_20250906_181437.log')}
2025-09-06 18:25:06,617 - DEBUG - 1 change detected: {(<Change.modified: 2>, 'E:\\Next JS\\researchbot\\backend\\logs\\research_assistant_20250906_181437.log')}
2025-09-06 18:25:07,003 - DEBUG - 1 change detected: {(<Change.modified: 2>, 'E:\\Next JS\\researchbot\\backend\\logs\\research_assistant_20250906_181437.log')}
2025-09-06 18:25:07,426 - DEBUG - 1 change detected: {(<Change.modified: 2>, 'E:\\Next JS\\researchbot\\backend\\logs\\research_assistant_20250906_181437.log')}
2025-09-06 18:25:07,998 - DEBUG - 1 change detected: {(<Change.modified: 2>, 'E:\\Next JS\\researchbot\\backend\\logs\\research_assistant_20250906_181437.log')}
2025-09-06 18:25:08,561 - DEBUG - 1 change detected: {(<Change.modified: 2>, 'E:\\Next JS\\researchbot\\backend\\logs\\research_assistant_20250906_181437.log')}
2025-09-06 18:25:09,095 - DEBUG - 1 change detected: {(<Change.modified: 2>, 'E:\\Next JS\\researchbot\\backend\\logs\\research_assistant_20250906_181437.log')}
2025-09-06 18:25:09,736 - DEBUG - 1 change detected: {(<Change.modified: 2>, 'E:\\Next JS\\researchbot\\backend\\logs\\research_assistant_20250906_181437.log')}
2025-09-06 18:25:10,096 - DEBUG - 1 change detected: {(<Change.modified: 2>, 'E:\\Next JS\\researchbot\\backend\\logs\\research_assistant_20250906_181437.log')}
2025-09-06 18:25:10,503 - DEBUG - 1 change detected: {(<Change.modified: 2>, 'E:\\Next JS\\researchbot\\backend\\logs\\research_assistant_20250906_181437.log')}
2025-09-06 18:25:10,911 - DEBUG - 1 change detected: {(<Change.modified: 2>, 'E:\\Next JS\\researchbot\\backend\\logs\\research_assistant_20250906_181437.log')}
2025-09-06 18:25:11,321 - DEBUG - 1 change detected: {(<Change.modified: 2>, 'E:\\Next JS\\researchbot\\backend\\logs\\research_assistant_20250906_181437.log')}
2025-09-06 18:25:11,766 - DEBUG - 1 change detected: {(<Change.modified: 2>, 'E:\\Next JS\\researchbot\\backend\\logs\\research_assistant_20250906_181437.log')}
2025-09-06 18:25:12,184 - DEBUG - 1 change detected: {(<Change.modified: 2>, 'E:\\Next JS\\researchbot\\backend\\logs\\research_assistant_20250906_181437.log')}
2025-09-06 18:25:12,599 - DEBUG - 1 change detected: {(<Change.modified: 2>, 'E:\\Next JS\\researchbot\\backend\\logs\\research_assistant_20250906_181437.log')}
2025-09-06 18:25:12,973 - DEBUG - 1 change detected: {(<Change.modified: 2>, 'E:\\Next JS\\researchbot\\backend\\logs\\research_assistant_20250906_181437.log')}
2025-09-06 18:25:13,433 - DEBUG - 1 change detected: {(<Change.modified: 2>, 'E:\\Next JS\\researchbot\\backend\\logs\\research_assistant_20250906_181437.log')}
2025-09-06 18:25:13,848 - DEBUG - 1 change detected: {(<Change.modified: 2>, 'E:\\Next JS\\researchbot\\backend\\logs\\research_assistant_20250906_181437.log')}
2025-09-06 18:25:14,588 - DEBUG - 1 change detected: {(<Change.modified: 2>, 'E:\\Next JS\\researchbot\\backend\\logs\\research_assistant_20250906_181437.log')}
2025-09-06 18:25:14,969 - DEBUG - 1 change detected: {(<Change.modified: 2>, 'E:\\Next JS\\researchbot\\backend\\logs\\research_assistant_20250906_181437.log')}
2025-09-06 18:25:15,407 - DEBUG - 1 change detected: {(<Change.modified: 2>, 'E:\\Next JS\\researchbot\\backend\\logs\\research_assistant_20250906_181437.log')}
2025-09-06 18:25:15,828 - DEBUG - 1 change detected: {(<Change.modified: 2>, 'E:\\Next JS\\researchbot\\backend\\logs\\research_assistant_20250906_181437.log')}
2025-09-06 18:25:16,256 - DEBUG - 1 change detected: {(<Change.modified: 2>, 'E:\\Next JS\\researchbot\\backend\\logs\\research_assistant_20250906_181437.log')}
2025-09-06 18:25:16,683 - DEBUG - 1 change detected: {(<Change.modified: 2>, 'E:\\Next JS\\researchbot\\backend\\logs\\research_assistant_20250906_181437.log')}
2025-09-06 18:25:17,117 - DEBUG - 1 change detected: {(<Change.modified: 2>, 'E:\\Next JS\\researchbot\\backend\\logs\\research_assistant_20250906_181437.log')}
2025-09-06 18:25:17,647 - DEBUG - 1 change detected: {(<Change.modified: 2>, 'E:\\Next JS\\researchbot\\backend\\logs\\research_assistant_20250906_181437.log')}
2025-09-06 18:25:18,013 - DEBUG - 1 change detected: {(<Change.modified: 2>, 'E:\\Next JS\\researchbot\\backend\\logs\\research_assistant_20250906_181437.log')}
2025-09-06 18:25:18,445 - DEBUG - 1 change detected: {(<Change.modified: 2>, 'E:\\Next JS\\researchbot\\backend\\logs\\research_assistant_20250906_181437.log')}
2025-09-06 18:25:18,928 - DEBUG - 1 change detected: {(<Change.modified: 2>, 'E:\\Next JS\\researchbot\\backend\\logs\\research_assistant_20250906_181437.log')}
2025-09-06 18:25:19,359 - DEBUG - 1 change detected: {(<Change.modified: 2>, 'E:\\Next JS\\researchbot\\backend\\logs\\research_assistant_20250906_181437.log')}
2025-09-06 18:25:19,764 - DEBUG - 1 change detected: {(<Change.modified: 2>, 'E:\\Next JS\\researchbot\\backend\\logs\\research_assistant_20250906_181437.log')}
2025-09-06 18:25:20,172 - DEBUG - 1 change detected: {(<Change.modified: 2>, 'E:\\Next JS\\researchbot\\backend\\logs\\research_assistant_20250906_181437.log')}
2025-09-06 18:25:20,591 - DEBUG - 1 change detected: {(<Change.modified: 2>, 'E:\\Next JS\\researchbot\\backend\\logs\\research_assistant_20250906_181437.log')}
2025-09-06 18:25:21,096 - DEBUG - 1 change detected: {(<Change.modified: 2>, 'E:\\Next JS\\researchbot\\backend\\logs\\research_assistant_20250906_181437.log')}
2025-09-06 18:25:21,508 - DEBUG - 1 change detected: {(<Change.modified: 2>, 'E:\\Next JS\\researchbot\\backend\\logs\\research_assistant_20250906_181437.log')}
2025-09-06 18:25:21,872 - DEBUG - 4 changes detected: {(<Change.deleted: 3>, 'E:\\Next JS\\researchbot\\backend\\__pycache__\\main.cpython-313.pyc'), (<Change.added: 1>, 'E:\\Next JS\\researchbot\\backend\\__pycache__\\main.cpython-313.pyc'), (<Change.deleted: 3>, 'E:\\Next JS\\researchbot\\backend\\__pycache__\\bot.cpython-313.pyc'), (<Change.added: 1>, 'E:\\Next JS\\researchbot\\backend\\__pycache__\\bot.cpython-313.pyc')}
2025-09-06 18:25:22,235 - DEBUG - 1 change detected: {(<Change.modified: 2>, 'E:\\Next JS\\researchbot\\backend\\logs\\research_assistant_20250906_181437.log')}
2025-09-06 18:25:22,605 - DEBUG - 1 change detected: {(<Change.modified: 2>, 'E:\\Next JS\\researchbot\\backend\\logs\\research_assistant_20250906_181437.log')}
2025-09-06 18:25:22,973 - DEBUG - 1 change detected: {(<Change.modified: 2>, 'E:\\Next JS\\researchbot\\backend\\logs\\research_assistant_20250906_181437.log')}
2025-09-06 18:25:23,387 - DEBUG - 1 change detected: {(<Change.modified: 2>, 'E:\\Next JS\\researchbot\\backend\\logs\\research_assistant_20250906_181437.log')}
2025-09-06 18:25:23,801 - DEBUG - 1 change detected: {(<Change.modified: 2>, 'E:\\Next JS\\researchbot\\backend\\logs\\research_assistant_20250906_181437.log')}
2025-09-06 18:25:24,217 - DEBUG - 1 change detected: {(<Change.modified: 2>, 'E:\\Next JS\\researchbot\\backend\\logs\\research_assistant_20250906_181437.log')}
2025-09-06 18:25:24,646 - DEBUG - 1 change detected: {(<Change.modified: 2>, 'E:\\Next JS\\researchbot\\backend\\logs\\research_assistant_20250906_181437.log')}
2025-09-06 18:25:25,030 - DEBUG - 1 change detected: {(<Change.modified: 2>, 'E:\\Next JS\\researchbot\\backend\\logs\\research_assistant_20250906_181437.log')}
2025-09-06 18:25:25,409 - DEBUG - 1 change detected: {(<Change.modified: 2>, 'E:\\Next JS\\researchbot\\backend\\logs\\research_assistant_20250906_181437.log')}
2025-09-06 18:25:25,771 - DEBUG - 1 change detected: {(<Change.modified: 2>, 'E:\\Next JS\\researchbot\\backend\\logs\\research_assistant_20250906_181437.log')}
2025-09-06 18:25:26,132 - DEBUG - 1 change detected: {(<Change.modified: 2>, 'E:\\Next JS\\researchbot\\backend\\logs\\research_assistant_20250906_181437.log')}
2025-09-06 18:25:26,549 - DEBUG - 1 change detected: {(<Change.modified: 2>, 'E:\\Next JS\\researchbot\\backend\\logs\\research_assistant_20250906_181437.log')}
2025-09-06 18:25:26,965 - DEBUG - 1 change detected: {(<Change.modified: 2>, 'E:\\Next JS\\researchbot\\backend\\logs\\research_assistant_20250906_181437.log')}
2025-09-06 18:25:27,380 - DEBUG - 1 change detected: {(<Change.modified: 2>, 'E:\\Next JS\\researchbot\\backend\\logs\\research_assistant_20250906_181437.log')}
2025-09-06 18:25:27,745 - DEBUG - 1 change detected: {(<Change.modified: 2>, 'E:\\Next JS\\researchbot\\backend\\logs\\research_assistant_20250906_181437.log')}
2025-09-06 18:25:28,162 - DEBUG - 1 change detected: {(<Change.modified: 2>, 'E:\\Next JS\\researchbot\\backend\\logs\\research_assistant_20250906_181437.log')}
2025-09-06 18:25:28,578 - DEBUG - 1 change detected: {(<Change.modified: 2>, 'E:\\Next JS\\researchbot\\backend\\logs\\research_assistant_20250906_181437.log')}
2025-09-06 18:25:28,997 - DEBUG - 1 change detected: {(<Change.modified: 2>, 'E:\\Next JS\\researchbot\\backend\\logs\\research_assistant_20250906_181437.log')}
2025-09-06 18:25:29,409 - DEBUG - 1 change detected: {(<Change.modified: 2>, 'E:\\Next JS\\researchbot\\backend\\logs\\research_assistant_20250906_181437.log')}
2025-09-06 18:25:29,932 - DEBUG - 1 change detected: {(<Change.modified: 2>, 'E:\\Next JS\\researchbot\\backend\\logs\\research_assistant_20250906_181437.log')}
2025-09-06 18:25:30,414 - DEBUG - 1 change detected: {(<Change.modified: 2>, 'E:\\Next JS\\researchbot\\backend\\logs\\research_assistant_20250906_181437.log')}
2025-09-06 18:25:30,817 - DEBUG - 1 change detected: {(<Change.modified: 2>, 'E:\\Next JS\\researchbot\\backend\\logs\\research_assistant_20250906_181437.log')}
2025-09-06 18:25:31,238 - DEBUG - 1 change detected: {(<Change.modified: 2>, 'E:\\Next JS\\researchbot\\backend\\logs\\research_assistant_20250906_181437.log')}
2025-09-06 18:25:31,623 - DEBUG - 1 change detected: {(<Change.modified: 2>, 'E:\\Next JS\\researchbot\\backend\\logs\\research_assistant_20250906_181437.log')}
2025-09-06 18:25:32,046 - DEBUG - 1 change detected: {(<Change.modified: 2>, 'E:\\Next JS\\researchbot\\backend\\logs\\research_assistant_20250906_181437.log')}
2025-09-06 18:25:32,473 - DEBUG - 1 change detected: {(<Change.modified: 2>, 'E:\\Next JS\\researchbot\\backend\\logs\\research_assistant_20250906_181437.log')}
2025-09-06 18:25:32,895 - DEBUG - 1 change detected: {(<Change.modified: 2>, 'E:\\Next JS\\researchbot\\backend\\logs\\research_assistant_20250906_181437.log')}
2025-09-06 18:25:33,305 - DEBUG - 1 change detected: {(<Change.modified: 2>, 'E:\\Next JS\\researchbot\\backend\\logs\\research_assistant_20250906_181437.log')}
2025-09-06 18:25:33,721 - DEBUG - 1 change detected: {(<Change.modified: 2>, 'E:\\Next JS\\researchbot\\backend\\logs\\research_assistant_20250906_181437.log')}
2025-09-06 18:25:34,399 - DEBUG - 1 change detected: {(<Change.modified: 2>, 'E:\\Next JS\\researchbot\\backend\\logs\\research_assistant_20250906_181437.log')}
2025-09-06 18:25:34,754 - DEBUG - 1 change detected: {(<Change.modified: 2>, 'E:\\Next JS\\researchbot\\backend\\logs\\research_assistant_20250906_181437.log')}
2025-09-06 18:25:35,111 - DEBUG - 1 change detected: {(<Change.modified: 2>, 'E:\\Next JS\\researchbot\\backend\\logs\\research_assistant_20250906_181437.log')}
2025-09-06 18:25:35,518 - DEBUG - 1 change detected: {(<Change.modified: 2>, 'E:\\Next JS\\researchbot\\backend\\logs\\research_assistant_20250906_181437.log')}
2025-09-06 18:25:36,852 - DEBUG - 2 changes detected: {(<Change.modified: 2>, 'E:\\Next JS\\researchbot\\backend\\__pycache__'), (<Change.modified: 2>, 'E:\\Next JS\\researchbot\\backend\\logs\\research_assistant_20250906_181437.log')}
2025-09-06 18:25:37,241 - DEBUG - 1 change detected: {(<Change.modified: 2>, 'E:\\Next JS\\researchbot\\backend\\logs\\research_assistant_20250906_181437.log')}
2025-09-06 18:25:37,705 - DEBUG - 1 change detected: {(<Change.modified: 2>, 'E:\\Next JS\\researchbot\\backend\\logs\\research_assistant_20250906_181437.log')}
2025-09-06 18:25:38,393 - DEBUG - 1 change detected: {(<Change.modified: 2>, 'E:\\Next JS\\researchbot\\backend\\logs\\research_assistant_20250906_181437.log')}
2025-09-06 18:25:38,792 - DEBUG - 1 change detected: {(<Change.modified: 2>, 'E:\\Next JS\\researchbot\\backend\\logs\\research_assistant_20250906_181437.log')}
2025-09-06 18:25:39,294 - DEBUG - 1 change detected: {(<Change.modified: 2>, 'E:\\Next JS\\researchbot\\backend\\logs\\research_assistant_20250906_181437.log')}
2025-09-06 18:25:39,652 - DEBUG - 1 change detected: {(<Change.modified: 2>, 'E:\\Next JS\\researchbot\\backend\\logs\\research_assistant_20250906_181437.log')}
2025-09-06 18:25:40,063 - DEBUG - 1 change detected: {(<Change.modified: 2>, 'E:\\Next JS\\researchbot\\backend\\logs\\research_assistant_20250906_181437.log')}
2025-09-06 18:25:40,480 - DEBUG - 1 change detected: {(<Change.modified: 2>, 'E:\\Next JS\\researchbot\\backend\\logs\\research_assistant_20250906_181437.log')}
2025-09-06 18:25:41,317 - DEBUG - 1 change detected: {(<Change.modified: 2>, 'E:\\Next JS\\researchbot\\backend\\logs\\research_assistant_20250906_181437.log')}
2025-09-06 18:25:41,675 - DEBUG - 1 change detected: {(<Change.modified: 2>, 'E:\\Next JS\\researchbot\\backend\\logs\\research_assistant_20250906_181437.log')}
2025-09-06 18:25:42,106 - DEBUG - 1 change detected: {(<Change.modified: 2>, 'E:\\Next JS\\researchbot\\backend\\logs\\research_assistant_20250906_181437.log')}
2025-09-06 18:25:42,552 - DEBUG - 1 change detected: {(<Change.modified: 2>, 'E:\\Next JS\\researchbot\\backend\\logs\\research_assistant_20250906_181437.log')}
2025-09-06 18:25:42,961 - DEBUG - 1 change detected: {(<Change.modified: 2>, 'E:\\Next JS\\researchbot\\backend\\logs\\research_assistant_20250906_181437.log')}
2025-09-06 18:25:43,372 - DEBUG - 1 change detected: {(<Change.modified: 2>, 'E:\\Next JS\\researchbot\\backend\\logs\\research_assistant_20250906_181437.log')}
2025-09-06 18:25:43,800 - DEBUG - 1 change detected: {(<Change.modified: 2>, 'E:\\Next JS\\researchbot\\backend\\logs\\research_assistant_20250906_181437.log')}
2025-09-06 18:25:44,173 - DEBUG - 1 change detected: {(<Change.modified: 2>, 'E:\\Next JS\\researchbot\\backend\\logs\\research_assistant_20250906_181437.log')}
2025-09-06 18:25:44,601 - DEBUG - 1 change detected: {(<Change.modified: 2>, 'E:\\Next JS\\researchbot\\backend\\logs\\research_assistant_20250906_181437.log')}
2025-09-06 18:25:45,007 - DEBUG - 1 change detected: {(<Change.modified: 2>, 'E:\\Next JS\\researchbot\\backend\\logs\\research_assistant_20250906_181437.log')}
2025-09-06 18:25:45,459 - DEBUG - 1 change detected: {(<Change.modified: 2>, 'E:\\Next JS\\researchbot\\backend\\logs\\research_assistant_20250906_181437.log')}
2025-09-06 18:25:45,896 - DEBUG - 1 change detected: {(<Change.modified: 2>, 'E:\\Next JS\\researchbot\\backend\\logs\\research_assistant_20250906_181437.log')}
2025-09-06 18:25:46,279 - DEBUG - 1 change detected: {(<Change.modified: 2>, 'E:\\Next JS\\researchbot\\backend\\logs\\research_assistant_20250906_181437.log')}
2025-09-06 18:25:46,689 - DEBUG - 1 change detected: {(<Change.modified: 2>, 'E:\\Next JS\\researchbot\\backend\\logs\\research_assistant_20250906_181437.log')}
2025-09-06 18:25:47,180 - DEBUG - 1 change detected: {(<Change.modified: 2>, 'E:\\Next JS\\researchbot\\backend\\logs\\research_assistant_20250906_181437.log')}
2025-09-06 18:25:47,613 - DEBUG - 1 change detected: {(<Change.modified: 2>, 'E:\\Next JS\\researchbot\\backend\\logs\\research_assistant_20250906_181437.log')}
2025-09-06 18:25:47,993 - DEBUG - 1 change detected: {(<Change.modified: 2>, 'E:\\Next JS\\researchbot\\backend\\logs\\research_assistant_20250906_181437.log')}
2025-09-06 18:25:48,424 - DEBUG - 1 change detected: {(<Change.modified: 2>, 'E:\\Next JS\\researchbot\\backend\\logs\\research_assistant_20250906_181437.log')}
2025-09-06 18:25:48,835 - DEBUG - 1 change detected: {(<Change.modified: 2>, 'E:\\Next JS\\researchbot\\backend\\logs\\research_assistant_20250906_181437.log')}
2025-09-06 18:25:49,241 - DEBUG - 1 change detected: {(<Change.modified: 2>, 'E:\\Next JS\\researchbot\\backend\\logs\\research_assistant_20250906_181437.log')}
2025-09-06 18:25:49,647 - DEBUG - 1 change detected: {(<Change.modified: 2>, 'E:\\Next JS\\researchbot\\backend\\logs\\research_assistant_20250906_181437.log')}
2025-09-06 18:25:50,050 - DEBUG - 1 change detected: {(<Change.modified: 2>, 'E:\\Next JS\\researchbot\\backend\\logs\\research_assistant_20250906_181437.log')}
2025-09-06 18:25:50,470 - DEBUG - 1 change detected: {(<Change.modified: 2>, 'E:\\Next JS\\researchbot\\backend\\logs\\research_assistant_20250906_181437.log')}
2025-09-06 18:25:50,928 - DEBUG - 1 change detected: {(<Change.modified: 2>, 'E:\\Next JS\\researchbot\\backend\\logs\\research_assistant_20250906_181437.log')}
2025-09-06 18:25:51,426 - DEBUG - 1 change detected: {(<Change.modified: 2>, 'E:\\Next JS\\researchbot\\backend\\logs\\research_assistant_20250906_181437.log')}
2025-09-06 18:25:51,811 - DEBUG - 1 change detected: {(<Change.modified: 2>, 'E:\\Next JS\\researchbot\\backend\\logs\\research_assistant_20250906_181437.log')}
2025-09-06 18:25:52,186 - DEBUG - 1 change detected: {(<Change.modified: 2>, 'E:\\Next JS\\researchbot\\backend\\logs\\research_assistant_20250906_181437.log')}
2025-09-06 18:25:52,551 - DEBUG - 1 change detected: {(<Change.modified: 2>, 'E:\\Next JS\\researchbot\\backend\\logs\\research_assistant_20250906_181437.log')}
2025-09-06 18:25:52,912 - DEBUG - 1 change detected: {(<Change.modified: 2>, 'E:\\Next JS\\researchbot\\backend\\logs\\research_assistant_20250906_181437.log')}
2025-09-06 18:25:53,270 - DEBUG - 1 change detected: {(<Change.modified: 2>, 'E:\\Next JS\\researchbot\\backend\\logs\\research_assistant_20250906_181437.log')}
2025-09-06 18:25:53,701 - DEBUG - 1 change detected: {(<Change.modified: 2>, 'E:\\Next JS\\researchbot\\backend\\logs\\research_assistant_20250906_181437.log')}
2025-09-06 18:25:54,130 - DEBUG - 1 change detected: {(<Change.modified: 2>, 'E:\\Next JS\\researchbot\\backend\\logs\\research_assistant_20250906_181437.log')}
2025-09-06 18:25:54,544 - DEBUG - 1 change detected: {(<Change.modified: 2>, 'E:\\Next JS\\researchbot\\backend\\logs\\research_assistant_20250906_181437.log')}
2025-09-06 18:25:54,952 - DEBUG - 1 change detected: {(<Change.modified: 2>, 'E:\\Next JS\\researchbot\\backend\\logs\\research_assistant_20250906_181437.log')}
2025-09-06 18:25:55,332 - DEBUG - 1 change detected: {(<Change.modified: 2>, 'E:\\Next JS\\researchbot\\backend\\logs\\research_assistant_20250906_181437.log')}
2025-09-06 18:25:55,750 - DEBUG - 1 change detected: {(<Change.modified: 2>, 'E:\\Next JS\\researchbot\\backend\\logs\\research_assistant_20250906_181437.log')}
2025-09-06 18:25:56,184 - DEBUG - 1 change detected: {(<Change.modified: 2>, 'E:\\Next JS\\researchbot\\backend\\logs\\research_assistant_20250906_181437.log')}
2025-09-06 18:25:56,672 - DEBUG - 1 change detected: {(<Change.modified: 2>, 'E:\\Next JS\\researchbot\\backend\\logs\\research_assistant_20250906_181437.log')}
2025-09-06 18:25:57,091 - DEBUG - 1 change detected: {(<Change.modified: 2>, 'E:\\Next JS\\researchbot\\backend\\logs\\research_assistant_20250906_181437.log')}
2025-09-06 18:25:57,460 - DEBUG - 1 change detected: {(<Change.modified: 2>, 'E:\\Next JS\\researchbot\\backend\\logs\\research_assistant_20250906_181437.log')}
2025-09-06 18:25:57,890 - DEBUG - 1 change detected: {(<Change.modified: 2>, 'E:\\Next JS\\researchbot\\backend\\logs\\research_assistant_20250906_181437.log')}
2025-09-06 18:25:58,313 - DEBUG - 1 change detected: {(<Change.modified: 2>, 'E:\\Next JS\\researchbot\\backend\\logs\\research_assistant_20250906_181437.log')}
2025-09-06 18:25:58,723 - DEBUG - 26 changes detected: {(<Change.added: 1>, 'E:\\Next JS\\researchbot\\backend\\logs\\research_assistant_20250904_232044.log'), (<Change.added: 1>, 'E:\\Next JS\\researchbot\\backend\\papers'), (<Change.added: 1>, 'E:\\Next JS\\researchbot\\backend\\logs\\research_assistant_20250904_224334.log'), (<Change.added: 1>, 'E:\\Next JS\\researchbot\\backend\\papers\\computer_science'), (<Change.added: 1>, 'E:\\Next JS\\researchbot\\backend\\logs\\research_assistant_20250904_203635.log'), (<Change.added: 1>, 'E:\\Next JS\\researchbot\\backend\\logs\\research_assistant_20250904_230434.log'), (<Change.added: 1>, 'E:\\Next JS\\researchbot\\backend\\papers\\computer_science\\deeplearning\\1611.01884v3_AC-BLSTM__Asymmetric_Convolutional_Bidirectional_LSTM_Networks_for_Text_Classifi.pdf'), (<Change.modified: 2>, 'E:\\Next JS\\researchbot\\backend\\logs\\research_assistant_20250906_181437.log'), (<Change.added: 1>, 'E:\\Next JS\\researchbot\\backend\\__pycache__\\main.cpython-313.pyc'), (<Change.added: 1>, 'E:\\Next JS\\researchbot\\backend\\logs\\research_assistant_20250904_232707.log'), (<Change.deleted: 3>, 'E:\\Next JS\\researchbot\\backend\\logs\\research_assistant_20250904_203635.log'), (<Change.added: 1>, 'E:\\Next JS\\researchbot\\backend\\logs\\research_assistant_20250904_224325.log'), (<Change.added: 1>, 'E:\\Next JS\\researchbot\\backend\\logs\\research_assistant_20250904_232101.log'), (<Change.added: 1>, 'E:\\Next JS\\researchbot\\backend\\papers\\computer_science\\deeplearning\\2202.01197v4_VOS__Learning_What_You_Don_t_Know_by_Virtual_Outlier_Synthesis.pdf'), (<Change.deleted: 3>, 'E:\\Next JS\\researchbot\\backend\\__pycache__\\main.cpython-313.pyc'), (<Change.added: 1>, 'E:\\Next JS\\researchbot\\backend\\__pycache__\\bot.cpython-313.pyc'), (<Change.added: 1>, 'E:\\Next JS\\researchbot\\backend\\logs\\research_assistant_20250904_231204.log'), (<Change.added: 1>, 'E:\\Next JS\\researchbot\\backend\\logs\\research_assistant_20250904_204158.log'), (<Change.added: 1>, 'E:\\Next JS\\researchbot\\backend\\bot.py'), (<Change.added: 1>, 'E:\\Next JS\\researchbot\\backend\\logs\\research_assistant_20250904_205004.log'), (<Change.deleted: 3>, 'E:\\Next JS\\researchbot\\backend\\__pycache__\\bot.cpython-313.pyc'), (<Change.deleted: 3>, 'E:\\Next JS\\researchbot\\backend\\logs\\research_assistant_20250904_204158.log'), (<Change.deleted: 3>, 'E:\\Next JS\\researchbot\\backend\\bot.py'), (<Change.deleted: 3>, 'E:\\Next JS\\researchbot\\backend\\logs\\research_assistant_20250904_205004.log'), (<Change.added: 1>, 'E:\\Next JS\\researchbot\\backend\\logs\\research_assistant_20250904_225456.log'), (<Change.added: 1>, 'E:\\Next JS\\researchbot\\backend\\papers\\computer_science\\deeplearning')}
2025-09-06 18:26:00,184 - DEBUG - 7 changes detected: {(<Change.modified: 2>, 'E:\\Next JS\\researchbot\\backend\\papers\\computer_science\\deeplearning\\2202.01197v4_VOS__Learning_What_You_Don_t_Know_by_Virtual_Outlier_Synthesis.pdf'), (<Change.modified: 2>, 'E:\\Next JS\\researchbot\\backend\\papers\\computer_science\\deeplearning'), (<Change.added: 1>, 'E:\\Next JS\\researchbot\\backend\\papers_metadata.json'), (<Change.modified: 2>, 'E:\\Next JS\\researchbot\\backend\\papers'), (<Change.modified: 2>, 'E:\\Next JS\\researchbot\\backend\\logs\\research_assistant_20250906_182126.log'), (<Change.modified: 2>, 'E:\\Next JS\\researchbot\\backend\\logs\\research_assistant_20250906_181437.log'), (<Change.modified: 2>, 'E:\\Next JS\\researchbot\\backend\\papers\\computer_science')}
2025-09-06 18:26:01,979 - DEBUG - 2 changes detected: {(<Change.modified: 2>, 'E:\\Next JS\\researchbot\\backend\\__pycache__'), (<Change.modified: 2>, 'E:\\Next JS\\researchbot\\backend\\logs')}
2025-09-06 18:26:05,094 - DEBUG - 5 changes detected: {(<Change.added: 1>, 'E:\\Next JS\\researchbot\\backend\\__pycache__\\bot.cpython-313.pyc'), (<Change.modified: 2>, 'E:\\Next JS\\researchbot\\backend\\__pycache__'), (<Change.added: 1>, 'E:\\Next JS\\researchbot\\backend\\__pycache__\\bot.cpython-313.pyc.2408658011616'), (<Change.deleted: 3>, 'E:\\Next JS\\researchbot\\backend\\__pycache__\\bot.cpython-313.pyc'), (<Change.deleted: 3>, 'E:\\Next JS\\researchbot\\backend\\__pycache__\\bot.cpython-313.pyc.2408658011616')}
2025-09-06 18:26:09,243 - DEBUG - 7 changes detected: {(<Change.added: 1>, 'E:\\Next JS\\researchbot\\backend\\__pycache__\\main.cpython-313.pyc'), (<Change.deleted: 3>, 'E:\\Next JS\\researchbot\\backend\\__pycache__\\main.cpython-313.pyc.2408706304112'), (<Change.modified: 2>, 'E:\\Next JS\\researchbot\\backend\\__pycache__'), (<Change.modified: 2>, 'E:\\Next JS\\researchbot\\backend\\logs'), (<Change.added: 1>, 'E:\\Next JS\\researchbot\\backend\\__pycache__\\main.cpython-313.pyc.2408706304112'), (<Change.deleted: 3>, 'E:\\Next JS\\researchbot\\backend\\__pycache__\\main.cpython-313.pyc'), (<Change.added: 1>, 'E:\\Next JS\\researchbot\\backend\\logs\\research_assistant_20250906_182609.log')}
2025-09-06 18:27:12,250 - DEBUG - 1 change detected: {(<Change.modified: 2>, 'E:\\Next JS\\researchbot\\backend\\logs\\research_assistant_20250906_181437.log')}
2025-09-06 18:27:12,666 - DEBUG - 1 change detected: {(<Change.modified: 2>, 'E:\\Next JS\\researchbot\\backend\\logs\\research_assistant_20250906_181437.log')}
2025-09-06 18:27:13,075 - DEBUG - 1 change detected: {(<Change.modified: 2>, 'E:\\Next JS\\researchbot\\backend\\logs\\research_assistant_20250906_181437.log')}
2025-09-06 18:27:13,494 - DEBUG - 1 change detected: {(<Change.modified: 2>, 'E:\\Next JS\\researchbot\\backend\\logs\\research_assistant_20250906_181437.log')}
2025-09-06 18:27:13,866 - DEBUG - 1 change detected: {(<Change.modified: 2>, 'E:\\Next JS\\researchbot\\backend\\logs\\research_assistant_20250906_181437.log')}
2025-09-06 18:27:14,340 - DEBUG - 1 change detected: {(<Change.modified: 2>, 'E:\\Next JS\\researchbot\\backend\\logs\\research_assistant_20250906_181437.log')}
2025-09-06 18:27:14,800 - DEBUG - 1 change detected: {(<Change.modified: 2>, 'E:\\Next JS\\researchbot\\backend\\logs\\research_assistant_20250906_181437.log')}
2025-09-06 18:27:15,212 - DEBUG - 1 change detected: {(<Change.modified: 2>, 'E:\\Next JS\\researchbot\\backend\\logs\\research_assistant_20250906_181437.log')}
2025-09-06 18:27:15,625 - DEBUG - 1 change detected: {(<Change.modified: 2>, 'E:\\Next JS\\researchbot\\backend\\logs\\research_assistant_20250906_181437.log')}
2025-09-06 18:27:16,038 - DEBUG - 1 change detected: {(<Change.modified: 2>, 'E:\\Next JS\\researchbot\\backend\\logs\\research_assistant_20250906_181437.log')}
2025-09-06 18:27:16,472 - DEBUG - 1 change detected: {(<Change.modified: 2>, 'E:\\Next JS\\researchbot\\backend\\logs\\research_assistant_20250906_181437.log')}
2025-09-06 18:27:16,940 - DEBUG - 1 change detected: {(<Change.modified: 2>, 'E:\\Next JS\\researchbot\\backend\\logs\\research_assistant_20250906_181437.log')}
2025-09-06 18:27:17,310 - DEBUG - 1 change detected: {(<Change.modified: 2>, 'E:\\Next JS\\researchbot\\backend\\logs\\research_assistant_20250906_181437.log')}
2025-09-06 18:27:17,739 - DEBUG - 1 change detected: {(<Change.modified: 2>, 'E:\\Next JS\\researchbot\\backend\\logs\\research_assistant_20250906_181437.log')}
2025-09-06 18:27:18,154 - DEBUG - 1 change detected: {(<Change.modified: 2>, 'E:\\Next JS\\researchbot\\backend\\logs\\research_assistant_20250906_181437.log')}
2025-09-06 18:27:18,693 - DEBUG - 1 change detected: {(<Change.modified: 2>, 'E:\\Next JS\\researchbot\\backend\\logs\\research_assistant_20250906_181437.log')}
2025-09-06 18:27:19,069 - DEBUG - 1 change detected: {(<Change.modified: 2>, 'E:\\Next JS\\researchbot\\backend\\logs\\research_assistant_20250906_181437.log')}
2025-09-06 18:27:19,533 - DEBUG - 1 change detected: {(<Change.modified: 2>, 'E:\\Next JS\\researchbot\\backend\\logs\\research_assistant_20250906_181437.log')}
2025-09-06 18:27:19,945 - DEBUG - 1 change detected: {(<Change.modified: 2>, 'E:\\Next JS\\researchbot\\backend\\logs\\research_assistant_20250906_181437.log')}
2025-09-06 18:27:20,445 - DEBUG - 1 change detected: {(<Change.modified: 2>, 'E:\\Next JS\\researchbot\\backend\\logs\\research_assistant_20250906_181437.log')}
2025-09-06 18:27:20,861 - DEBUG - 1 change detected: {(<Change.modified: 2>, 'E:\\Next JS\\researchbot\\backend\\logs\\research_assistant_20250906_181437.log')}
2025-09-06 18:27:21,231 - DEBUG - 1 change detected: {(<Change.modified: 2>, 'E:\\Next JS\\researchbot\\backend\\logs\\research_assistant_20250906_181437.log')}
2025-09-06 18:27:21,606 - DEBUG - 1 change detected: {(<Change.modified: 2>, 'E:\\Next JS\\researchbot\\backend\\logs\\research_assistant_20250906_181437.log')}
2025-09-06 18:27:22,076 - DEBUG - 1 change detected: {(<Change.modified: 2>, 'E:\\Next JS\\researchbot\\backend\\logs\\research_assistant_20250906_181437.log')}
2025-09-06 18:27:22,609 - DEBUG - 1 change detected: {(<Change.modified: 2>, 'E:\\Next JS\\researchbot\\backend\\logs\\research_assistant_20250906_181437.log')}
2025-09-06 18:27:23,007 - DEBUG - 1 change detected: {(<Change.modified: 2>, 'E:\\Next JS\\researchbot\\backend\\logs\\research_assistant_20250906_181437.log')}
2025-09-06 18:27:23,390 - DEBUG - 1 change detected: {(<Change.modified: 2>, 'E:\\Next JS\\researchbot\\backend\\logs\\research_assistant_20250906_181437.log')}
2025-09-06 18:27:23,801 - DEBUG - 1 change detected: {(<Change.modified: 2>, 'E:\\Next JS\\researchbot\\backend\\logs\\research_assistant_20250906_181437.log')}
2025-09-06 18:27:24,210 - DEBUG - 1 change detected: {(<Change.modified: 2>, 'E:\\Next JS\\researchbot\\backend\\logs\\research_assistant_20250906_181437.log')}
2025-09-06 18:27:24,635 - DEBUG - 1 change detected: {(<Change.modified: 2>, 'E:\\Next JS\\researchbot\\backend\\logs\\research_assistant_20250906_181437.log')}
2025-09-06 18:27:25,073 - DEBUG - 1 change detected: {(<Change.modified: 2>, 'E:\\Next JS\\researchbot\\backend\\logs\\research_assistant_20250906_181437.log')}
2025-09-06 18:27:25,495 - DEBUG - 1 change detected: {(<Change.modified: 2>, 'E:\\Next JS\\researchbot\\backend\\logs\\research_assistant_20250906_181437.log')}
2025-09-06 18:27:25,904 - DEBUG - 1 change detected: {(<Change.modified: 2>, 'E:\\Next JS\\researchbot\\backend\\logs\\research_assistant_20250906_181437.log')}
2025-09-06 18:27:26,382 - DEBUG - 1 change detected: {(<Change.modified: 2>, 'E:\\Next JS\\researchbot\\backend\\logs\\research_assistant_20250906_181437.log')}
2025-09-06 18:27:26,798 - DEBUG - 1 change detected: {(<Change.modified: 2>, 'E:\\Next JS\\researchbot\\backend\\logs\\research_assistant_20250906_181437.log')}
2025-09-06 18:27:27,212 - DEBUG - 1 change detected: {(<Change.modified: 2>, 'E:\\Next JS\\researchbot\\backend\\logs\\research_assistant_20250906_181437.log')}
2025-09-06 18:27:27,622 - DEBUG - 1 change detected: {(<Change.modified: 2>, 'E:\\Next JS\\researchbot\\backend\\logs\\research_assistant_20250906_181437.log')}
2025-09-06 18:27:27,988 - DEBUG - 1 change detected: {(<Change.modified: 2>, 'E:\\Next JS\\researchbot\\backend\\logs\\research_assistant_20250906_181437.log')}
2025-09-06 18:27:28,423 - DEBUG - 1 change detected: {(<Change.modified: 2>, 'E:\\Next JS\\researchbot\\backend\\logs\\research_assistant_20250906_181437.log')}
2025-09-06 18:27:28,841 - DEBUG - 1 change detected: {(<Change.modified: 2>, 'E:\\Next JS\\researchbot\\backend\\logs\\research_assistant_20250906_181437.log')}
2025-09-06 18:27:29,253 - DEBUG - 1 change detected: {(<Change.modified: 2>, 'E:\\Next JS\\researchbot\\backend\\logs\\research_assistant_20250906_181437.log')}
2025-09-06 18:27:29,671 - DEBUG - 1 change detected: {(<Change.modified: 2>, 'E:\\Next JS\\researchbot\\backend\\logs\\research_assistant_20250906_181437.log')}
2025-09-06 18:27:30,044 - DEBUG - 1 change detected: {(<Change.modified: 2>, 'E:\\Next JS\\researchbot\\backend\\logs\\research_assistant_20250906_181437.log')}
2025-09-06 18:27:30,501 - DEBUG - 1 change detected: {(<Change.modified: 2>, 'E:\\Next JS\\researchbot\\backend\\logs\\research_assistant_20250906_181437.log')}
2025-09-06 18:27:30,864 - DEBUG - 1 change detected: {(<Change.modified: 2>, 'E:\\Next JS\\researchbot\\backend\\logs\\research_assistant_20250906_181437.log')}
2025-09-06 18:27:31,269 - DEBUG - 1 change detected: {(<Change.modified: 2>, 'E:\\Next JS\\researchbot\\backend\\logs\\research_assistant_20250906_181437.log')}
2025-09-06 18:27:31,687 - DEBUG - 1 change detected: {(<Change.modified: 2>, 'E:\\Next JS\\researchbot\\backend\\logs\\research_assistant_20250906_181437.log')}
2025-09-06 18:27:32,189 - DEBUG - 1 change detected: {(<Change.modified: 2>, 'E:\\Next JS\\researchbot\\backend\\logs\\research_assistant_20250906_181437.log')}
2025-09-06 18:27:32,585 - DEBUG - 1 change detected: {(<Change.modified: 2>, 'E:\\Next JS\\researchbot\\backend\\logs\\research_assistant_20250906_181437.log')}
2025-09-06 18:27:33,000 - DEBUG - 1 change detected: {(<Change.modified: 2>, 'E:\\Next JS\\researchbot\\backend\\logs\\research_assistant_20250906_181437.log')}
2025-09-06 18:27:33,370 - DEBUG - 1 change detected: {(<Change.modified: 2>, 'E:\\Next JS\\researchbot\\backend\\logs\\research_assistant_20250906_181437.log')}
2025-09-06 18:27:33,789 - DEBUG - 1 change detected: {(<Change.modified: 2>, 'E:\\Next JS\\researchbot\\backend\\logs\\research_assistant_20250906_181437.log')}
2025-09-06 18:27:34,252 - DEBUG - 1 change detected: {(<Change.modified: 2>, 'E:\\Next JS\\researchbot\\backend\\logs\\research_assistant_20250906_181437.log')}
2025-09-06 18:27:34,613 - DEBUG - 1 change detected: {(<Change.modified: 2>, 'E:\\Next JS\\researchbot\\backend\\logs\\research_assistant_20250906_181437.log')}
2025-09-06 18:27:35,037 - DEBUG - 1 change detected: {(<Change.modified: 2>, 'E:\\Next JS\\researchbot\\backend\\logs\\research_assistant_20250906_181437.log')}
2025-09-06 18:27:35,462 - DEBUG - 1 change detected: {(<Change.modified: 2>, 'E:\\Next JS\\researchbot\\backend\\logs\\research_assistant_20250906_181437.log')}
2025-09-06 18:27:35,876 - DEBUG - 1 change detected: {(<Change.modified: 2>, 'E:\\Next JS\\researchbot\\backend\\logs\\research_assistant_20250906_181437.log')}
2025-09-06 18:27:36,299 - DEBUG - 1 change detected: {(<Change.modified: 2>, 'E:\\Next JS\\researchbot\\backend\\logs\\research_assistant_20250906_181437.log')}
2025-09-06 18:27:36,716 - DEBUG - 1 change detected: {(<Change.modified: 2>, 'E:\\Next JS\\researchbot\\backend\\logs\\research_assistant_20250906_181437.log')}
2025-09-06 18:27:37,127 - DEBUG - 1 change detected: {(<Change.modified: 2>, 'E:\\Next JS\\researchbot\\backend\\logs\\research_assistant_20250906_181437.log')}
2025-09-06 18:27:38,472 - DEBUG - 1 change detected: {(<Change.modified: 2>, 'E:\\Next JS\\researchbot\\backend\\logs\\research_assistant_20250906_181437.log')}
2025-09-06 18:27:38,872 - DEBUG - 1 change detected: {(<Change.modified: 2>, 'E:\\Next JS\\researchbot\\backend\\logs\\research_assistant_20250906_181437.log')}
2025-09-06 18:27:39,291 - DEBUG - 1 change detected: {(<Change.modified: 2>, 'E:\\Next JS\\researchbot\\backend\\logs\\research_assistant_20250906_181437.log')}
2025-09-06 18:27:39,707 - DEBUG - 1 change detected: {(<Change.modified: 2>, 'E:\\Next JS\\researchbot\\backend\\logs\\research_assistant_20250906_181437.log')}
2025-09-06 18:27:40,069 - DEBUG - 1 change detected: {(<Change.modified: 2>, 'E:\\Next JS\\researchbot\\backend\\logs\\research_assistant_20250906_181437.log')}
2025-09-06 18:27:40,489 - DEBUG - 1 change detected: {(<Change.modified: 2>, 'E:\\Next JS\\researchbot\\backend\\logs\\research_assistant_20250906_181437.log')}
2025-09-06 18:27:40,908 - DEBUG - 1 change detected: {(<Change.modified: 2>, 'E:\\Next JS\\researchbot\\backend\\logs\\research_assistant_20250906_181437.log')}
2025-09-06 18:27:41,320 - DEBUG - 1 change detected: {(<Change.modified: 2>, 'E:\\Next JS\\researchbot\\backend\\logs\\research_assistant_20250906_181437.log')}
2025-09-06 18:27:41,688 - DEBUG - 1 change detected: {(<Change.modified: 2>, 'E:\\Next JS\\researchbot\\backend\\logs\\research_assistant_20250906_181437.log')}
2025-09-06 18:27:42,103 - DEBUG - 1 change detected: {(<Change.modified: 2>, 'E:\\Next JS\\researchbot\\backend\\logs\\research_assistant_20250906_181437.log')}
2025-09-06 18:27:42,936 - DEBUG - 1 change detected: {(<Change.modified: 2>, 'E:\\Next JS\\researchbot\\backend\\logs\\research_assistant_20250906_181437.log')}
2025-09-06 18:27:43,308 - DEBUG - 1 change detected: {(<Change.modified: 2>, 'E:\\Next JS\\researchbot\\backend\\logs\\research_assistant_20250906_181437.log')}
2025-09-06 18:27:43,723 - DEBUG - 1 change detected: {(<Change.modified: 2>, 'E:\\Next JS\\researchbot\\backend\\logs\\research_assistant_20250906_181437.log')}
2025-09-06 18:27:44,140 - DEBUG - 1 change detected: {(<Change.modified: 2>, 'E:\\Next JS\\researchbot\\backend\\logs\\research_assistant_20250906_181437.log')}
2025-09-06 18:27:44,549 - DEBUG - 1 change detected: {(<Change.modified: 2>, 'E:\\Next JS\\researchbot\\backend\\logs\\research_assistant_20250906_181437.log')}
2025-09-06 18:27:45,117 - DEBUG - 1 change detected: {(<Change.modified: 2>, 'E:\\Next JS\\researchbot\\backend\\logs\\research_assistant_20250906_181437.log')}
2025-09-06 18:27:45,875 - DEBUG - 1 change detected: {(<Change.modified: 2>, 'E:\\Next JS\\researchbot\\backend\\logs\\research_assistant_20250906_181437.log')}
2025-09-06 18:27:46,307 - DEBUG - 1 change detected: {(<Change.modified: 2>, 'E:\\Next JS\\researchbot\\backend\\logs\\research_assistant_20250906_181437.log')}
2025-09-06 18:27:46,718 - DEBUG - 1 change detected: {(<Change.modified: 2>, 'E:\\Next JS\\researchbot\\backend\\logs\\research_assistant_20250906_181437.log')}
2025-09-06 18:27:47,131 - DEBUG - 1 change detected: {(<Change.modified: 2>, 'E:\\Next JS\\researchbot\\backend\\logs\\research_assistant_20250906_181437.log')}
2025-09-06 18:27:47,547 - DEBUG - 1 change detected: {(<Change.modified: 2>, 'E:\\Next JS\\researchbot\\backend\\logs\\research_assistant_20250906_181437.log')}
2025-09-06 18:27:47,925 - DEBUG - 1 change detected: {(<Change.modified: 2>, 'E:\\Next JS\\researchbot\\backend\\logs\\research_assistant_20250906_181437.log')}
2025-09-06 18:27:48,330 - DEBUG - 1 change detected: {(<Change.modified: 2>, 'E:\\Next JS\\researchbot\\backend\\logs\\research_assistant_20250906_181437.log')}
2025-09-06 18:27:48,773 - DEBUG - 1 change detected: {(<Change.modified: 2>, 'E:\\Next JS\\researchbot\\backend\\logs\\research_assistant_20250906_181437.log')}
2025-09-06 18:27:49,250 - DEBUG - 1 change detected: {(<Change.modified: 2>, 'E:\\Next JS\\researchbot\\backend\\logs\\research_assistant_20250906_181437.log')}
2025-09-06 18:27:49,678 - DEBUG - 1 change detected: {(<Change.modified: 2>, 'E:\\Next JS\\researchbot\\backend\\logs\\research_assistant_20250906_181437.log')}
2025-09-06 18:27:50,107 - DEBUG - 1 change detected: {(<Change.modified: 2>, 'E:\\Next JS\\researchbot\\backend\\logs\\research_assistant_20250906_181437.log')}
2025-09-06 18:27:50,485 - DEBUG - 1 change detected: {(<Change.modified: 2>, 'E:\\Next JS\\researchbot\\backend\\logs\\research_assistant_20250906_181437.log')}
2025-09-06 18:27:50,908 - DEBUG - 1 change detected: {(<Change.modified: 2>, 'E:\\Next JS\\researchbot\\backend\\logs\\research_assistant_20250906_181437.log')}
2025-09-06 18:27:51,334 - DEBUG - 1 change detected: {(<Change.modified: 2>, 'E:\\Next JS\\researchbot\\backend\\logs\\research_assistant_20250906_181437.log')}
2025-09-06 18:27:51,747 - DEBUG - 1 change detected: {(<Change.modified: 2>, 'E:\\Next JS\\researchbot\\backend\\logs\\research_assistant_20250906_181437.log')}
2025-09-06 18:27:52,180 - DEBUG - 1 change detected: {(<Change.modified: 2>, 'E:\\Next JS\\researchbot\\backend\\logs\\research_assistant_20250906_181437.log')}
2025-09-06 18:27:52,595 - DEBUG - 1 change detected: {(<Change.modified: 2>, 'E:\\Next JS\\researchbot\\backend\\logs\\research_assistant_20250906_181437.log')}
2025-09-06 18:27:53,046 - DEBUG - 1 change detected: {(<Change.modified: 2>, 'E:\\Next JS\\researchbot\\backend\\logs\\research_assistant_20250906_181437.log')}
2025-09-06 18:27:53,492 - DEBUG - 1 change detected: {(<Change.modified: 2>, 'E:\\Next JS\\researchbot\\backend\\logs\\research_assistant_20250906_181437.log')}
2025-09-06 18:27:53,866 - DEBUG - 1 change detected: {(<Change.modified: 2>, 'E:\\Next JS\\researchbot\\backend\\logs\\research_assistant_20250906_181437.log')}
2025-09-06 18:27:54,292 - DEBUG - 1 change detected: {(<Change.modified: 2>, 'E:\\Next JS\\researchbot\\backend\\logs\\research_assistant_20250906_181437.log')}
2025-09-06 18:27:54,704 - DEBUG - 1 change detected: {(<Change.modified: 2>, 'E:\\Next JS\\researchbot\\backend\\logs\\research_assistant_20250906_181437.log')}
2025-09-06 18:27:55,125 - DEBUG - 1 change detected: {(<Change.modified: 2>, 'E:\\Next JS\\researchbot\\backend\\logs\\research_assistant_20250906_181437.log')}
2025-09-06 18:27:55,543 - DEBUG - 1 change detected: {(<Change.modified: 2>, 'E:\\Next JS\\researchbot\\backend\\logs\\research_assistant_20250906_181437.log')}
2025-09-06 18:27:55,909 - DEBUG - 1 change detected: {(<Change.modified: 2>, 'E:\\Next JS\\researchbot\\backend\\logs\\research_assistant_20250906_181437.log')}
2025-09-06 18:27:56,319 - DEBUG - 1 change detected: {(<Change.modified: 2>, 'E:\\Next JS\\researchbot\\backend\\logs\\research_assistant_20250906_181437.log')}
2025-09-06 18:27:56,735 - DEBUG - 1 change detected: {(<Change.modified: 2>, 'E:\\Next JS\\researchbot\\backend\\logs\\research_assistant_20250906_181437.log')}
2025-09-06 18:27:57,152 - DEBUG - 1 change detected: {(<Change.modified: 2>, 'E:\\Next JS\\researchbot\\backend\\logs\\research_assistant_20250906_181437.log')}
2025-09-06 18:27:57,561 - DEBUG - 1 change detected: {(<Change.modified: 2>, 'E:\\Next JS\\researchbot\\backend\\logs\\research_assistant_20250906_181437.log')}
2025-09-06 18:27:57,983 - DEBUG - 1 change detected: {(<Change.modified: 2>, 'E:\\Next JS\\researchbot\\backend\\logs\\research_assistant_20250906_181437.log')}
2025-09-06 18:27:58,402 - DEBUG - 1 change detected: {(<Change.modified: 2>, 'E:\\Next JS\\researchbot\\backend\\logs\\research_assistant_20250906_181437.log')}
2025-09-06 18:27:58,809 - DEBUG - 1 change detected: {(<Change.modified: 2>, 'E:\\Next JS\\researchbot\\backend\\logs\\research_assistant_20250906_181437.log')}
2025-09-06 18:27:59,277 - DEBUG - 1 change detected: {(<Change.modified: 2>, 'E:\\Next JS\\researchbot\\backend\\logs\\research_assistant_20250906_181437.log')}
2025-09-06 18:27:59,722 - DEBUG - 1 change detected: {(<Change.modified: 2>, 'E:\\Next JS\\researchbot\\backend\\logs\\research_assistant_20250906_181437.log')}
2025-09-06 18:28:00,177 - DEBUG - 1 change detected: {(<Change.modified: 2>, 'E:\\Next JS\\researchbot\\backend\\logs\\research_assistant_20250906_181437.log')}
2025-09-06 18:28:00,598 - DEBUG - 1 change detected: {(<Change.modified: 2>, 'E:\\Next JS\\researchbot\\backend\\logs\\research_assistant_20250906_181437.log')}
2025-09-06 18:28:01,015 - DEBUG - 1 change detected: {(<Change.modified: 2>, 'E:\\Next JS\\researchbot\\backend\\logs\\research_assistant_20250906_181437.log')}
2025-09-06 18:28:01,426 - DEBUG - 1 change detected: {(<Change.modified: 2>, 'E:\\Next JS\\researchbot\\backend\\logs\\research_assistant_20250906_181437.log')}
2025-09-06 18:28:01,815 - DEBUG - 1 change detected: {(<Change.modified: 2>, 'E:\\Next JS\\researchbot\\backend\\logs\\research_assistant_20250906_181437.log')}
2025-09-06 18:28:02,290 - DEBUG - 1 change detected: {(<Change.modified: 2>, 'E:\\Next JS\\researchbot\\backend\\logs\\research_assistant_20250906_181437.log')}
2025-09-06 18:28:02,691 - DEBUG - 1 change detected: {(<Change.modified: 2>, 'E:\\Next JS\\researchbot\\backend\\logs\\research_assistant_20250906_181437.log')}
2025-09-06 18:28:03,109 - DEBUG - 1 change detected: {(<Change.modified: 2>, 'E:\\Next JS\\researchbot\\backend\\logs\\research_assistant_20250906_181437.log')}
2025-09-06 18:28:03,531 - DEBUG - 1 change detected: {(<Change.modified: 2>, 'E:\\Next JS\\researchbot\\backend\\logs\\research_assistant_20250906_181437.log')}
2025-09-06 18:28:03,958 - DEBUG - 1 change detected: {(<Change.modified: 2>, 'E:\\Next JS\\researchbot\\backend\\logs\\research_assistant_20250906_181437.log')}
2025-09-06 18:28:04,363 - DEBUG - 1 change detected: {(<Change.modified: 2>, 'E:\\Next JS\\researchbot\\backend\\logs\\research_assistant_20250906_181437.log')}
2025-09-06 18:28:04,775 - DEBUG - 1 change detected: {(<Change.modified: 2>, 'E:\\Next JS\\researchbot\\backend\\logs\\research_assistant_20250906_181437.log')}
2025-09-06 18:28:05,199 - DEBUG - 1 change detected: {(<Change.modified: 2>, 'E:\\Next JS\\researchbot\\backend\\logs\\research_assistant_20250906_181437.log')}
2025-09-06 18:28:05,561 - DEBUG - 1 change detected: {(<Change.modified: 2>, 'E:\\Next JS\\researchbot\\backend\\logs\\research_assistant_20250906_181437.log')}
2025-09-06 18:28:05,979 - DEBUG - 1 change detected: {(<Change.modified: 2>, 'E:\\Next JS\\researchbot\\backend\\logs\\research_assistant_20250906_181437.log')}
2025-09-06 18:28:06,395 - DEBUG - 1 change detected: {(<Change.modified: 2>, 'E:\\Next JS\\researchbot\\backend\\logs\\research_assistant_20250906_181437.log')}
2025-09-06 18:28:06,855 - DEBUG - 1 change detected: {(<Change.modified: 2>, 'E:\\Next JS\\researchbot\\backend\\logs\\research_assistant_20250906_181437.log')}
2025-09-06 18:28:07,286 - DEBUG - 1 change detected: {(<Change.modified: 2>, 'E:\\Next JS\\researchbot\\backend\\logs\\research_assistant_20250906_181437.log')}
2025-09-06 18:28:07,656 - DEBUG - 1 change detected: {(<Change.modified: 2>, 'E:\\Next JS\\researchbot\\backend\\logs\\research_assistant_20250906_181437.log')}
2025-09-06 18:28:08,087 - DEBUG - 1 change detected: {(<Change.modified: 2>, 'E:\\Next JS\\researchbot\\backend\\logs\\research_assistant_20250906_181437.log')}
2025-09-06 18:28:08,505 - DEBUG - 1 change detected: {(<Change.modified: 2>, 'E:\\Next JS\\researchbot\\backend\\logs\\research_assistant_20250906_181437.log')}
2025-09-06 18:28:08,937 - DEBUG - 1 change detected: {(<Change.modified: 2>, 'E:\\Next JS\\researchbot\\backend\\logs\\research_assistant_20250906_181437.log')}
2025-09-06 18:28:09,371 - DEBUG - 1 change detected: {(<Change.modified: 2>, 'E:\\Next JS\\researchbot\\backend\\logs\\research_assistant_20250906_181437.log')}
2025-09-06 18:28:09,734 - DEBUG - 1 change detected: {(<Change.modified: 2>, 'E:\\Next JS\\researchbot\\backend\\logs\\research_assistant_20250906_181437.log')}
2025-09-06 18:28:10,146 - DEBUG - 1 change detected: {(<Change.modified: 2>, 'E:\\Next JS\\researchbot\\backend\\logs\\research_assistant_20250906_181437.log')}
2025-09-06 18:28:10,568 - DEBUG - 1 change detected: {(<Change.modified: 2>, 'E:\\Next JS\\researchbot\\backend\\logs\\research_assistant_20250906_181437.log')}
2025-09-06 18:28:11,030 - DEBUG - 1 change detected: {(<Change.modified: 2>, 'E:\\Next JS\\researchbot\\backend\\logs\\research_assistant_20250906_181437.log')}
2025-09-06 18:28:11,440 - DEBUG - 1 change detected: {(<Change.modified: 2>, 'E:\\Next JS\\researchbot\\backend\\logs\\research_assistant_20250906_181437.log')}
2025-09-06 18:28:11,853 - DEBUG - 1 change detected: {(<Change.modified: 2>, 'E:\\Next JS\\researchbot\\backend\\logs\\research_assistant_20250906_181437.log')}
2025-09-06 18:28:12,229 - DEBUG - 1 change detected: {(<Change.modified: 2>, 'E:\\Next JS\\researchbot\\backend\\logs\\research_assistant_20250906_181437.log')}
2025-09-06 18:28:12,640 - DEBUG - 1 change detected: {(<Change.modified: 2>, 'E:\\Next JS\\researchbot\\backend\\logs\\research_assistant_20250906_181437.log')}
2025-09-06 18:28:14,173 - DEBUG - 1 change detected: {(<Change.modified: 2>, 'E:\\Next JS\\researchbot\\backend\\logs\\research_assistant_20250906_181437.log')}
2025-09-06 18:28:14,622 - DEBUG - 1 change detected: {(<Change.modified: 2>, 'E:\\Next JS\\researchbot\\backend\\logs\\research_assistant_20250906_181437.log')}
2025-09-06 18:28:15,090 - DEBUG - 1 change detected: {(<Change.modified: 2>, 'E:\\Next JS\\researchbot\\backend\\logs\\research_assistant_20250906_181437.log')}
2025-09-06 18:28:15,711 - DEBUG - 1 change detected: {(<Change.modified: 2>, 'E:\\Next JS\\researchbot\\backend\\logs\\research_assistant_20250906_181437.log')}
2025-09-06 18:28:16,405 - DEBUG - 1 change detected: {(<Change.modified: 2>, 'E:\\Next JS\\researchbot\\backend\\logs\\research_assistant_20250906_181437.log')}
2025-09-06 18:28:17,101 - DEBUG - 1 change detected: {(<Change.modified: 2>, 'E:\\Next JS\\researchbot\\backend\\logs\\research_assistant_20250906_181437.log')}
2025-09-06 18:28:17,713 - DEBUG - 1 change detected: {(<Change.modified: 2>, 'E:\\Next JS\\researchbot\\backend\\logs\\research_assistant_20250906_181437.log')}
2025-09-06 18:28:24,768 - DEBUG - 1 change detected: {(<Change.modified: 2>, 'E:\\Next JS\\researchbot\\backend\\logs\\research_assistant_20250906_181437.log')}
2025-09-06 18:28:25,262 - DEBUG - 1 change detected: {(<Change.modified: 2>, 'E:\\Next JS\\researchbot\\backend\\logs\\research_assistant_20250906_181437.log')}
2025-09-06 18:28:25,630 - DEBUG - 1 change detected: {(<Change.modified: 2>, 'E:\\Next JS\\researchbot\\backend\\logs\\research_assistant_20250906_181437.log')}
2025-09-06 18:28:25,984 - DEBUG - 1 change detected: {(<Change.modified: 2>, 'E:\\Next JS\\researchbot\\backend\\logs\\research_assistant_20250906_181437.log')}
2025-09-06 18:28:26,341 - DEBUG - 1 change detected: {(<Change.modified: 2>, 'E:\\Next JS\\researchbot\\backend\\logs\\research_assistant_20250906_181437.log')}
2025-09-06 18:28:26,799 - DEBUG - 1 change detected: {(<Change.modified: 2>, 'E:\\Next JS\\researchbot\\backend\\logs\\research_assistant_20250906_181437.log')}
2025-09-06 18:28:27,161 - DEBUG - 1 change detected: {(<Change.modified: 2>, 'E:\\Next JS\\researchbot\\backend\\logs\\research_assistant_20250906_181437.log')}
2025-09-06 18:28:27,601 - DEBUG - 1 change detected: {(<Change.modified: 2>, 'E:\\Next JS\\researchbot\\backend\\logs\\research_assistant_20250906_181437.log')}
2025-09-06 18:28:27,981 - DEBUG - 1 change detected: {(<Change.modified: 2>, 'E:\\Next JS\\researchbot\\backend\\logs\\research_assistant_20250906_181437.log')}
2025-09-06 18:28:28,429 - DEBUG - 1 change detected: {(<Change.modified: 2>, 'E:\\Next JS\\researchbot\\backend\\logs\\research_assistant_20250906_181437.log')}
2025-09-06 18:28:28,875 - DEBUG - 1 change detected: {(<Change.modified: 2>, 'E:\\Next JS\\researchbot\\backend\\logs\\research_assistant_20250906_181437.log')}
2025-09-06 18:28:29,292 - DEBUG - 1 change detected: {(<Change.modified: 2>, 'E:\\Next JS\\researchbot\\backend\\logs\\research_assistant_20250906_181437.log')}
2025-09-06 18:28:29,710 - DEBUG - 1 change detected: {(<Change.modified: 2>, 'E:\\Next JS\\researchbot\\backend\\logs\\research_assistant_20250906_181437.log')}
2025-09-06 18:28:30,074 - DEBUG - 1 change detected: {(<Change.modified: 2>, 'E:\\Next JS\\researchbot\\backend\\logs\\research_assistant_20250906_181437.log')}
2025-09-06 18:28:30,539 - DEBUG - 1 change detected: {(<Change.modified: 2>, 'E:\\Next JS\\researchbot\\backend\\logs\\research_assistant_20250906_181437.log')}
2025-09-06 18:28:30,957 - DEBUG - 1 change detected: {(<Change.modified: 2>, 'E:\\Next JS\\researchbot\\backend\\logs\\research_assistant_20250906_181437.log')}
2025-09-06 18:28:31,326 - DEBUG - 1 change detected: {(<Change.modified: 2>, 'E:\\Next JS\\researchbot\\backend\\logs\\research_assistant_20250906_181437.log')}
2025-09-06 18:28:31,739 - DEBUG - 1 change detected: {(<Change.modified: 2>, 'E:\\Next JS\\researchbot\\backend\\logs\\research_assistant_20250906_181437.log')}
2025-09-06 18:28:32,157 - DEBUG - 1 change detected: {(<Change.modified: 2>, 'E:\\Next JS\\researchbot\\backend\\logs\\research_assistant_20250906_181437.log')}
2025-09-06 18:28:32,702 - DEBUG - 1 change detected: {(<Change.modified: 2>, 'E:\\Next JS\\researchbot\\backend\\logs\\research_assistant_20250906_181437.log')}
2025-09-06 18:28:33,060 - DEBUG - 1 change detected: {(<Change.modified: 2>, 'E:\\Next JS\\researchbot\\backend\\logs\\research_assistant_20250906_181437.log')}
2025-09-06 18:28:33,469 - DEBUG - 1 change detected: {(<Change.modified: 2>, 'E:\\Next JS\\researchbot\\backend\\logs\\research_assistant_20250906_181437.log')}
2025-09-06 18:28:33,840 - DEBUG - 1 change detected: {(<Change.modified: 2>, 'E:\\Next JS\\researchbot\\backend\\logs\\research_assistant_20250906_181437.log')}
2025-09-06 18:28:34,827 - DEBUG - 1 change detected: {(<Change.modified: 2>, 'E:\\Next JS\\researchbot\\backend\\logs\\research_assistant_20250906_181437.log')}
2025-09-06 18:28:35,234 - DEBUG - 1 change detected: {(<Change.modified: 2>, 'E:\\Next JS\\researchbot\\backend\\logs\\research_assistant_20250906_181437.log')}
2025-09-06 18:28:35,610 - DEBUG - 1 change detected: {(<Change.modified: 2>, 'E:\\Next JS\\researchbot\\backend\\logs\\research_assistant_20250906_181437.log')}
2025-09-06 18:28:36,061 - DEBUG - 1 change detected: {(<Change.modified: 2>, 'E:\\Next JS\\researchbot\\backend\\logs\\research_assistant_20250906_181437.log')}
2025-09-06 18:28:36,422 - DEBUG - 1 change detected: {(<Change.modified: 2>, 'E:\\Next JS\\researchbot\\backend\\logs\\research_assistant_20250906_181437.log')}
2025-09-06 18:28:37,108 - DEBUG - 1 change detected: {(<Change.modified: 2>, 'E:\\Next JS\\researchbot\\backend\\logs\\research_assistant_20250906_181437.log')}
2025-09-06 18:28:38,144 - DEBUG - 1 change detected: {(<Change.modified: 2>, 'E:\\Next JS\\researchbot\\backend\\logs\\research_assistant_20250906_181437.log')}
2025-09-06 18:28:38,765 - DEBUG - 1 change detected: {(<Change.modified: 2>, 'E:\\Next JS\\researchbot\\backend\\logs\\research_assistant_20250906_181437.log')}
2025-09-06 18:28:39,520 - DEBUG - 1 change detected: {(<Change.modified: 2>, 'E:\\Next JS\\researchbot\\backend\\logs\\research_assistant_20250906_181437.log')}
2025-09-06 18:28:39,890 - DEBUG - 1 change detected: {(<Change.modified: 2>, 'E:\\Next JS\\researchbot\\backend\\logs\\research_assistant_20250906_181437.log')}
2025-09-06 18:28:40,248 - DEBUG - 1 change detected: {(<Change.modified: 2>, 'E:\\Next JS\\researchbot\\backend\\logs\\research_assistant_20250906_181437.log')}
2025-09-06 18:28:40,942 - DEBUG - 1 change detected: {(<Change.modified: 2>, 'E:\\Next JS\\researchbot\\backend\\logs\\research_assistant_20250906_181437.log')}
2025-09-06 18:28:41,399 - DEBUG - 1 change detected: {(<Change.modified: 2>, 'E:\\Next JS\\researchbot\\backend\\logs\\research_assistant_20250906_181437.log')}
2025-09-06 18:28:41,801 - DEBUG - 1 change detected: {(<Change.modified: 2>, 'E:\\Next JS\\researchbot\\backend\\logs\\research_assistant_20250906_181437.log')}
2025-09-06 18:28:42,160 - DEBUG - 1 change detected: {(<Change.modified: 2>, 'E:\\Next JS\\researchbot\\backend\\logs\\research_assistant_20250906_181437.log')}
2025-09-06 18:28:42,521 - DEBUG - 1 change detected: {(<Change.modified: 2>, 'E:\\Next JS\\researchbot\\backend\\logs\\research_assistant_20250906_181437.log')}
2025-09-06 18:28:42,935 - DEBUG - 1 change detected: {(<Change.modified: 2>, 'E:\\Next JS\\researchbot\\backend\\logs\\research_assistant_20250906_181437.log')}
2025-09-06 18:28:43,444 - DEBUG - 1 change detected: {(<Change.modified: 2>, 'E:\\Next JS\\researchbot\\backend\\logs\\research_assistant_20250906_181437.log')}
2025-09-06 18:28:44,050 - DEBUG - 1 change detected: {(<Change.modified: 2>, 'E:\\Next JS\\researchbot\\backend\\logs\\research_assistant_20250906_181437.log')}
2025-09-06 18:28:44,424 - DEBUG - 1 change detected: {(<Change.modified: 2>, 'E:\\Next JS\\researchbot\\backend\\logs\\research_assistant_20250906_181437.log')}
2025-09-06 18:28:44,840 - DEBUG - 1 change detected: {(<Change.modified: 2>, 'E:\\Next JS\\researchbot\\backend\\logs\\research_assistant_20250906_181437.log')}
2025-09-06 18:28:45,256 - DEBUG - 1 change detected: {(<Change.modified: 2>, 'E:\\Next JS\\researchbot\\backend\\logs\\research_assistant_20250906_181437.log')}
2025-09-06 18:28:45,864 - DEBUG - 1 change detected: {(<Change.modified: 2>, 'E:\\Next JS\\researchbot\\backend\\logs\\research_assistant_20250906_181437.log')}
2025-09-06 18:28:46,497 - DEBUG - 1 change detected: {(<Change.modified: 2>, 'E:\\Next JS\\researchbot\\backend\\logs\\research_assistant_20250906_181437.log')}
2025-09-06 18:28:47,227 - DEBUG - 1 change detected: {(<Change.modified: 2>, 'E:\\Next JS\\researchbot\\backend\\logs\\research_assistant_20250906_181437.log')}
2025-09-06 18:28:47,863 - DEBUG - 1 change detected: {(<Change.modified: 2>, 'E:\\Next JS\\researchbot\\backend\\logs\\research_assistant_20250906_181437.log')}
2025-09-06 18:28:48,397 - DEBUG - 1 change detected: {(<Change.modified: 2>, 'E:\\Next JS\\researchbot\\backend\\logs\\research_assistant_20250906_181437.log')}
2025-09-06 18:28:48,756 - DEBUG - 1 change detected: {(<Change.modified: 2>, 'E:\\Next JS\\researchbot\\backend\\logs\\research_assistant_20250906_181437.log')}
2025-09-06 18:28:49,109 - DEBUG - 1 change detected: {(<Change.modified: 2>, 'E:\\Next JS\\researchbot\\backend\\logs\\research_assistant_20250906_181437.log')}
2025-09-06 18:28:49,491 - DEBUG - 1 change detected: {(<Change.modified: 2>, 'E:\\Next JS\\researchbot\\backend\\logs\\research_assistant_20250906_181437.log')}
2025-09-06 18:28:49,945 - DEBUG - 1 change detected: {(<Change.modified: 2>, 'E:\\Next JS\\researchbot\\backend\\logs\\research_assistant_20250906_181437.log')}
2025-09-06 18:28:50,308 - DEBUG - 1 change detected: {(<Change.modified: 2>, 'E:\\Next JS\\researchbot\\backend\\logs\\research_assistant_20250906_181437.log')}
2025-09-06 18:28:50,744 - DEBUG - 1 change detected: {(<Change.modified: 2>, 'E:\\Next JS\\researchbot\\backend\\logs\\research_assistant_20250906_181437.log')}
2025-09-06 18:28:51,123 - DEBUG - 1 change detected: {(<Change.modified: 2>, 'E:\\Next JS\\researchbot\\backend\\logs\\research_assistant_20250906_181437.log')}
2025-09-06 18:28:51,534 - DEBUG - 1 change detected: {(<Change.modified: 2>, 'E:\\Next JS\\researchbot\\backend\\logs\\research_assistant_20250906_181437.log')}
2025-09-06 18:28:51,949 - DEBUG - 1 change detected: {(<Change.modified: 2>, 'E:\\Next JS\\researchbot\\backend\\logs\\research_assistant_20250906_181437.log')}
2025-09-06 18:28:52,312 - DEBUG - 1 change detected: {(<Change.modified: 2>, 'E:\\Next JS\\researchbot\\backend\\logs\\research_assistant_20250906_181437.log')}
2025-09-06 18:28:52,795 - DEBUG - 1 change detected: {(<Change.modified: 2>, 'E:\\Next JS\\researchbot\\backend\\logs\\research_assistant_20250906_181437.log')}
2025-09-06 18:28:53,208 - DEBUG - 1 change detected: {(<Change.modified: 2>, 'E:\\Next JS\\researchbot\\backend\\logs\\research_assistant_20250906_181437.log')}
2025-09-06 18:28:53,629 - DEBUG - 1 change detected: {(<Change.modified: 2>, 'E:\\Next JS\\researchbot\\backend\\logs\\research_assistant_20250906_181437.log')}
2025-09-06 18:28:54,250 - DEBUG - 1 change detected: {(<Change.modified: 2>, 'E:\\Next JS\\researchbot\\backend\\logs\\research_assistant_20250906_181437.log')}
2025-09-06 18:28:54,983 - DEBUG - 1 change detected: {(<Change.modified: 2>, 'E:\\Next JS\\researchbot\\backend\\logs\\research_assistant_20250906_181437.log')}
2025-09-06 18:28:55,336 - DEBUG - 1 change detected: {(<Change.modified: 2>, 'E:\\Next JS\\researchbot\\backend\\logs\\research_assistant_20250906_181437.log')}
2025-09-06 18:28:55,884 - DEBUG - 1 change detected: {(<Change.modified: 2>, 'E:\\Next JS\\researchbot\\backend\\logs\\research_assistant_20250906_181437.log')}
2025-09-06 18:28:57,421 - DEBUG - 1 change detected: {(<Change.modified: 2>, 'E:\\Next JS\\researchbot\\backend\\logs\\research_assistant_20250906_181437.log')}
2025-09-06 18:28:58,099 - DEBUG - 1 change detected: {(<Change.modified: 2>, 'E:\\Next JS\\researchbot\\backend\\logs\\research_assistant_20250906_181437.log')}
2025-09-06 18:28:58,821 - DEBUG - 1 change detected: {(<Change.modified: 2>, 'E:\\Next JS\\researchbot\\backend\\logs\\research_assistant_20250906_181437.log')}
2025-09-06 18:28:59,304 - DEBUG - 1 change detected: {(<Change.modified: 2>, 'E:\\Next JS\\researchbot\\backend\\logs\\research_assistant_20250906_181437.log')}
2025-09-06 18:28:59,663 - DEBUG - 1 change detected: {(<Change.modified: 2>, 'E:\\Next JS\\researchbot\\backend\\logs\\research_assistant_20250906_181437.log')}
2025-09-06 18:29:00,028 - DEBUG - 1 change detected: {(<Change.modified: 2>, 'E:\\Next JS\\researchbot\\backend\\logs\\research_assistant_20250906_181437.log')}
2025-09-06 18:29:00,386 - DEBUG - 1 change detected: {(<Change.modified: 2>, 'E:\\Next JS\\researchbot\\backend\\logs\\research_assistant_20250906_181437.log')}
2025-09-06 18:29:00,829 - DEBUG - 1 change detected: {(<Change.modified: 2>, 'E:\\Next JS\\researchbot\\backend\\logs\\research_assistant_20250906_181437.log')}
2025-09-06 18:29:01,246 - DEBUG - 1 change detected: {(<Change.modified: 2>, 'E:\\Next JS\\researchbot\\backend\\logs\\research_assistant_20250906_181437.log')}
2025-09-06 18:29:01,650 - DEBUG - 1 change detected: {(<Change.modified: 2>, 'E:\\Next JS\\researchbot\\backend\\logs\\research_assistant_20250906_181437.log')}
2025-09-06 18:29:02,022 - DEBUG - 1 change detected: {(<Change.modified: 2>, 'E:\\Next JS\\researchbot\\backend\\logs\\research_assistant_20250906_181437.log')}
2025-09-06 18:29:02,439 - DEBUG - 1 change detected: {(<Change.modified: 2>, 'E:\\Next JS\\researchbot\\backend\\logs\\research_assistant_20250906_181437.log')}
2025-09-06 18:29:02,849 - DEBUG - 1 change detected: {(<Change.modified: 2>, 'E:\\Next JS\\researchbot\\backend\\logs\\research_assistant_20250906_181437.log')}
2025-09-06 18:29:03,270 - DEBUG - 1 change detected: {(<Change.modified: 2>, 'E:\\Next JS\\researchbot\\backend\\logs\\research_assistant_20250906_181437.log')}
2025-09-06 18:29:03,646 - DEBUG - 1 change detected: {(<Change.modified: 2>, 'E:\\Next JS\\researchbot\\backend\\logs\\research_assistant_20250906_181437.log')}
2025-09-06 18:29:04,077 - DEBUG - 1 change detected: {(<Change.modified: 2>, 'E:\\Next JS\\researchbot\\backend\\logs\\research_assistant_20250906_181437.log')}
2025-09-06 18:29:04,440 - DEBUG - 1 change detected: {(<Change.modified: 2>, 'E:\\Next JS\\researchbot\\backend\\logs\\research_assistant_20250906_181437.log')}
2025-09-06 18:29:04,853 - DEBUG - 1 change detected: {(<Change.modified: 2>, 'E:\\Next JS\\researchbot\\backend\\logs\\research_assistant_20250906_181437.log')}
2025-09-06 18:29:05,274 - DEBUG - 1 change detected: {(<Change.modified: 2>, 'E:\\Next JS\\researchbot\\backend\\logs\\research_assistant_20250906_181437.log')}
2025-09-06 18:29:05,703 - DEBUG - 1 change detected: {(<Change.modified: 2>, 'E:\\Next JS\\researchbot\\backend\\logs\\research_assistant_20250906_181437.log')}
2025-09-06 18:29:06,077 - DEBUG - 1 change detected: {(<Change.modified: 2>, 'E:\\Next JS\\researchbot\\backend\\logs\\research_assistant_20250906_181437.log')}
2025-09-06 18:29:06,493 - DEBUG - 1 change detected: {(<Change.modified: 2>, 'E:\\Next JS\\researchbot\\backend\\logs\\research_assistant_20250906_181437.log')}
2025-09-06 18:29:06,909 - DEBUG - 1 change detected: {(<Change.modified: 2>, 'E:\\Next JS\\researchbot\\backend\\logs\\research_assistant_20250906_181437.log')}
2025-09-06 18:29:07,351 - DEBUG - 1 change detected: {(<Change.modified: 2>, 'E:\\Next JS\\researchbot\\backend\\logs\\research_assistant_20250906_181437.log')}
2025-09-06 18:29:07,709 - DEBUG - 1 change detected: {(<Change.modified: 2>, 'E:\\Next JS\\researchbot\\backend\\logs\\research_assistant_20250906_181437.log')}
2025-09-06 18:29:08,133 - DEBUG - 1 change detected: {(<Change.modified: 2>, 'E:\\Next JS\\researchbot\\backend\\logs\\research_assistant_20250906_181437.log')}
2025-09-06 18:29:08,541 - DEBUG - 1 change detected: {(<Change.modified: 2>, 'E:\\Next JS\\researchbot\\backend\\logs\\research_assistant_20250906_181437.log')}
2025-09-06 18:29:08,959 - DEBUG - 1 change detected: {(<Change.modified: 2>, 'E:\\Next JS\\researchbot\\backend\\logs\\research_assistant_20250906_181437.log')}
2025-09-06 18:29:09,374 - DEBUG - 1 change detected: {(<Change.modified: 2>, 'E:\\Next JS\\researchbot\\backend\\logs\\research_assistant_20250906_181437.log')}
2025-09-06 18:29:09,789 - DEBUG - 1 change detected: {(<Change.modified: 2>, 'E:\\Next JS\\researchbot\\backend\\logs\\research_assistant_20250906_181437.log')}
2025-09-06 18:29:10,143 - DEBUG - 1 change detected: {(<Change.modified: 2>, 'E:\\Next JS\\researchbot\\backend\\logs\\research_assistant_20250906_181437.log')}
2025-09-06 18:29:10,562 - DEBUG - 1 change detected: {(<Change.modified: 2>, 'E:\\Next JS\\researchbot\\backend\\logs\\research_assistant_20250906_181437.log')}
2025-09-06 18:29:10,999 - DEBUG - 1 change detected: {(<Change.modified: 2>, 'E:\\Next JS\\researchbot\\backend\\logs\\research_assistant_20250906_181437.log')}
2025-09-06 18:29:11,362 - DEBUG - 1 change detected: {(<Change.modified: 2>, 'E:\\Next JS\\researchbot\\backend\\logs\\research_assistant_20250906_181437.log')}
2025-09-06 18:29:11,771 - DEBUG - 1 change detected: {(<Change.modified: 2>, 'E:\\Next JS\\researchbot\\backend\\logs\\research_assistant_20250906_181437.log')}
2025-09-06 18:29:12,176 - DEBUG - 1 change detected: {(<Change.modified: 2>, 'E:\\Next JS\\researchbot\\backend\\logs\\research_assistant_20250906_181437.log')}
2025-09-06 18:29:12,589 - DEBUG - 1 change detected: {(<Change.modified: 2>, 'E:\\Next JS\\researchbot\\backend\\logs\\research_assistant_20250906_181437.log')}
2025-09-06 18:29:12,951 - DEBUG - 1 change detected: {(<Change.modified: 2>, 'E:\\Next JS\\researchbot\\backend\\logs\\research_assistant_20250906_181437.log')}
2025-09-06 18:29:13,367 - DEBUG - 1 change detected: {(<Change.modified: 2>, 'E:\\Next JS\\researchbot\\backend\\logs\\research_assistant_20250906_181437.log')}
2025-09-06 18:29:13,792 - DEBUG - 1 change detected: {(<Change.modified: 2>, 'E:\\Next JS\\researchbot\\backend\\logs\\research_assistant_20250906_181437.log')}
2025-09-06 18:29:14,204 - DEBUG - 1 change detected: {(<Change.modified: 2>, 'E:\\Next JS\\researchbot\\backend\\logs\\research_assistant_20250906_181437.log')}
2025-09-06 18:29:14,616 - DEBUG - 1 change detected: {(<Change.modified: 2>, 'E:\\Next JS\\researchbot\\backend\\logs\\research_assistant_20250906_181437.log')}
2025-09-06 18:29:14,973 - DEBUG - 1 change detected: {(<Change.modified: 2>, 'E:\\Next JS\\researchbot\\backend\\logs\\research_assistant_20250906_181437.log')}
2025-09-06 18:29:15,558 - DEBUG - 1 change detected: {(<Change.modified: 2>, 'E:\\Next JS\\researchbot\\backend\\logs\\research_assistant_20250906_181437.log')}
2025-09-06 18:29:16,388 - DEBUG - 1 change detected: {(<Change.modified: 2>, 'E:\\Next JS\\researchbot\\backend\\logs\\research_assistant_20250906_181437.log')}
2025-09-06 18:29:16,812 - DEBUG - 1 change detected: {(<Change.modified: 2>, 'E:\\Next JS\\researchbot\\backend\\logs\\research_assistant_20250906_181437.log')}
2025-09-06 18:29:17,183 - DEBUG - 1 change detected: {(<Change.modified: 2>, 'E:\\Next JS\\researchbot\\backend\\logs\\research_assistant_20250906_181437.log')}
2025-09-06 18:29:17,549 - DEBUG - 1 change detected: {(<Change.modified: 2>, 'E:\\Next JS\\researchbot\\backend\\logs\\research_assistant_20250906_181437.log')}
2025-09-06 18:29:18,056 - DEBUG - 1 change detected: {(<Change.modified: 2>, 'E:\\Next JS\\researchbot\\backend\\logs\\research_assistant_20250906_181437.log')}
2025-09-06 18:29:18,495 - DEBUG - 1 change detected: {(<Change.modified: 2>, 'E:\\Next JS\\researchbot\\backend\\logs\\research_assistant_20250906_181437.log')}
2025-09-06 18:29:18,928 - DEBUG - 1 change detected: {(<Change.modified: 2>, 'E:\\Next JS\\researchbot\\backend\\logs\\research_assistant_20250906_181437.log')}
2025-09-06 18:29:19,295 - DEBUG - 1 change detected: {(<Change.modified: 2>, 'E:\\Next JS\\researchbot\\backend\\logs\\research_assistant_20250906_181437.log')}
2025-09-06 18:29:19,722 - DEBUG - 1 change detected: {(<Change.modified: 2>, 'E:\\Next JS\\researchbot\\backend\\logs\\research_assistant_20250906_181437.log')}
2025-09-06 18:29:20,149 - DEBUG - 1 change detected: {(<Change.modified: 2>, 'E:\\Next JS\\researchbot\\backend\\logs\\research_assistant_20250906_181437.log')}
2025-09-06 18:29:20,560 - DEBUG - 1 change detected: {(<Change.modified: 2>, 'E:\\Next JS\\researchbot\\backend\\logs\\research_assistant_20250906_181437.log')}
2025-09-06 18:29:20,971 - DEBUG - 1 change detected: {(<Change.modified: 2>, 'E:\\Next JS\\researchbot\\backend\\logs\\research_assistant_20250906_181437.log')}
2025-09-06 18:29:21,416 - DEBUG - 1 change detected: {(<Change.modified: 2>, 'E:\\Next JS\\researchbot\\backend\\logs\\research_assistant_20250906_181437.log')}
2025-09-06 18:29:21,824 - DEBUG - 1 change detected: {(<Change.modified: 2>, 'E:\\Next JS\\researchbot\\backend\\logs\\research_assistant_20250906_181437.log')}
2025-09-06 18:29:22,233 - DEBUG - 1 change detected: {(<Change.modified: 2>, 'E:\\Next JS\\researchbot\\backend\\logs\\research_assistant_20250906_181437.log')}
2025-09-06 18:29:22,644 - DEBUG - 1 change detected: {(<Change.modified: 2>, 'E:\\Next JS\\researchbot\\backend\\logs\\research_assistant_20250906_181437.log')}
2025-09-06 18:29:23,068 - DEBUG - 1 change detected: {(<Change.modified: 2>, 'E:\\Next JS\\researchbot\\backend\\logs\\research_assistant_20250906_181437.log')}
2025-09-06 18:29:23,488 - DEBUG - 1 change detected: {(<Change.modified: 2>, 'E:\\Next JS\\researchbot\\backend\\logs\\research_assistant_20250906_181437.log')}
2025-09-06 18:29:23,854 - DEBUG - 1 change detected: {(<Change.modified: 2>, 'E:\\Next JS\\researchbot\\backend\\logs\\research_assistant_20250906_181437.log')}
2025-09-06 18:29:24,271 - DEBUG - 1 change detected: {(<Change.modified: 2>, 'E:\\Next JS\\researchbot\\backend\\logs\\research_assistant_20250906_181437.log')}
2025-09-06 18:29:24,693 - DEBUG - 1 change detected: {(<Change.modified: 2>, 'E:\\Next JS\\researchbot\\backend\\logs\\research_assistant_20250906_181437.log')}
2025-09-06 18:29:25,105 - DEBUG - 1 change detected: {(<Change.modified: 2>, 'E:\\Next JS\\researchbot\\backend\\logs\\research_assistant_20250906_181437.log')}
2025-09-06 18:29:25,470 - DEBUG - 1 change detected: {(<Change.modified: 2>, 'E:\\Next JS\\researchbot\\backend\\logs\\research_assistant_20250906_181437.log')}
2025-09-06 18:29:25,903 - DEBUG - 1 change detected: {(<Change.modified: 2>, 'E:\\Next JS\\researchbot\\backend\\logs\\research_assistant_20250906_181437.log')}
2025-09-06 18:29:26,279 - DEBUG - 1 change detected: {(<Change.modified: 2>, 'E:\\Next JS\\researchbot\\backend\\logs\\research_assistant_20250906_181437.log')}
2025-09-06 18:29:26,710 - DEBUG - 1 change detected: {(<Change.modified: 2>, 'E:\\Next JS\\researchbot\\backend\\logs\\research_assistant_20250906_181437.log')}
2025-09-06 18:29:27,075 - DEBUG - 1 change detected: {(<Change.modified: 2>, 'E:\\Next JS\\researchbot\\backend\\logs\\research_assistant_20250906_181437.log')}
2025-09-06 18:29:27,504 - DEBUG - 1 change detected: {(<Change.modified: 2>, 'E:\\Next JS\\researchbot\\backend\\logs\\research_assistant_20250906_181437.log')}
2025-09-06 18:29:27,935 - DEBUG - 1 change detected: {(<Change.modified: 2>, 'E:\\Next JS\\researchbot\\backend\\logs\\research_assistant_20250906_181437.log')}
2025-09-06 18:29:28,315 - DEBUG - 1 change detected: {(<Change.modified: 2>, 'E:\\Next JS\\researchbot\\backend\\logs\\research_assistant_20250906_181437.log')}
2025-09-06 18:29:28,726 - DEBUG - 1 change detected: {(<Change.modified: 2>, 'E:\\Next JS\\researchbot\\backend\\logs\\research_assistant_20250906_181437.log')}
2025-09-06 18:29:29,097 - DEBUG - 1 change detected: {(<Change.modified: 2>, 'E:\\Next JS\\researchbot\\backend\\logs\\research_assistant_20250906_181437.log')}
2025-09-06 18:29:29,499 - DEBUG - 1 change detected: {(<Change.modified: 2>, 'E:\\Next JS\\researchbot\\backend\\logs\\research_assistant_20250906_181437.log')}
2025-09-06 18:29:29,906 - DEBUG - 1 change detected: {(<Change.modified: 2>, 'E:\\Next JS\\researchbot\\backend\\logs\\research_assistant_20250906_181437.log')}
2025-09-06 18:29:30,334 - DEBUG - 1 change detected: {(<Change.modified: 2>, 'E:\\Next JS\\researchbot\\backend\\logs\\research_assistant_20250906_181437.log')}
2025-09-06 18:29:30,713 - DEBUG - 1 change detected: {(<Change.modified: 2>, 'E:\\Next JS\\researchbot\\backend\\logs\\research_assistant_20250906_181437.log')}
2025-09-06 18:29:31,144 - DEBUG - 1 change detected: {(<Change.modified: 2>, 'E:\\Next JS\\researchbot\\backend\\logs\\research_assistant_20250906_181437.log')}
2025-09-06 18:29:31,514 - DEBUG - 1 change detected: {(<Change.modified: 2>, 'E:\\Next JS\\researchbot\\backend\\logs\\research_assistant_20250906_181437.log')}
2025-09-06 18:29:31,934 - DEBUG - 1 change detected: {(<Change.modified: 2>, 'E:\\Next JS\\researchbot\\backend\\logs\\research_assistant_20250906_181437.log')}
2025-09-06 18:29:32,302 - DEBUG - 1 change detected: {(<Change.modified: 2>, 'E:\\Next JS\\researchbot\\backend\\logs\\research_assistant_20250906_181437.log')}
2025-09-06 18:29:32,730 - DEBUG - 1 change detected: {(<Change.modified: 2>, 'E:\\Next JS\\researchbot\\backend\\logs\\research_assistant_20250906_181437.log')}
2025-09-06 18:29:33,151 - DEBUG - 1 change detected: {(<Change.modified: 2>, 'E:\\Next JS\\researchbot\\backend\\logs\\research_assistant_20250906_181437.log')}
2025-09-06 18:29:33,531 - DEBUG - 1 change detected: {(<Change.modified: 2>, 'E:\\Next JS\\researchbot\\backend\\logs\\research_assistant_20250906_181437.log')}
2025-09-06 18:29:33,941 - DEBUG - 1 change detected: {(<Change.modified: 2>, 'E:\\Next JS\\researchbot\\backend\\logs\\research_assistant_20250906_181437.log')}
2025-09-06 18:29:34,384 - DEBUG - 1 change detected: {(<Change.modified: 2>, 'E:\\Next JS\\researchbot\\backend\\logs\\research_assistant_20250906_181437.log')}
2025-09-06 18:29:34,808 - DEBUG - 1 change detected: {(<Change.modified: 2>, 'E:\\Next JS\\researchbot\\backend\\logs\\research_assistant_20250906_181437.log')}
2025-09-06 18:29:35,227 - DEBUG - 1 change detected: {(<Change.modified: 2>, 'E:\\Next JS\\researchbot\\backend\\logs\\research_assistant_20250906_181437.log')}
2025-09-06 18:29:35,590 - DEBUG - 1 change detected: {(<Change.modified: 2>, 'E:\\Next JS\\researchbot\\backend\\logs\\research_assistant_20250906_181437.log')}
2025-09-06 18:29:36,540 - DEBUG - 1 change detected: {(<Change.modified: 2>, 'E:\\Next JS\\researchbot\\backend\\logs\\research_assistant_20250906_181437.log')}
2025-09-06 18:29:36,919 - DEBUG - 1 change detected: {(<Change.modified: 2>, 'E:\\Next JS\\researchbot\\backend\\logs\\research_assistant_20250906_181437.log')}
2025-09-06 18:29:37,284 - DEBUG - 1 change detected: {(<Change.modified: 2>, 'E:\\Next JS\\researchbot\\backend\\logs\\research_assistant_20250906_181437.log')}
2025-09-06 18:29:37,885 - DEBUG - 1 change detected: {(<Change.modified: 2>, 'E:\\Next JS\\researchbot\\backend\\logs\\research_assistant_20250906_181437.log')}
2025-09-06 18:29:38,266 - DEBUG - 1 change detected: {(<Change.modified: 2>, 'E:\\Next JS\\researchbot\\backend\\logs\\research_assistant_20250906_181437.log')}
2025-09-06 18:29:38,699 - DEBUG - 1 change detected: {(<Change.modified: 2>, 'E:\\Next JS\\researchbot\\backend\\logs\\research_assistant_20250906_181437.log')}
2025-09-06 18:29:39,069 - DEBUG - 1 change detected: {(<Change.modified: 2>, 'E:\\Next JS\\researchbot\\backend\\logs\\research_assistant_20250906_181437.log')}
2025-09-06 18:29:39,490 - DEBUG - 1 change detected: {(<Change.modified: 2>, 'E:\\Next JS\\researchbot\\backend\\logs\\research_assistant_20250906_181437.log')}
2025-09-06 18:29:40,212 - DEBUG - 1 change detected: {(<Change.modified: 2>, 'E:\\Next JS\\researchbot\\backend\\logs\\research_assistant_20250906_181437.log')}
2025-09-06 18:29:40,588 - DEBUG - 1 change detected: {(<Change.modified: 2>, 'E:\\Next JS\\researchbot\\backend\\logs\\research_assistant_20250906_181437.log')}
2025-09-06 18:29:40,952 - DEBUG - 1 change detected: {(<Change.modified: 2>, 'E:\\Next JS\\researchbot\\backend\\logs\\research_assistant_20250906_181437.log')}
2025-09-06 18:29:41,383 - DEBUG - 1 change detected: {(<Change.modified: 2>, 'E:\\Next JS\\researchbot\\backend\\logs\\research_assistant_20250906_181437.log')}
2025-09-06 18:29:41,757 - DEBUG - 1 change detected: {(<Change.modified: 2>, 'E:\\Next JS\\researchbot\\backend\\logs\\research_assistant_20250906_181437.log')}
2025-09-06 18:29:42,159 - DEBUG - 1 change detected: {(<Change.modified: 2>, 'E:\\Next JS\\researchbot\\backend\\logs\\research_assistant_20250906_181437.log')}
2025-09-06 18:29:42,583 - DEBUG - 1 change detected: {(<Change.modified: 2>, 'E:\\Next JS\\researchbot\\backend\\logs\\research_assistant_20250906_181437.log')}
2025-09-06 18:29:42,944 - DEBUG - 1 change detected: {(<Change.modified: 2>, 'E:\\Next JS\\researchbot\\backend\\logs\\research_assistant_20250906_181437.log')}
2025-09-06 18:29:43,372 - DEBUG - 1 change detected: {(<Change.modified: 2>, 'E:\\Next JS\\researchbot\\backend\\logs\\research_assistant_20250906_181437.log')}
2025-09-06 18:29:43,807 - DEBUG - 1 change detected: {(<Change.modified: 2>, 'E:\\Next JS\\researchbot\\backend\\logs\\research_assistant_20250906_181437.log')}
2025-09-06 18:29:44,183 - DEBUG - 1 change detected: {(<Change.modified: 2>, 'E:\\Next JS\\researchbot\\backend\\logs\\research_assistant_20250906_181437.log')}
2025-09-06 18:29:44,609 - DEBUG - 1 change detected: {(<Change.modified: 2>, 'E:\\Next JS\\researchbot\\backend\\logs\\research_assistant_20250906_181437.log')}
2025-09-06 18:29:44,974 - DEBUG - 1 change detected: {(<Change.modified: 2>, 'E:\\Next JS\\researchbot\\backend\\logs\\research_assistant_20250906_181437.log')}
2025-09-06 18:29:45,414 - DEBUG - 1 change detected: {(<Change.modified: 2>, 'E:\\Next JS\\researchbot\\backend\\logs\\research_assistant_20250906_181437.log')}
2025-09-06 18:29:45,775 - DEBUG - 1 change detected: {(<Change.modified: 2>, 'E:\\Next JS\\researchbot\\backend\\logs\\research_assistant_20250906_181437.log')}
2025-09-06 18:29:46,205 - DEBUG - 1 change detected: {(<Change.modified: 2>, 'E:\\Next JS\\researchbot\\backend\\logs\\research_assistant_20250906_181437.log')}
2025-09-06 18:29:46,574 - DEBUG - 1 change detected: {(<Change.modified: 2>, 'E:\\Next JS\\researchbot\\backend\\logs\\research_assistant_20250906_181437.log')}
2025-09-06 18:29:47,013 - DEBUG - 1 change detected: {(<Change.modified: 2>, 'E:\\Next JS\\researchbot\\backend\\logs\\research_assistant_20250906_181437.log')}
2025-09-06 18:29:47,388 - DEBUG - 1 change detected: {(<Change.modified: 2>, 'E:\\Next JS\\researchbot\\backend\\logs\\research_assistant_20250906_181437.log')}
2025-09-06 18:29:47,828 - DEBUG - 1 change detected: {(<Change.modified: 2>, 'E:\\Next JS\\researchbot\\backend\\logs\\research_assistant_20250906_181437.log')}
2025-09-06 18:29:48,200 - DEBUG - 1 change detected: {(<Change.modified: 2>, 'E:\\Next JS\\researchbot\\backend\\logs\\research_assistant_20250906_181437.log')}
2025-09-06 18:29:48,635 - DEBUG - 1 change detected: {(<Change.modified: 2>, 'E:\\Next JS\\researchbot\\backend\\logs\\research_assistant_20250906_181437.log')}
2025-09-06 18:29:49,004 - DEBUG - 1 change detected: {(<Change.modified: 2>, 'E:\\Next JS\\researchbot\\backend\\logs\\research_assistant_20250906_181437.log')}
2025-09-06 18:29:49,442 - DEBUG - 1 change detected: {(<Change.modified: 2>, 'E:\\Next JS\\researchbot\\backend\\logs\\research_assistant_20250906_181437.log')}
2025-09-06 18:29:49,812 - DEBUG - 1 change detected: {(<Change.modified: 2>, 'E:\\Next JS\\researchbot\\backend\\logs\\research_assistant_20250906_181437.log')}
2025-09-06 18:29:50,234 - DEBUG - 1 change detected: {(<Change.modified: 2>, 'E:\\Next JS\\researchbot\\backend\\logs\\research_assistant_20250906_181437.log')}
2025-09-06 18:29:50,606 - DEBUG - 1 change detected: {(<Change.modified: 2>, 'E:\\Next JS\\researchbot\\backend\\logs\\research_assistant_20250906_181437.log')}
2025-09-06 18:29:51,027 - DEBUG - 1 change detected: {(<Change.modified: 2>, 'E:\\Next JS\\researchbot\\backend\\logs\\research_assistant_20250906_181437.log')}
2025-09-06 18:29:51,407 - DEBUG - 1 change detected: {(<Change.modified: 2>, 'E:\\Next JS\\researchbot\\backend\\logs\\research_assistant_20250906_181437.log')}
2025-09-06 18:29:51,828 - DEBUG - 1 change detected: {(<Change.modified: 2>, 'E:\\Next JS\\researchbot\\backend\\logs\\research_assistant_20250906_181437.log')}
2025-09-06 18:29:52,186 - DEBUG - 1 change detected: {(<Change.modified: 2>, 'E:\\Next JS\\researchbot\\backend\\logs\\research_assistant_20250906_181437.log')}
2025-09-06 18:29:52,604 - DEBUG - 1 change detected: {(<Change.modified: 2>, 'E:\\Next JS\\researchbot\\backend\\logs\\research_assistant_20250906_181437.log')}
2025-09-06 18:29:53,034 - DEBUG - 1 change detected: {(<Change.modified: 2>, 'E:\\Next JS\\researchbot\\backend\\logs\\research_assistant_20250906_181437.log')}
2025-09-06 18:29:53,449 - DEBUG - 1 change detected: {(<Change.modified: 2>, 'E:\\Next JS\\researchbot\\backend\\logs\\research_assistant_20250906_181437.log')}
